-- DB/Orgrimmar Map: 1 (Kalimdor) Zone: 1637 (Orgrimmar)

SET @CGUID := 9016900;
SET @OGUID := 9016900;

-- creature
DELETE FROM `creature` WHERE `guid` BETWEEN @CGUID+1 AND @CGUID+315;
INSERT INTO `creature` (`guid`, `id`, `map`, `zoneId`, `areaId`, `spawnDifficulties`, `phaseUseFlags`, `PhaseId`, `PhaseGroup`, `terrainSwapMap`, `modelid`, `equipment_id`, `position_x`, `position_y`, `position_z`, `orientation`, `spawntimesecs`, `wander_distance`, `currentwaypoint`, `curHealthPct`, `MovementType`, `npcflag`, `unit_flags`, `unit_flags2`, `unit_flags3`, `ScriptName`, `StringId`, `VerifiedBuild`) VALUES 
(@CGUID+1, 1420, 1, 1637, 0, '0', 0, 0, 0, -1, 0, 0, 1890.45, -4315.84, 23.9915, 1.01671, 120, 0, 0, 100, 0, NULL, NULL, NULL, NULL, '', NULL, 59466),
(@CGUID+2, 1420, 1, 1637, 0, '0', 0, 0, 0, -1, 0, 0, 1925.96, -4292.59, 24.7062, 5.03622, 120, 0, 0, 100, 0, NULL, NULL, NULL, NULL, '', NULL, 59466),
(@CGUID+3, 42594, 1, 1637, 5332, '0', 0, 0, 0, -1, 0, 0, 1504.47, -4384.5, 23.374, 1.51518, 120, 0, 0, 100, 0, NULL, NULL, NULL, NULL, '', NULL, 59466),
(@CGUID+4, 49743, 1, 1637, 1637, '0', 0, 0, 0, -1, 0, 0, 1518.67, -4485.95, 71.6129, 4.65385, 120, 10, 0, 100, 1, NULL, NULL, NULL, NULL, '', NULL, 59466),
(@CGUID+5, 49743, 1, 1637, 1637, '0', 0, 0, 0, -1, 0, 0, 1515.27, -4455.97, 25.1461, 4.43751, 120, 10, 0, 100, 1, NULL, NULL, NULL, NULL, '', NULL, 59466),
(@CGUID+6, 49743, 1, 1637, 1637, '0', 0, 0, 0, -1, 0, 0, 1516.99, -4379.13, 21.0478, 5.99251, 120, 10, 0, 100, 1, NULL, NULL, NULL, NULL, '', NULL, 59466),
(@CGUID+7, 49743, 1, 1637, 5170, '0', 0, 0, 0, -1, 0, 0, 1558.06, -4390.57, 16.9479, 1.54009, 120, 10, 0, 100, 1, NULL, NULL, NULL, NULL, '', NULL, 59466),
(@CGUID+8, 49743, 1, 1637, 5170, '0', 0, 0, 0, -1, 0, 0, 1564.37, -4384.03, 16.5463, 4.71704, 120, 10, 0, 100, 1, NULL, NULL, NULL, NULL, '', NULL, 59466),
(@CGUID+9, 49743, 1, 1637, 0, '0', 0, 0, 0, -1, 0, 0, 1564.06, -4312.5, 23.2606, 4.71239, 120, 0, 0, 100, 0, NULL, NULL, NULL, NULL, '', NULL, 59466),
(@CGUID+10, 49743, 1, 1637, 5170, '0', 0, 0, 0, -1, 0, 0, 1676.08, -4318.39, 21.2922, 0.632749, 120, 10, 0, 100, 1, NULL, NULL, NULL, NULL, '', NULL, 59466),
(@CGUID+11, 49743, 1, 1637, 5170, '0', 0, 0, 0, -1, 0, 0, 1571.93, -4288.71, 92.3634, 0.849409, 120, 10, 0, 100, 1, NULL, NULL, NULL, NULL, '', NULL, 59466),
(@CGUID+12, 49743, 1, 1637, 5170, '0', 0, 0, 0, -1, 0, 0, 1681.86, -4278.1, 27.6284, 2.3859, 120, 10, 0, 100, 1, NULL, NULL, NULL, NULL, '', NULL, 59466),
(@CGUID+13, 49743, 1, 1637, 5170, '0', 0, 0, 0, -1, 0, 0, 1638.3, -4460.96, 97.6566, 0.194881, 120, 10, 0, 100, 1, NULL, NULL, NULL, NULL, '', NULL, 59466),
(@CGUID+14, 49743, 1, 1637, 5170, '0', 0, 0, 0, -1, 0, 0, 1606.04, -4214.35, 54.0173, 3.25245, 120, 10, 0, 100, 1, NULL, NULL, NULL, NULL, '', NULL, 59466),
(@CGUID+15, 49743, 1, 1637, 5332, '0', 0, 0, 0, -1, 0, 0, 1739.62, -4237.4, 100.044, 1.24476, 120, 0, 0, 100, 0, NULL, NULL, NULL, NULL, '', NULL, 59466),
(@CGUID+16, 49743, 1, 1637, 5332, '0', 0, 0, 0, -1, 0, 0, 1745.17, -4239.59, 100.282, 2.35709, 120, 0, 0, 100, 0, NULL, NULL, NULL, NULL, '', NULL, 59466),
(@CGUID+17, 49743, 1, 1637, 0, '0', 0, 0, 0, -1, 0, 0, 2094.38, -4354.48, 97.5047, 2.30412, 120, 0, 0, 100, 0, NULL, NULL, NULL, NULL, '', NULL, 59466),
(@CGUID+18, 49743, 1, 1637, 0, '0', 0, 0, 0, -1, 0, 0, 2090.03, -4383.89, 96.0894, 3.10647, 120, 0, 0, 100, 0, NULL, NULL, NULL, NULL, '', NULL, 59466),
(@CGUID+19, 49743, 1, 1637, 0, '0', 0, 0, 0, -1, 0, 0, 2073.24, -4301.09, 96.6307, 3.43065, 120, 0, 0, 100, 0, NULL, NULL, NULL, NULL, '', NULL, 59466),
(@CGUID+20, 49743, 1, 1637, 0, '0', 0, 0, 0, -1, 0, 0, 2017.64, -4279.95, 96.114, 5.34017, 120, 0, 0, 100, 0, NULL, NULL, NULL, NULL, '', NULL, 59466),
(@CGUID+21, 49743, 1, 1637, 0, '0', 0, 0, 0, -1, 0, 0, 2080.52, -4311.01, 99.2052, 2.81486, 120, 0, 0, 100, 0, NULL, NULL, NULL, NULL, '', NULL, 59466),
(@CGUID+22, 49743, 1, 1637, 5429, '0', 0, 0, 0, -1, 0, 0, 2042.49, -4215.84, 101.46, 3.10198, 120, 0, 0, 100, 0, NULL, NULL, NULL, NULL, '', NULL, 59466),
(@CGUID+23, 49743, 1, 1637, 5429, '0', 0, 0, 0, -1, 0, 0, 2032.17, -4231.69, 96.3773, 6.22536, 120, 0, 0, 100, 0, NULL, NULL, NULL, NULL, '', NULL, 59466),
-- (@CGUID+24, 49743, 1, 14, 4982, '0', 0, 0, 0, -1, 0, 0, 1341.97, -4977.82, 2.39986, 1.5747, 120, 10, 0, 100, 1, NULL, NULL, NULL, NULL, '', NULL, 59466),
-- (@CGUID+25, 49743, 1, 14, 4982, '0', 0, 0, 0, -1, 0, 0, 1265.11, -4913.88, 9.81279, 5.21882, 120, 10, 0, 100, 1, NULL, NULL, NULL, NULL, '', NULL, 59466),
(@CGUID+26, 61369, 1, 1637, 0, '0', 0, 0, 0, -1, 0, 0, 1898.27, -4316.02, 24.3024, 5.91138, 120, 0, 0, 100, 0, NULL, NULL, NULL, NULL, '', NULL, 59466),
(@CGUID+27, 62114, 1, 1637, 5170, '0', 0, 0, 0, -1, 0, 0, 1603.79, -4446.46, 13.3555, 2.94691, 120, 10, 0, 100, 1, NULL, NULL, NULL, NULL, '', NULL, 59466),
(@CGUID+28, 62114, 1, 1637, 0, '0', 0, 0, 0, -1, 0, 0, 1603.45, -4338.61, 21.1202, 2.54659, 120, 10, 0, 100, 1, NULL, NULL, NULL, NULL, '', NULL, 59466),
(@CGUID+29, 62114, 1, 1637, 5170, '0', 0, 0, 0, -1, 0, 0, 1675.5, -4463.75, 97.9132, 2.66899, 120, 10, 0, 100, 1, NULL, NULL, NULL, NULL, '', NULL, 59466),
(@CGUID+30, 62114, 1, 1637, 5170, '0', 0, 0, 0, -1, 0, 0, 1615.52, -4216.27, 53.7819, 6.21767, 120, 10, 0, 100, 1, NULL, NULL, NULL, NULL, '', NULL, 59466),
(@CGUID+31, 62114, 1, 1637, 5332, '0', 0, 0, 0, -1, 0, 0, 1777.6, -4279.53, 101.051, 6.14547, 120, 0, 0, 100, 0, NULL, NULL, NULL, NULL, '', NULL, 59466),
(@CGUID+32, 62114, 1, 1637, 0, '0', 0, 0, 0, -1, 0, 0, 2002.75, -4342.01, 93.4684, 2.26909, 120, 0, 0, 100, 0, NULL, NULL, NULL, NULL, '', NULL, 59466),
(@CGUID+33, 62114, 1, 1637, 0, '0', 0, 0, 0, -1, 0, 0, 2035.25, -4176.99, 109.884, 3.20583, 120, 10, 0, 100, 1, NULL, NULL, NULL, NULL, '', NULL, 59466),
-- (@CGUID+34, 62114, 1, 14, 4982, '0', 0, 0, 0, -1, 0, 0, 1489.63, -4922.55, 3.36552, 5.43765, 120, 10, 0, 100, 1, NULL, NULL, NULL, NULL, '', NULL, 59466),
-- (@CGUID+35, 62114, 1, 14, 4982, '0', 0, 0, 0, -1, 0, 0, 1310.16, -4998.18, 0.993552, 5.47209, 120, 0, 0, 100, 0, NULL, NULL, NULL, NULL, '', NULL, 59466),
(@CGUID+36, 62115, 1, 1637, 1637, '0', 0, 0, 0, -1, 0, 0, 1508.43, -4460.04, 27.1592, 1.34715, 120, 10, 0, 100, 1, NULL, NULL, NULL, NULL, '', NULL, 59466),
(@CGUID+37, 62115, 1, 1637, 1637, '0', 0, 0, 0, -1, 0, 0, 1583.8, -4467.43, 75.5547, 4.94825, 120, 10, 0, 100, 1, NULL, NULL, NULL, NULL, '', NULL, 59466),
(@CGUID+38, 62115, 1, 1637, 5170, '0', 0, 0, 0, -1, 0, 0, 1625, -4317.71, 21.1032, 5.45437, 120, 10, 0, 100, 1, NULL, NULL, NULL, NULL, '', NULL, 59466),
(@CGUID+39, 62115, 1, 1637, 5170, '0', 0, 0, 0, -1, 0, 0, 1729.22, -4432.58, 40.6315, 1.69044, 120, 10, 0, 100, 1, NULL, NULL, NULL, NULL, '', NULL, 59466),
(@CGUID+40, 62115, 1, 1637, 5170, '0', 0, 0, 0, -1, 0, 0, 1654.26, -4500.61, 96.4102, 3.07494, 120, 10, 0, 100, 1, NULL, NULL, NULL, NULL, '', NULL, 59466),
(@CGUID+41, 62115, 1, 1637, 5170, '0', 0, 0, 0, -1, 0, 0, 1672.96, -4495.44, 95.6565, 4.42931, 120, 10, 0, 100, 1, NULL, NULL, NULL, NULL, '', NULL, 59466),
(@CGUID+42, 62115, 1, 1637, 5429, '0', 0, 0, 0, -1, 0, 0, 2105.22, -4360.9, 98.8537, 2.47426, 120, 10, 0, 100, 1, NULL, NULL, NULL, NULL, '', NULL, 59466),
(@CGUID+43, 62115, 1, 1637, 0, '0', 0, 0, 0, -1, 0, 0, 2044.9, -4186.19, 109.627, 4.99486, 120, 0, 0, 100, 0, NULL, NULL, NULL, NULL, '', NULL, 59466),
-- (@CGUID+44, 62115, 1, 14, 4982, '0', 0, 0, 0, -1, 0, 0, 1454.02, -4918.47, 4.99934, 2.71901, 120, 10, 0, 100, 1, NULL, NULL, NULL, NULL, '', NULL, 59466),
(@CGUID+45, 62195, 1, 1637, 1637, '0', 0, 0, 0, -1, 0, 0, 1511.54, -4399.88, 22.7516, 3.87685, 120, 0, 0, 100, 0, NULL, NULL, NULL, NULL, '', NULL, 59466),
(@CGUID+46, 63085, 1, 1637, 5170, '0', 0, 0, 0, -1, 0, 0, 1592.48, -4147.24, 51.8129, 3.86482, 120, 0, 0, 100, 0, NULL, NULL, NULL, NULL, '', NULL, 59466),
(@CGUID+47, 63086, 1, 1637, 5170, '0', 0, 0, 0, -1, 0, 0, 1592.06, -4146.13, 51.8129, 3.24429, 120, 0, 0, 100, 0, NULL, NULL, NULL, NULL, '', NULL, 59466),
(@CGUID+48, 69977, 1, 1637, 5170, '0', 0, 0, 0, -1, 0, 0, 1676.91, -4176.16, 56.386, 3.64611, 120, 0, 0, 100, 0, NULL, NULL, NULL, NULL, '', NULL, 59466),
(@CGUID+49, 69978, 1, 1637, 5170, '0', 0, 0, 0, -1, 0, 0, 1678.22, -4182.45, 56.3988, 3.26213, 120, 0, 0, 100, 0, NULL, NULL, NULL, NULL, '', NULL, 59466),
(@CGUID+50, 72559, 1, 1637, 1637, '0', 0, 0, 0, -1, 0, 0, 1546.48, -4325.49, 26.0594, 1.58825, 120, 10, 0, 100, 1, NULL, NULL, NULL, NULL, '', NULL, 59466),
(@CGUID+51, 72559, 1, 1637, 5170, '0', 0, 0, 0, -1, 0, 0, 1679.15, -4441.36, 22.7472, 3.54302, 120, 0, 0, 100, 0, NULL, NULL, NULL, NULL, '', NULL, 59466),
(@CGUID+52, 72654, 1, 1637, 5170, '0', 0, 0, 0, -1, 0, 0, 1672.38, -4438.51, 21.641, 1.72489, 120, 0, 0, 100, 0, NULL, NULL, NULL, NULL, '', NULL, 59466),
-- (@CGUID+53, 73151, 1, 1637, 5170, '0', 0, 0, 0, -1, 0, 0, 1638.24, -4233.46, 52.2176, 4.4855, 120, 0, 0, 100, 0, NULL, NULL, NULL, NULL, '', NULL, 59466),
-- (@CGUID+54, 74228, 1, 14, 4982, '0', 0, 0, 0, -1, 0, 0, 1484.95, -4425.24, 25.4232, 0.174533, 120, 0, 0, 100, 0, NULL, NULL, NULL, NULL, '', NULL, 59466),
(@CGUID+55, 74228, 1, 1637, 5170, '0', 0, 0, 0, -1, 0, 0, 1578.39, -4395.95, 16.0231, 1.37972, 120, 10, 0, 100, 1, NULL, NULL, NULL, NULL, '', NULL, 59466),
(@CGUID+56, 74228, 1, 1637, 0, '0', 0, 0, 0, -1, 0, 0, 1526.92, -4336.79, 85.9112, 3.67835, 120, 10, 0, 100, 1, NULL, NULL, NULL, NULL, '', NULL, 59466),
(@CGUID+57, 74228, 1, 1637, 0, '0', 0, 0, 0, -1, 0, 0, 1550.95, -4322.51, 26.0445, 2.60054, 120, 0, 0, 100, 0, NULL, NULL, NULL, NULL, '', NULL, 59466),
(@CGUID+58, 74228, 1, 1637, 0, '0', 0, 0, 0, -1, 0, 0, 1540.72, -4320.43, 28.5666, 4.20624, 120, 0, 0, 100, 0, NULL, NULL, NULL, NULL, '', NULL, 59466),
(@CGUID+59, 74228, 1, 1637, 5170, '0', 0, 0, 0, -1, 0, 0, 1673.93, -4433.27, 21.6334, 0.715585, 120, 0, 0, 100, 0, NULL, NULL, NULL, NULL, '', NULL, 59466),
(@CGUID+60, 74228, 1, 1637, 5170, '0', 0, 0, 0, -1, 0, 0, 1675.7, -4431.75, 21.6349, 3.83972, 120, 0, 0, 100, 0, NULL, NULL, NULL, NULL, '', NULL, 59466),
(@CGUID+61, 74228, 1, 1637, 5170, '0', 0, 0, 0, -1, 0, 0, 1635.3, -4144.07, 49.0071, 3.56047, 120, 0, 0, 100, 0, NULL, NULL, NULL, NULL, '', NULL, 59466),
(@CGUID+62, 74228, 1, 1637, 5332, '0', 0, 0, 0, -1, 0, 0, 1646.21, -4130.21, 68.9484, 5.12289, 120, 10, 0, 100, 1, NULL, NULL, NULL, NULL, '', NULL, 59466),
(@CGUID+63, 74228, 1, 1637, 0, '0', 0, 0, 0, -1, 0, 0, 1874.85, -4299.96, 23.1955, 1.84553, 120, 0, 0, 100, 0, NULL, NULL, NULL, NULL, '', NULL, 59466),
(@CGUID+64, 74228, 1, 1637, 0, '0', 0, 0, 0, -1, 0, 0, 1957.69, -4358.68, 106.268, 0.261799, 120, 0, 0, 100, 0, NULL, NULL, NULL, NULL, '', NULL, 59466),
(@CGUID+65, 74228, 1, 1637, 0, '0', 0, 0, 0, -1, 0, 0, 1958.9, -4365.52, 106.268, 0.261799, 120, 0, 0, 100, 0, NULL, NULL, NULL, NULL, '', NULL, 59466),
(@CGUID+66, 88701, 1, 1637, 1637, '0', 0, 0, 0, -1, 0, 0, 1571.3, -4464.18, 23.2507, 5.37561, 120, 0, 0, 100, 0, NULL, NULL, NULL, NULL, '', NULL, 59466),
(@CGUID+67, 88702, 1, 1637, 5170, '0', 0, 0, 0, -1, 0, 0, 1577.87, -4462.8, 16.1197, 5.07891, 120, 0, 0, 100, 0, NULL, NULL, NULL, NULL, '', NULL, 59466),
(@CGUID+68, 88703, 1, 1637, 5170, '0', 0, 0, 0, -1, 0, 0, 1637.11, -4444.76, 17.2011, 2.28638, 120, 10, 0, 100, 1, NULL, NULL, NULL, NULL, '', NULL, 59466),
(@CGUID+69, 89830, 1, 1637, 5170, '0', 0, 0, 0, -1, 0, 0, 1636.59, -4381.39, 21.196, 5.02655, 120, 0, 0, 100, 0, NULL, NULL, NULL, NULL, '', NULL, 59466),
(@CGUID+70, 114131, 1, 1637, 0, '0', 0, 0, 0, -1, 0, 0, 1364.54, -4583.54, 34.411, 3.53734, 120, 0, 0, 100, 0, NULL, NULL, NULL, NULL, '', NULL, 59466),
(@CGUID+71, 114131, 1, 1637, 0, '0', 0, 0, 0, -1, 0, 0, 1380.53, -4605.71, 34.6488, 3.42227, 120, 0, 0, 100, 0, NULL, NULL, NULL, NULL, '', NULL, 59466),
(@CGUID+72, 114131, 1, 1637, 0, '0', 0, 0, 0, -1, 0, 0, 1375.35, -4591.95, 36.344, 3.7177, 120, 0, 0, 100, 0, NULL, NULL, NULL, NULL, '', NULL, 59466),
(@CGUID+73, 114131, 1, 1637, 0, '0', 0, 0, 0, -1, 0, 0, 1360.06, -4570.83, 36.9071, 4.00509, 120, 0, 0, 100, 0, NULL, NULL, NULL, NULL, '', NULL, 59466),
(@CGUID+74, 114131, 1, 1637, 0, '0', 0, 0, 0, -1, 0, 0, 1344.38, -4569.02, 33.331, 4.07268, 120, 0, 0, 100, 0, NULL, NULL, NULL, NULL, '', NULL, 59466),
(@CGUID+75, 114131, 1, 1637, 0, '0', 0, 0, 0, -1, 0, 0, 1384.59, -4633.1, 31.4836, 3.21813, 120, 0, 0, 100, 0, NULL, NULL, NULL, NULL, '', NULL, 59466),
(@CGUID+76, 114131, 1, 1637, 0, '0', 0, 0, 0, -1, 0, 0, 1385.29, -4619.81, 34.263, 3.36464, 120, 0, 0, 100, 0, NULL, NULL, NULL, NULL, '', NULL, 59466),
(@CGUID+77, 130911, 1, 1637, 0, '0', 0, 0, 0, -1, 0, 0, 1847.94, -4390.57, 135.316, 4.9035, 120, 0, 0, 100, 0, NULL, NULL, NULL, NULL, '', NULL, 59466),
(@CGUID+78, 133186, 1, 1637, 0, '0', 0, 0, 0, -1, 0, 0, 1448.67, -4493.93, 18.9705, 4.88936, 120, 0, 0, 100, 0, NULL, NULL, NULL, NULL, '', NULL, 59466),
(@CGUID+79, 133261, 1, 1637, 5170, '0', 0, 0, 0, -1, 0, 0, 1566.02, -4222.45, 53.9548, 1.34114, 120, 0, 0, 100, 0, NULL, NULL, NULL, NULL, '', NULL, 59466),
(@CGUID+80, 133271, 1, 1637, 0, '0', 0, 0, 0, -1, 0, 0, 1932.28, -4296.8, 24.6588, 0.25395, 120, 0, 0, 100, 0, NULL, NULL, NULL, NULL, '', NULL, 59466),
(@CGUID+81, 133407, 1, 1637, 5170, '0', 0, 0, 0, -1, 0, 0, 1564.15, -4191.58, 53.7627, 5.40716, 120, 0, 0, 100, 0, NULL, NULL, NULL, NULL, '', NULL, 59466),
(@CGUID+82, 133523, 1, 1637, 5170, '0', 0, 0, 0, -1, 0, 0, 1545.44, -4163.29, 58.0957, 5.22159, 120, 0, 0, 100, 0, NULL, NULL, NULL, NULL, '', NULL, 59466),
(@CGUID+83, 135201, 1, 1637, 5170, '0', 0, 0, 0, -1, 0, 0, 1661.5, -4347.05, 26.4195, 0, 120, 0, 0, 100, 0, NULL, NULL, NULL, NULL, '', NULL, 59466),
(@CGUID+84, 135202, 1, 1637, 5170, '0', 0, 0, 0, -1, 0, 0, 1578.15, -4456.72, 15.7133, 0, 120, 0, 0, 100, 0, NULL, NULL, NULL, NULL, '', NULL, 59466),
(@CGUID+85, 137762, 1, 1637, 5170, '0', 0, 0, 0, -1, 0, 0, 1578.23, -4456.23, 15.7159, 0, 120, 0, 0, 100, 0, NULL, NULL, NULL, NULL, '', NULL, 59466),
(@CGUID+86, 140462, 1, 1637, 5170, '0', 0, 0, 0, -1, 0, 0, 1600.61, -4127.35, 52.1187, 0.893368, 120, 0, 0, 100, 0, NULL, NULL, NULL, NULL, '', NULL, 59466),
(@CGUID+87, 141528, 1, 1637, 0, '0', 0, 0, 0, -1, 0, 0, 1844.49, -4389.32, 135.316, 4.53387, 120, 0, 0, 100, 0, NULL, NULL, NULL, NULL, '', NULL, 59466),
(@CGUID+88, 141707, 1, 1637, 0, '0', 0, 0, 0, -1, 0, 0, 1340.6, -4391.33, 83.0241, 3.68205, 120, 0, 0, 100, 0, NULL, NULL, NULL, NULL, '', NULL, 59466),
(@CGUID+89, 141707, 1, 1637, 0, '0', 0, 0, 0, -1, 0, 0, 1336.08, -4384.75, 86.5697, 3.77192, 120, 0, 0, 100, 0, NULL, NULL, NULL, NULL, '', NULL, 59466),
(@CGUID+90, 141707, 1, 1637, 0, '0', 0, 0, 0, -1, 0, 0, 1331.62, -4380.16, 86.5746, 3.75861, 120, 0, 0, 100, 0, NULL, NULL, NULL, NULL, '', NULL, 59466),
(@CGUID+91, 141707, 1, 1637, 0, '0', 0, 0, 0, -1, 0, 0, 1340.29, -4384.75, 86.6731, 3.78397, 120, 10, 0, 100, 1, NULL, NULL, NULL, NULL, '', NULL, 59466),
(@CGUID+92, 141707, 1, 1637, 0, '0', 0, 0, 0, -1, 0, 0, 1331.67, -4375.66, 86.5695, 3.75239, 120, 0, 0, 100, 0, NULL, NULL, NULL, NULL, '', NULL, 59466),
(@CGUID+93, 141707, 1, 1637, 0, '0', 0, 0, 0, -1, 0, 0, 1326.77, -4175.76, 164.232, 2.80138, 120, 10, 0, 100, 1, NULL, NULL, NULL, NULL, '', NULL, 59466),
(@CGUID+94, 141707, 1, 1637, 5170, '0', 0, 0, 0, -1, 0, 0, 1335.89, -4208.99, 151.578, 4.98036, 120, 0, 0, 100, 0, NULL, NULL, NULL, NULL, '', NULL, 59466),
(@CGUID+95, 141707, 1, 1637, 5170, '0', 0, 0, 0, -1, 0, 0, 1338.14, -4228.39, 144.634, 4.94836, 120, 0, 0, 100, 0, NULL, NULL, NULL, NULL, '', NULL, 59466),
(@CGUID+96, 141707, 1, 1637, 5170, '0', 0, 0, 0, -1, 0, 0, 1342.41, -4222.9, 145.116, 5.03284, 120, 0, 0, 100, 0, NULL, NULL, NULL, NULL, '', NULL, 59466),
(@CGUID+97, 141707, 1, 1637, 5170, '0', 0, 0, 0, -1, 0, 0, 1347.1, -4281.1, 124.975, 4.92187, 120, 0, 0, 100, 0, NULL, NULL, NULL, NULL, '', NULL, 59466),
(@CGUID+98, 141707, 1, 1637, 5170, '0', 0, 0, 0, -1, 0, 0, 1343.27, -4278.54, 124.975, 4.9106, 120, 0, 0, 100, 0, NULL, NULL, NULL, NULL, '', NULL, 59466),
(@CGUID+99, 141707, 1, 1637, 5170, '0', 0, 0, 0, -1, 0, 0, 1333.69, -4209.48, 151.679, 4.93668, 120, 0, 0, 100, 0, NULL, NULL, NULL, NULL, '', NULL, 59466),
(@CGUID+100, 141707, 1, 1637, 5170, '0', 0, 0, 0, -1, 0, 0, 1335.75, -4208.48, 151.772, 4.98036, 120, 0, 0, 100, 0, NULL, NULL, NULL, NULL, '', NULL, 59466),
(@CGUID+101, 141707, 1, 1637, 5170, '0', 0, 0, 0, -1, 0, 0, 1336.96, -4206.46, 151.779, 5.03284, 120, 0, 0, 100, 0, NULL, NULL, NULL, NULL, '', NULL, 59466),
(@CGUID+102, 141707, 1, 1637, 5170, '0', 0, 0, 0, -1, 0, 0, 1339.13, -4243.55, 138.991, 4.92175, 120, 0, 0, 100, 0, NULL, NULL, NULL, NULL, '', NULL, 59466),
(@CGUID+103, 141707, 1, 1637, 5170, '0', 0, 0, 0, -1, 0, 0, 1335.86, -4241.49, 138.991, 4.91013, 120, 0, 0, 100, 0, NULL, NULL, NULL, NULL, '', NULL, 59466),
(@CGUID+104, 141707, 1, 1637, 5170, '0', 0, 0, 0, -1, 0, 0, 1342.6, -4246.79, 137.779, 4.951, 120, 0, 0, 100, 0, NULL, NULL, NULL, NULL, '', NULL, 59466),
(@CGUID+105, 141707, 1, 1637, 5170, '0', 0, 0, 0, -1, 0, 0, 1344.43, -4242.18, 139.051, 4.94823, 120, 0, 0, 100, 0, NULL, NULL, NULL, NULL, '', NULL, 59466),
(@CGUID+106, 141707, 1, 1637, 5170, '0', 0, 0, 0, -1, 0, 0, 1339.09, -4243.37, 139.06, 4.92165, 120, 0, 0, 100, 0, NULL, NULL, NULL, NULL, '', NULL, 59466),
(@CGUID+107, 141707, 1, 1637, 5170, '0', 0, 0, 0, -1, 0, 0, 1344.9, -4238.66, 139.566, 4.87379, 120, 0, 0, 100, 0, NULL, NULL, NULL, NULL, '', NULL, 59466),
(@CGUID+108, 141707, 1, 1637, 5170, '0', 0, 0, 0, -1, 0, 0, 1335.82, -4241.31, 139.06, 4.9101, 120, 0, 0, 100, 0, NULL, NULL, NULL, NULL, '', NULL, 59466),
(@CGUID+109, 141707, 1, 1637, 5332, '0', 0, 0, 0, -1, 0, 0, 1333.78, -4209.84, 151.543, 4.937, 120, 0, 0, 100, 0, NULL, NULL, NULL, NULL, '', NULL, 59466),
(@CGUID+110, 141707, 1, 1637, 5332, '0', 0, 0, 0, -1, 0, 0, 1335.84, -4208.82, 151.642, 4.98036, 120, 0, 0, 100, 0, NULL, NULL, NULL, NULL, '', NULL, 59466),
(@CGUID+111, 141707, 1, 1637, 5332, '0', 0, 0, 0, -1, 0, 0, 1337.07, -4206.78, 151.65, 5.03284, 120, 0, 0, 100, 0, NULL, NULL, NULL, NULL, '', NULL, 59466),
(@CGUID+112, 141707, 1, 1637, 5332, '0', 0, 0, 0, -1, 0, 0, 1343.19, -4262.73, 131.832, 4.92192, 120, 0, 0, 100, 0, NULL, NULL, NULL, NULL, '', NULL, 59466),
(@CGUID+113, 141707, 1, 1637, 5332, '0', 0, 0, 0, -1, 0, 0, 1339.63, -4260.43, 131.824, 4.91069, 120, 0, 0, 100, 0, NULL, NULL, NULL, NULL, '', NULL, 59466),
(@CGUID+114, 141707, 1, 1637, 5170, '0', 0, 0, 0, -1, 0, 0, 1351.65, -4285.26, 123.45, 4.92899, 120, 0, 0, 100, 0, NULL, NULL, NULL, NULL, '', NULL, 59466),
(@CGUID+115, 141707, 1, 1637, 5170, '0', 0, 0, 0, -1, 0, 0, 1350.97, -4280.17, 125.211, 4.90115, 120, 0, 0, 100, 0, NULL, NULL, NULL, NULL, '', NULL, 59466),
(@CGUID+116, 141707, 1, 1637, 5170, '0', 0, 0, 0, -1, 0, 0, 1347.24, -4281.8, 124.711, 4.92218, 120, 0, 0, 100, 0, NULL, NULL, NULL, NULL, '', NULL, 59466),
(@CGUID+117, 141707, 1, 1637, 5170, '0', 0, 0, 0, -1, 0, 0, 1351.04, -4275.91, 126.37, 4.87172, 120, 0, 0, 100, 0, NULL, NULL, NULL, NULL, '', NULL, 59466),
(@CGUID+118, 141707, 1, 1637, 5170, '0', 0, 0, 0, -1, 0, 0, 1343.4, -4279.24, 124.711, 4.91134, 120, 0, 0, 100, 0, NULL, NULL, NULL, NULL, '', NULL, 59466),
(@CGUID+119, 141707, 1, 1637, 5332, '0', 0, 0, 0, -1, 0, 0, 1338.16, -4228.48, 144.599, 4.9484, 120, 0, 0, 100, 0, NULL, NULL, NULL, NULL, '', NULL, 59466),
(@CGUID+120, 141707, 1, 1637, 5332, '0', 0, 0, 0, -1, 0, 0, 1340.58, -4226.07, 145.073, 4.98036, 120, 0, 0, 100, 0, NULL, NULL, NULL, NULL, '', NULL, 59466),
(@CGUID+121, 141707, 1, 1637, 5332, '0', 0, 0, 0, -1, 0, 0, 1335.65, -4227.23, 145.084, 4.88317, 120, 0, 0, 100, 0, NULL, NULL, NULL, NULL, '', NULL, 59466),
(@CGUID+122, 141707, 1, 1637, 5332, '0', 0, 0, 0, -1, 0, 0, 1342.44, -4222.98, 145.084, 5.03284, 120, 0, 0, 100, 0, NULL, NULL, NULL, NULL, '', NULL, 59466),
(@CGUID+123, 141707, 1, 1637, 5332, '0', 0, 0, 0, -1, 0, 0, 1334.88, -4244.94, 137.532, 4.9017, 120, 0, 0, 100, 0, NULL, NULL, NULL, NULL, '', NULL, 59466),
(@CGUID+124, 141707, 1, 1637, 5332, '0', 0, 0, 0, -1, 0, 0, 1333.95, -4210.61, 151.256, 4.93767, 120, 0, 0, 100, 0, NULL, NULL, NULL, NULL, '', NULL, 59466),
(@CGUID+125, 141707, 1, 1637, 5332, '0', 0, 0, 0, -1, 0, 0, 1336.04, -4209.54, 151.367, 4.98036, 120, 0, 0, 100, 0, NULL, NULL, NULL, NULL, '', NULL, 59466),
(@CGUID+126, 141707, 1, 1637, 5332, '0', 0, 0, 0, -1, 0, 0, 1337.29, -4207.46, 151.375, 5.03284, 120, 0, 0, 100, 0, NULL, NULL, NULL, NULL, '', NULL, 59466),
(@CGUID+127, 141707, 1, 1637, 5332, '0', 0, 0, 0, -1, 0, 0, 1339.15, -4247.54, 137.532, 4.89154, 120, 0, 0, 100, 0, NULL, NULL, NULL, NULL, '', NULL, 59466),
(@CGUID+128, 141707, 1, 1637, 5332, '0', 0, 0, 0, -1, 0, 0, 1337.26, -4207.38, 151.407, 5.03284, 120, 0, 0, 100, 0, NULL, NULL, NULL, NULL, '', NULL, 59466),
(@CGUID+129, 141707, 1, 1637, 5332, '0', 0, 0, 0, -1, 0, 0, 1333.93, -4210.52, 151.289, 4.93759, 120, 0, 0, 100, 0, NULL, NULL, NULL, NULL, '', NULL, 59466),
(@CGUID+130, 141707, 1, 1637, 5332, '0', 0, 0, 0, -1, 0, 0, 1336.02, -4209.45, 151.4, 4.98036, 120, 0, 0, 100, 0, NULL, NULL, NULL, NULL, '', NULL, 59466),
(@CGUID+131, 141707, 1, 1637, 5332, '0', 0, 0, 0, -1, 0, 0, 1339.71, -4260.91, 131.641, 4.9112, 120, 0, 0, 100, 0, NULL, NULL, NULL, NULL, '', NULL, 59466),
(@CGUID+132, 141707, 1, 1637, 5332, '0', 0, 0, 0, -1, 0, 0, 1343.29, -4263.24, 131.641, 4.92213, 120, 0, 0, 100, 0, NULL, NULL, NULL, NULL, '', NULL, 59466),
(@CGUID+133, 141767, 1, 1637, 0, '0', 0, 0, 0, -1, 0, 0, 1354.51, -4450.62, 27.5516, 3.29408, 120, 0, 0, 100, 0, NULL, NULL, NULL, NULL, '', NULL, 59466),
(@CGUID+134, 141767, 1, 1637, 0, '0', 0, 0, 0, -1, 0, 0, 1376.12, -4355.11, 26.316, 3.28801, 120, 0, 0, 100, 0, NULL, NULL, NULL, NULL, '', NULL, 59466),
(@CGUID+135, 141767, 1, 1637, 0, '0', 0, 0, 0, -1, 0, 0, 1379.79, -4385.98, 26.1172, 3.28946, 120, 0, 0, 100, 0, NULL, NULL, NULL, NULL, '', NULL, 59466),
(@CGUID+136, 141767, 1, 1637, 0, '0', 0, 0, 0, -1, 0, 0, 1339.81, -4451.03, 27.3461, 6.00239, 120, 0, 0, 100, 0, NULL, NULL, NULL, NULL, '', NULL, 59466),
(@CGUID+137, 141767, 1, 1637, 0, '0', 0, 0, 0, -1, 0, 0, 1333.78, -4451.9, 26.0752, 5.79919, 120, 0, 0, 100, 0, NULL, NULL, NULL, NULL, '', NULL, 59466),
(@CGUID+138, 141767, 1, 1637, 0, '0', 0, 0, 0, -1, 0, 0, 1334.57, -4457.15, 25.8762, 0.855756, 120, 0, 0, 100, 0, NULL, NULL, NULL, NULL, '', NULL, 59466),
(@CGUID+139, 141804, 1, 1637, 0, '0', 0, 0, 0, -1, 0, 0, 1424.17, -4369.23, 25.5881, 2.32894, 120, 0, 0, 100, 0, NULL, NULL, NULL, NULL, '', NULL, 59466),
(@CGUID+140, 141804, 1, 1637, 0, '0', 0, 0, 0, -1, 0, 0, 1434.09, -4374.45, 25.5929, 3.04262, 120, 0, 0, 100, 0, NULL, NULL, NULL, NULL, '', NULL, 59466),
(@CGUID+141, 141804, 1, 1637, 0, '0', 0, 0, 0, -1, 0, 0, 1434.26, -4374.47, 25.5897, 3.04262, 120, 0, 0, 100, 0, NULL, NULL, NULL, NULL, '', NULL, 59466),
(@CGUID+142, 141826, 1, 1637, 0, '0', 0, 0, 0, -1, 0, 0, 1332.74, -4415.49, 26.8974, 4.95144, 120, 0, 0, 100, 0, NULL, NULL, NULL, NULL, '', NULL, 59466),
(@CGUID+143, 141826, 1, 1637, 0, '0', 0, 0, 0, -1, 0, 0, 1344.14, -4455.79, 27.3461, 1.97079, 120, 0, 0, 100, 0, NULL, NULL, NULL, NULL, '', NULL, 59466),
(@CGUID+144, 141826, 1, 1637, 0, '0', 0, 0, 0, -1, 0, 0, 1308.4, -4367.58, 27.7191, 4.09085, 120, 0, 0, 100, 0, NULL, NULL, NULL, NULL, '', NULL, 59466),
(@CGUID+145, 141826, 1, 1637, 11386, '0', 0, 0, 0, -1, 0, 0, 1437.07, -4374.75, 25.5374, 3.04262, 120, 0, 0, 100, 0, NULL, NULL, NULL, NULL, '', NULL, 59466),
(@CGUID+146, 141845, 1, 1637, 0, '0', 0, 0, 0, -1, 0, 0, 1351.86, -4458.71, 26.9781, 2.24541, 120, 0, 0, 100, 0, NULL, NULL, NULL, NULL, '', NULL, 59466),
(@CGUID+147, 141845, 1, 1637, 0, '0', 0, 0, 0, -1, 0, 0, 1349.01, -4460.29, 26.6776, 1.48391, 120, 0, 0, 100, 0, NULL, NULL, NULL, NULL, '', NULL, 59466),
(@CGUID+148, 141845, 1, 1637, 0, '0', 0, 0, 0, -1, 0, 0, 1371.98, -4372.1, 26.0417, 3.31638, 120, 0, 0, 100, 0, NULL, NULL, NULL, NULL, '', NULL, 59466),
(@CGUID+149, 141845, 1, 1637, 0, '0', 0, 0, 0, -1, 0, 0, 1345.26, -4449.13, 27.3461, 4.06126, 120, 0, 0, 100, 0, NULL, NULL, NULL, NULL, '', NULL, 59466),
(@CGUID+150, 141845, 1, 1637, 0, '0', 0, 0, 0, -1, 0, 0, 1334.38, -4418.56, 26.8974, 2.29372, 120, 0, 0, 100, 0, NULL, NULL, NULL, NULL, '', NULL, 59466),
(@CGUID+151, 141845, 1, 1637, 11386, '0', 0, 0, 0, -1, 0, 0, 1424.34, -4369.4, 25.5907, 2.32896, 120, 0, 0, 100, 0, NULL, NULL, NULL, NULL, '', NULL, 59466),
(@CGUID+152, 141845, 1, 1637, 0, '0', 0, 0, 0, -1, 0, 0, 1437.07, -4374.75, 25.5374, 3.04262, 120, 0, 0, 100, 0, NULL, NULL, NULL, NULL, '', NULL, 59466),
(@CGUID+153, 141912, 1, 1637, 0, '0', 0, 0, 0, -1, 0, 0, 1910.76, -4308.22, 24.2205, 4.05437, 120, 0, 0, 100, 0, NULL, NULL, NULL, NULL, '', NULL, 59466),
(@CGUID+154, 141920, 1, 1637, 0, '0', 0, 0, 0, -1, 0, 0, 1909.47, -4310.19, 24.0223, 0.76824, 120, 0, 0, 100, 0, NULL, NULL, NULL, NULL, '', NULL, 59466),
(@CGUID+155, 145714, 1, 1637, 1637, '0', 0, 0, 0, -1, 0, 0, 1427.15, -4525.68, 19.8215, 0, 120, 0, 0, 100, 0, NULL, NULL, NULL, NULL, '', NULL, 59466),
(@CGUID+156, 146626, 1, 1637, 5170, '0', 0, 0, 0, -1, 0, 0, 1655.89, -4194.9, 56.1067, 1.17814, 120, 0, 0, 100, 0, NULL, NULL, NULL, NULL, '', NULL, 59466),
(@CGUID+157, 148242, 1, 1637, 0, '0', 0, 0, 0, -1, 0, 0, 1459.35, -4481.43, 20.0675, 0.490185, 120, 0, 0, 100, 0, NULL, NULL, NULL, NULL, '', NULL, 59466),
(@CGUID+158, 148250, 1, 1637, 0, '0', 0, 0, 0, -1, 0, 0, 1462.84, -4484.66, 20.0675, 1.36159, 120, 0, 0, 100, 0, NULL, NULL, NULL, NULL, '', NULL, 59466),
(@CGUID+159, 148263, 1, 1637, 0, '0', 0, 0, 0, -1, 0, 0, 1420.89, -4502.72, 20.0675, 3.772, 120, 0, 0, 100, 0, NULL, NULL, NULL, NULL, '', NULL, 59466),
(@CGUID+160, 148263, 1, 1637, 1637, '0', 0, 0, 0, -1, 0, 0, 1421, -4508.43, 20.0675, 2.84216, 120, 0, 0, 100, 0, NULL, NULL, NULL, NULL, '', NULL, 59466),
(@CGUID+161, 148265, 1, 1637, 1637, '0', 0, 0, 0, -1, 0, 0, 1427.3, -4521.02, 20.0494, 4.53461, 120, 0, 0, 100, 0, NULL, NULL, NULL, NULL, '', NULL, 59466),
(@CGUID+162, 148265, 1, 1637, 1637, '0', 0, 0, 0, -1, 0, 0, 1431.51, -4525.19, 20.0236, 3.53762, 120, 0, 0, 100, 0, NULL, NULL, NULL, NULL, '', NULL, 59466),
(@CGUID+163, 148768, 1, 1637, 1637, '0', 0, 0, 0, -1, 0, 0, 1445.23, -4527.63, 20.0675, 5.27923, 120, 0, 0, 100, 0, NULL, NULL, NULL, NULL, '', NULL, 59466),
(@CGUID+164, 148768, 1, 1637, 1637, '0', 0, 0, 0, -1, 0, 0, 1451.56, -4527.78, 20.0675, 4.35083, 120, 0, 0, 100, 0, NULL, NULL, NULL, NULL, '', NULL, 59466),
(@CGUID+165, 148770, 1, 1637, 0, '0', 0, 0, 0, -1, 0, 0, 1421.68, -4471.65, -3.30901, 2.02274, 120, 0, 0, 100, 0, NULL, NULL, NULL, NULL, '', NULL, 59466),
(@CGUID+166, 148770, 1, 1637, 0, '0', 0, 0, 0, -1, 0, 0, 1425.06, -4467.36, -3.27352, 3.17079, 120, 0, 0, 100, 0, NULL, NULL, NULL, NULL, '', NULL, 59466),
(@CGUID+167, 148795, 1, 1637, 1637, '0', 0, 0, 0, -1, 0, 0, 1425.13, -4501.35, -3.23651, 4.64275, 120, 0, 0, 100, 0, NULL, NULL, NULL, NULL, '', NULL, 59466),
(@CGUID+168, 148795, 1, 1637, 1637, '0', 0, 0, 0, -1, 0, 0, 1429.09, -4504.78, -3.25276, 3.62757, 120, 0, 0, 100, 0, NULL, NULL, NULL, NULL, '', NULL, 59466),
-- (@CGUID+169, 149258, 1, 14, 4982, '0', 0, 0, 0, -1, 0, 0, 1428.27, -4484.65, 20.0675, 3.02478, 120, 0, 0, 100, 0, NULL, NULL, NULL, NULL, '', NULL, 59466),
(@CGUID+170, 149258, 1, 1637, 0, '0', 0, 0, 0, -1, 0, 0, 1424.33, -4489.45, 20.0675, 2.05493, 120, 0, 0, 100, 0, NULL, NULL, NULL, NULL, '', NULL, 59466),
(@CGUID+171, 149279, 1, 1637, 1637, '0', 0, 0, 0, -1, 0, 0, 1446.1, -4505.07, 18.3896, 1.77579, 120, 0, 0, 100, 0, NULL, NULL, NULL, NULL, '', NULL, 59466),
-- (@CGUID+172, 149297, 1, 14, 4982, '0', 0, 0, 0, -1, 0, 0, 1436.35, -4424.32, 25.5694, 4.85806, 120, 0, 0, 100, 0, NULL, NULL, NULL, NULL, '', NULL, 59466),
(@CGUID+173, 149297, 1, 1637, 11386, '0', 0, 0, 0, -1, 0, 0, 1435.89, -4421.17, 25.4536, 4.85806, 120, 0, 0, 100, 0, NULL, NULL, NULL, NULL, '', NULL, 59466),
(@CGUID+174, 149371, 1, 1637, 1637, '0', 0, 0, 0, -1, 0, 0, 1478.85, -4474.81, -2.80429, 1.71795, 120, 0, 0, 100, 0, NULL, NULL, NULL, NULL, '', NULL, 59466),
(@CGUID+175, 149404, 1, 1637, 0, '0', 0, 0, 0, -1, 0, 0, 1441.79, -4471.98, 20.5065, 1.70331, 120, 0, 0, 100, 0, NULL, NULL, NULL, NULL, '', NULL, 59466),
(@CGUID+176, 149408, 1, 1637, 0, '0', 0, 0, 0, -1, 0, 0, 1435.89, -4421.17, 25.4536, 4.85806, 120, 0, 0, 100, 0, NULL, NULL, NULL, NULL, '', NULL, 59466),
(@CGUID+177, 149409, 1, 1637, 1637, '0', 0, 0, 0, -1, 0, 0, 1463.95, -4479.75, 19.7381, 4.05035, 120, 0, 0, 100, 0, NULL, NULL, NULL, NULL, '', NULL, 59466),
-- (@CGUID+178, 149522, 1, 14, 4982, '0', 0, 0, 0, -1, 0, 0, 1424.37, -4464.95, 19.186, 1.0866, 120, 0, 0, 100, 0, NULL, NULL, NULL, NULL, '', NULL, 59466),
-- (@CGUID+179, 149522, 1, 14, 4982, '0', 0, 0, 0, -1, 0, 0, 1424.98, -4459.31, 19.186, 1.69542, 120, 0, 0, 100, 0, NULL, NULL, NULL, NULL, '', NULL, 59466),
(@CGUID+180, 149522, 1, 1637, 0, '0', 0, 0, 0, -1, 0, 0, 1442.9, -4466.98, -4.59815, 5.18295, 120, 0, 0, 100, 0, NULL, NULL, NULL, NULL, '', NULL, 59466),
(@CGUID+181, 149522, 1, 1637, 1637, '0', 0, 0, 0, -1, 0, 0, 1448.84, -4491.07, -4.58356, 2.43872, 120, 0, 0, 100, 0, NULL, NULL, NULL, NULL, '', NULL, 59466),
(@CGUID+182, 149616, 1, 1637, 1637, '0', 0, 0, 0, -1, 0, 0, 1443.02, -4519.6, 18.4912, 1.3357, 120, 0, 0, 100, 0, NULL, NULL, NULL, NULL, '', NULL, 59466),
(@CGUID+183, 149626, 1, 1637, 1637, '0', 0, 0, 0, -1, 0, 0, 1426.42, -4477.29, -4.59613, 6.02807, 120, 0, 0, 100, 0, NULL, NULL, NULL, NULL, '', NULL, 59466),
(@CGUID+184, 150131, 1, 1637, 1637, '0', 0, 0, 0, -1, 0, 0, 1434.73, -4500.41, -4.59693, 1.19765, 120, 0, 0, 100, 0, NULL, NULL, NULL, NULL, '', NULL, 59466),
(@CGUID+185, 151937, 1, 1637, 0, '0', 0, 0, 0, -1, 0, 0, 1446.03, -4506.26, 32.0282, 0, 120, 0, 0, 100, 0, NULL, NULL, NULL, NULL, '', NULL, 59466),
(@CGUID+186, 152643, 1, 1637, 0, '0', 0, 0, 0, -1, 0, 0, 1607.94, -4353.34, 21.203, 0, 120, 0, 0, 100, 0, NULL, NULL, NULL, NULL, '', NULL, 59466),
(@CGUID+187, 155739, 1, 1637, 1637, '0', 0, 0, 0, -1, 0, 0, 1417.21, -4484.74, -3.01987, 3.94743, 120, 0, 0, 100, 0, NULL, NULL, NULL, NULL, '', NULL, 59466),
(@CGUID+188, 155739, 1, 1637, 1637, '0', 0, 0, 0, -1, 0, 0, 1417.53, -4489.57, -3.01987, 2.67092, 120, 0, 0, 100, 0, NULL, NULL, NULL, NULL, '', NULL, 59466),
(@CGUID+189, 158131, 1, 1637, 5170, '0', 0, 0, 0, -1, 0, 0, 1546.62, -4174.69, 58.4512, 0.852099, 120, 0, 0, 100, 0, NULL, NULL, NULL, NULL, '', NULL, 59466),
(@CGUID+190, 158131, 1, 1637, 5170, '0', 0, 0, 0, -1, 0, 0, 1555.02, -4159.97, 58.0804, 2.09475, 120, 0, 0, 100, 0, NULL, NULL, NULL, NULL, '', NULL, 59466),
(@CGUID+191, 158133, 1, 1637, 5170, '0', 0, 0, 0, -1, 0, 0, 1548.45, -4173.11, 58.094, 4.14273, 120, 0, 0, 100, 0, NULL, NULL, NULL, NULL, '', NULL, 59466),
(@CGUID+192, 158138, 1, 1637, 5170, '0', 0, 0, 0, -1, 0, 0, 1540.58, -4176.3, 58.344, 0.863819, 120, 0, 0, 100, 0, NULL, NULL, NULL, NULL, '', NULL, 59466),
(@CGUID+193, 158138, 1, 1637, 5170, '0', 0, 0, 0, -1, 0, 0, 1554.42, -4158, 58.4415, 4.20063, 120, 0, 0, 100, 0, NULL, NULL, NULL, NULL, '', NULL, 59466),
(@CGUID+194, 158141, 1, 1637, 5170, '0', 0, 0, 0, -1, 0, 0, 1545.84, -4171.14, 58.3255, 0.00480188, 120, 10, 0, 100, 1, NULL, NULL, NULL, NULL, '', NULL, 59466),
(@CGUID+195, 158141, 1, 1637, 5170, '0', 0, 0, 0, -1, 0, 0, 1552.85, -4158.88, 58.0884, 6.16705, 120, 0, 0, 100, 0, NULL, NULL, NULL, NULL, '', NULL, 59466),
(@CGUID+196, 161223, 1, 1637, 0, '0', 0, 0, 0, -1, 0, 0, 1936.76, -4243.76, 33.4958, 4.64206, 120, 10, 0, 100, 1, NULL, NULL, NULL, NULL, '', NULL, 59466),
(@CGUID+197, 167032, 1, 1637, 5170, '0', 0, 0, 0, -1, 0, 0, 1557.18, -4216.54, 56.0717, 1.01749, 120, 0, 0, 100, 0, NULL, NULL, NULL, NULL, '', NULL, 59466),
(@CGUID+198, 168459, 1, 1637, 1637, '0', 0, 0, 0, -1, 0, 0, 1510.17, -4419.12, 22.6814, 3.29705, 120, 0, 0, 100, 0, NULL, NULL, NULL, NULL, '', NULL, 59466),
-- (@CGUID+199, 169177, 1, 1637, 5170, '0', 0, 0, 0, -1, 0, 0, 1595.24, -4375.36, 20.7306, 1.57409, 120, 0, 0, 100, 0, NULL, NULL, NULL, NULL, '', NULL, 59466),
-- (@CGUID+200, 169177, 1, 1637, 5170, '0', 0, 0, 0, -1, 0, 0, 1588.85, -4381.41, 19.2094, 2.87345, 120, 0, 0, 100, 0, NULL, NULL, NULL, NULL, '', NULL, 59466),
-- (@CGUID+201, 169177, 1, 1637, 5170, '0', 0, 0, 0, -1, 0, 0, 1596.81, -4388.6, 18.8788, 4.73488, 120, 0, 0, 100, 0, NULL, NULL, NULL, NULL, '', NULL, 59466),
-- (@CGUID+202, 169177, 1, 1637, 5170, '0', 0, 0, 0, -1, 0, 0, 1590.34, -4378.5, 19.9117, 2.39383, 120, 0, 0, 100, 0, NULL, NULL, NULL, NULL, '', NULL, 59466),
-- (@CGUID+203, 169177, 1, 1637, 5170, '0', 0, 0, 0, -1, 0, 0, 1601.03, -4386.21, 19.8598, 5.44876, 120, 0, 0, 100, 0, NULL, NULL, NULL, NULL, '', NULL, 59466),
-- (@CGUID+204, 169177, 1, 1637, 5170, '0', 0, 0, 0, -1, 0, 0, 1599.26, -4376.71, 20.9531, 1.11713, 120, 0, 0, 100, 0, NULL, NULL, NULL, NULL, '', NULL, 59466),
-- (@CGUID+205, 169177, 1, 1637, 5170, '0', 0, 0, 0, -1, 0, 0, 1602.66, -4384.03, 20.3497, 6.10509, 120, 0, 0, 100, 0, NULL, NULL, NULL, NULL, '', NULL, 59466),
-- (@CGUID+206, 169177, 1, 1637, 5170, '0', 0, 0, 0, -1, 0, 0, 1593.37, -4388.11, 18.4713, 4.66983, 120, 0, 0, 100, 0, NULL, NULL, NULL, NULL, '', NULL, 59466),
-- (@CGUID+207, 171791, 1, 1637, 5170, '0', 0, 0, 0, -1, 0, 0, 1598.94, -4382.73, 20.2512, 3.74024, 120, 0, 0, 100, 0, NULL, NULL, NULL, NULL, '', NULL, 59466),
(@CGUID+208, 172558, 1, 1637, 5170, '0', 0, 0, 0, -1, 0, 0, 1553.35, -4191.74, 54.4211, 5.25095, 120, 0, 0, 100, 0, NULL, NULL, NULL, NULL, '', NULL, 59466),
-- (@CGUID+209, 173279, 1, 1637, 5170, '0', 0, 0, 0, -1, 0, 0, 1594.63, -4369.74, 21.2761, 4.6864, 120, 0, 0, 100, 0, NULL, NULL, NULL, NULL, '', NULL, 59466),
-- (@CGUID+210, 173279, 1, 1637, 5170, '0', 0, 0, 0, -1, 0, 0, 1596.95, -4366.65, 21.1584, 4.12474, 120, 0, 0, 100, 0, NULL, NULL, NULL, NULL, '', NULL, 59466),
-- (@CGUID+211, 173279, 1, 1637, 5170, '0', 0, 0, 0, -1, 0, 0, 1597.99, -4369.32, 21.321, 4.26661, 120, 0, 0, 100, 0, NULL, NULL, NULL, NULL, '', NULL, 59466),
-- (@CGUID+212, 173279, 1, 1637, 5170, '0', 0, 0, 0, -1, 0, 0, 1582.71, -4372.65, 20.5926, 5.621, 120, 0, 0, 100, 0, NULL, NULL, NULL, NULL, '', NULL, 59466),
-- (@CGUID+213, 173279, 1, 1637, 5170, '0', 0, 0, 0, -1, 0, 0, 1606.66, -4389.59, 19.992, 2.68685, 120, 0, 0, 100, 0, NULL, NULL, NULL, NULL, '', NULL, 59466),
-- (@CGUID+214, 173279, 1, 1637, 5170, '0', 0, 0, 0, -1, 0, 0, 1580.4, -4375.86, 20.1359, 5.946, 120, 0, 0, 100, 0, NULL, NULL, NULL, NULL, '', NULL, 59466),
-- (@CGUID+215, 173279, 1, 1637, 5170, '0', 0, 0, 0, -1, 0, 0, 1583.1, -4375.46, 20.3298, 5.95854, 120, 0, 0, 100, 0, NULL, NULL, NULL, NULL, '', NULL, 59466),
-- (@CGUID+216, 173279, 1, 1637, 5170, '0', 0, 0, 0, -1, 0, 0, 1602.55, -4389.48, 19.4417, 2.42627, 120, 0, 0, 100, 0, NULL, NULL, NULL, NULL, '', NULL, 59466),
-- (@CGUID+217, 173279, 1, 1637, 5170, '0', 0, 0, 0, -1, 0, 0, 1581.9, -4377.74, 19.8188, 6.05845, 120, 0, 0, 100, 0, NULL, NULL, NULL, NULL, '', NULL, 59466),
-- (@CGUID+218, 173279, 1, 1637, 5170, '0', 0, 0, 0, -1, 0, 0, 1598.06, -4393.8, 18.0516, 1.58596, 120, 0, 0, 100, 0, NULL, NULL, NULL, NULL, '', NULL, 59466),
-- (@CGUID+219, 173279, 1, 1637, 5170, '0', 0, 0, 0, -1, 0, 0, 1601.36, -4395.87, 17.5385, 2.06083, 120, 0, 0, 100, 0, NULL, NULL, NULL, NULL, '', NULL, 59466),
-- (@CGUID+220, 173279, 1, 1637, 5170, '0', 0, 0, 0, -1, 0, 0, 1605.31, -4392.17, 19.0557, 2.54193, 120, 0, 0, 100, 0, NULL, NULL, NULL, NULL, '', NULL, 59466),
-- (@CGUID+221, 173279, 1, 1637, 5170, '0', 0, 0, 0, -1, 0, 0, 1602.39, -4393.06, 18.4882, 2.33485, 120, 0, 0, 100, 0, NULL, NULL, NULL, NULL, '', NULL, 59466),
-- (@CGUID+222, 173281, 1, 1637, 5170, '0', 0, 0, 0, -1, 0, 0, 1592.63, -4365.12, 21.0959, 4.90073, 120, 0, 0, 100, 0, NULL, NULL, NULL, NULL, '', NULL, 59466),
-- (@CGUID+223, 173281, 1, 1637, 5170, '0', 0, 0, 0, -1, 0, 0, 1606.98, -4384.44, 20.7738, 3.6632, 120, 0, 0, 100, 0, NULL, NULL, NULL, NULL, '', NULL, 59466),
-- (@CGUID+224, 173281, 1, 1637, 5170, '0', 0, 0, 0, -1, 0, 0, 1584.27, -4385.73, 17.8768, 4.40277, 120, 0, 0, 100, 0, NULL, NULL, NULL, NULL, '', NULL, 59466),
-- (@CGUID+225, 173281, 1, 1637, 5170, '0', 0, 0, 0, -1, 0, 0, 1605.43, -4385.79, 20.4883, 0.503955, 120, 0, 0, 100, 0, NULL, NULL, NULL, NULL, '', NULL, 59466),
-- (@CGUID+226, 173281, 1, 1637, 5170, '0', 0, 0, 0, -1, 0, 0, 1583.82, -4387.98, 17.792, 1.52621, 120, 0, 0, 100, 0, NULL, NULL, NULL, NULL, '', NULL, 59466),
-- (@CGUID+227, 173281, 1, 1637, 5170, '0', 0, 0, 0, -1, 0, 0, 1577.67, -4380.79, 18.075, 6.17918, 120, 0, 0, 100, 0, NULL, NULL, NULL, NULL, '', NULL, 59466),
-- (@CGUID+228, 173281, 1, 1637, 5170, '0', 0, 0, 0, -1, 0, 0, 1594.12, -4395.9, 17.3592, 2.14967, 120, 0, 0, 100, 0, NULL, NULL, NULL, NULL, '', NULL, 59466),
-- (@CGUID+229, 173281, 1, 1637, 5170, '0', 0, 0, 0, -1, 0, 0, 1605.94, -4396.32, 17.5425, 2.35004, 120, 0, 0, 100, 0, NULL, NULL, NULL, NULL, '', NULL, 59466),
-- (@CGUID+230, 173281, 1, 1637, 5170, '0', 0, 0, 0, -1, 0, 0, 1610.72, -4393.55, 19.6286, 0.552337, 120, 0, 0, 100, 0, NULL, NULL, NULL, NULL, '', NULL, 59466),
-- (@CGUID+231, 173281, 1, 1637, 5170, '0', 0, 0, 0, -1, 0, 0, 1588.72, -4390.01, 18.2034, 0.793151, 120, 0, 0, 100, 0, NULL, NULL, NULL, NULL, '', NULL, 59466),
-- (@CGUID+232, 173281, 1, 1637, 5170, '0', 0, 0, 0, -1, 0, 0, 1612.59, -4392.38, 20.4932, 4.41668, 120, 0, 0, 100, 0, NULL, NULL, NULL, NULL, '', NULL, 59466),
-- (@CGUID+233, 173281, 1, 1637, 5170, '0', 0, 0, 0, -1, 0, 0, 1613.45, -4394.82, 19.326, 2.20962, 120, 0, 0, 100, 0, NULL, NULL, NULL, NULL, '', NULL, 59466),
(@CGUID+234, 173548, 1, 1637, 1637, '0', 0, 0, 0, -1, 0, 0, 1463.59, -4520.69, 20.0675, 0.00277714, 120, 0, 0, 100, 0, NULL, NULL, NULL, NULL, '', NULL, 59466),
(@CGUID+235, 173548, 1, 1637, 1637, '0', 0, 0, 0, -1, 0, 0, 1467.57, -4516.22, 20.0675, 4.81581, 120, 0, 0, 100, 0, NULL, NULL, NULL, NULL, '', NULL, 59466),
(@CGUID+236, 174147, 1, 1637, 0, '0', 0, 0, 0, -1, 0, 0, 1930.71, -4319.84, 26.8727, 0.329967, 120, 0, 0, 100, 0, NULL, NULL, NULL, NULL, '', NULL, 59466),
(@CGUID+237, 174863, 1, 1637, 5332, '0', 0, 0, 0, -1, 0, 0, 1492.15, -4163.4, 53.6038, 5.56099, 120, 0, 0, 100, 0, NULL, NULL, NULL, NULL, '', NULL, 59466),
(@CGUID+238, 174864, 1, 1637, 5332, '0', 0, 0, 0, -1, 0, 0, 1492.23, -4162.64, 53.5322, 5.50225, 120, 0, 0, 100, 0, NULL, NULL, NULL, NULL, '', NULL, 59466),
(@CGUID+239, 174865, 1, 1637, 5332, '0', 0, 0, 0, -1, 0, 0, 1501.5, -4172.35, 53.261, 4.07644, 120, 10, 0, 100, 1, NULL, NULL, NULL, NULL, '', NULL, 59466),
(@CGUID+240, 174865, 1, 1637, 5332, '0', 0, 0, 0, -1, 0, 0, 1497.73, -4175.28, 52.7862, 4.46978, 120, 10, 0, 100, 1, NULL, NULL, NULL, NULL, '', NULL, 59466),
(@CGUID+241, 175050, 1, 1637, 5170, '0', 0, 0, 0, -1, 0, 0, 1661.47, -4167.2, 56.183, 4.85927, 120, 0, 0, 100, 0, NULL, NULL, NULL, NULL, '', NULL, 59466),
(@CGUID+242, 175084, 1, 1637, 5170, '0', 0, 0, 0, -1, 0, 0, 1588.65, -4454.89, 23.4411, 4.47309, 120, 0, 0, 100, 0, NULL, NULL, NULL, NULL, '', NULL, 59466),
(@CGUID+243, 175135, 1, 1637, 5170, '0', 0, 0, 0, -1, 0, 0, 1664.27, -4345.51, 26.3707, 3.67007, 120, 0, 0, 100, 0, NULL, NULL, NULL, NULL, '', NULL, 59466),
(@CGUID+244, 176012, 1, 1637, 0, '0', 0, 0, 0, -1, 0, 0, 1955.24, -4369.73, 23.6868, 2.8443, 120, 0, 0, 100, 0, NULL, NULL, NULL, NULL, '', NULL, 59466),
(@CGUID+245, 176094, 1, 1637, 0, '0', 0, 0, 0, -1, 0, 0, 1951.66, -4366.79, 23.8557, 5.44924, 120, 0, 0, 100, 0, NULL, NULL, NULL, NULL, '', NULL, 59466),
(@CGUID+246, 176095, 1, 1637, 0, '0', 0, 0, 0, -1, 0, 0, 1950.49, -4369.92, 23.7596, 0.279995, 120, 0, 0, 100, 0, NULL, NULL, NULL, NULL, '', NULL, 59466),
(@CGUID+247, 176261, 1, 1637, 5170, '0', 0, 0, 0, -1, 0, 0, 1588.06, -4458.83, 23.2503, 1.49329, 120, 0, 0, 100, 0, NULL, NULL, NULL, NULL, '', NULL, 59466),
-- (@CGUID+248, 176554, 1, 1637, 5170, '0', 0, 0, 0, -1, 0, 0, 1596.55, -4381.88, 20.1128, 3.65946, 120, 0, 0, 100, 0, NULL, NULL, NULL, NULL, '', NULL, 59466),
(@CGUID+249, 180176, 1, 1637, 5170, '0', 0, 0, 0, -1, 0, 0, 1501.03, -4187.86, 52.7637, 4.54472, 120, 0, 0, 100, 0, NULL, NULL, NULL, NULL, '', NULL, 59466),
(@CGUID+250, 183978, 1, 1637, 0, '0', 0, 0, 0, -1, 0, 0, 1600.79, -4350.87, 21.203, 5.65406, 120, 0, 0, 100, 0, NULL, NULL, NULL, NULL, '', NULL, 59466),
(@CGUID+251, 184664, 1, 1637, 0, '0', 0, 0, 0, -1, 0, 0, 2047.86, -4281.07, 95.5394, 2.46093, 120, 0, 0, 100, 0, NULL, NULL, NULL, NULL, '', NULL, 59466),
(@CGUID+252, 184666, 1, 1637, 0, '0', 0, 0, 0, -1, 0, 0, 2044.8, -4282.97, 95.5454, 2.11778, 120, 0, 0, 100, 0, NULL, NULL, NULL, NULL, '', NULL, 59466),
(@CGUID+253, 184786, 1, 1637, 0, '0', 0, 0, 0, -1, 0, 0, 2043.11, -4272.26, 95.5309, 4.50207, 120, 0, 0, 100, 0, NULL, NULL, NULL, NULL, '', NULL, 59466),
(@CGUID+254, 184793, 1, 1637, 0, '0', 0, 0, 0, -1, 0, 0, 2048.52, -4274.97, 95.5296, 3.68199, 120, 0, 0, 100, 0, NULL, NULL, NULL, NULL, '', NULL, 59466),
(@CGUID+255, 185472, 1, 1637, 0, '0', 0, 0, 0, -1, 0, 0, 1603.94, -4357.01, 21.3329, 2.22542, 120, 0, 0, 100, 0, NULL, NULL, NULL, NULL, '', NULL, 59466),
(@CGUID+256, 185473, 1, 1637, 0, '0', 0, 0, 0, -1, 0, 0, 1605.89, -4354.36, 21.3329, 2.85478, 120, 0, 0, 100, 0, NULL, NULL, NULL, NULL, '', NULL, 59466),
(@CGUID+257, 185669, 1, 1637, 1637, '0', 0, 0, 0, -1, 0, 0, 1607.31, -4326.64, 21.2063, 4.02434, 120, 0, 0, 100, 0, NULL, NULL, NULL, NULL, '', NULL, 59466),
(@CGUID+258, 185669, 1, 1637, 5170, '0', 0, 0, 0, -1, 0, 0, 1611.08, -4331.13, 21.2027, 3.56934, 120, 0, 0, 100, 0, NULL, NULL, NULL, NULL, '', NULL, 59466),
(@CGUID+259, 185670, 1, 1637, 0, '0', 0, 0, 0, -1, 0, 0, 1608.15, -4354.43, 22.2173, 2.23386, 120, 0, 0, 100, 0, NULL, NULL, NULL, NULL, '', NULL, 59466),
(@CGUID+260, 185670, 1, 1637, 0, '0', 0, 0, 0, -1, 0, 0, 1605.75, -4350.94, 21.203, 2.86601, 120, 0, 0, 100, 0, NULL, NULL, NULL, NULL, '', NULL, 59466),
(@CGUID+261, 190239, 1, 1637, 0, '0', 0, 0, 0, -1, 0, 0, 2046.44, -4272.78, 95.5284, 4.30653, 120, 0, 0, 100, 0, NULL, NULL, NULL, NULL, '', NULL, 59466),
-- (@CGUID+262, 190239, 1, 14, 4982, '0', 0, 0, 0, -1, 0, 0, 1358.92, -4915.26, 61.8312, 0.0485084, 120, 0, 0, 100, 0, NULL, NULL, NULL, NULL, '', NULL, 59466),
(@CGUID+263, 191463, 1, 1637, 0, '0', 0, 0, 0, -1, 0, 0, 1614.56, -4346.84, 21.5702, 2.10018, 120, 0, 0, 100, 0, NULL, NULL, NULL, NULL, '', NULL, 59466),
(@CGUID+264, 191463, 1, 1637, 0, '0', 0, 0, 0, -1, 0, 0, 1600.46, -4360.96, 21.5361, 3.40184, 120, 0, 0, 100, 0, NULL, NULL, NULL, NULL, '', NULL, 59466),
(@CGUID+265, 191463, 1, 1637, 5170, '0', 0, 0, 0, -1, 0, 0, 1620.13, -4344.58, 21.6462, 2.71833, 120, 0, 0, 100, 0, NULL, NULL, NULL, NULL, '', NULL, 59466),
(@CGUID+266, 192355, 1, 1637, 0, '0', 0, 0, 0, -1, 0, 0, 1440.95, -4501.79, 18.3896, 3.64414, 120, 0, 0, 100, 0, NULL, NULL, NULL, NULL, '', NULL, 59466),
(@CGUID+267, 192355, 1, 1637, 5170, '0', 0, 0, 0, -1, 0, 0, 1522.94, -4352.48, 20.6304, 3.64414, 120, 0, 0, 100, 0, NULL, NULL, NULL, NULL, '', NULL, 59466),
(@CGUID+268, 192355, 1, 1637, 5170, '0', 0, 0, 0, -1, 0, 0, 1593.48, -4372.86, 20.9915, 0.369023, 120, 0, 0, 100, 0, NULL, NULL, NULL, NULL, '', NULL, 59466),
(@CGUID+269, 192355, 1, 1637, 5170, '0', 0, 0, 0, -1, 0, 0, 1632, -4444.19, 17.1423, 5.68274, 120, 0, 0, 100, 0, NULL, NULL, NULL, NULL, '', NULL, 59466),
(@CGUID+270, 192355, 1, 1637, 5170, '0', 0, 0, 0, -1, 0, 0, 1602.92, -4307.29, 20.5802, 3.83646, 120, 10, 0, 100, 1, NULL, NULL, NULL, NULL, '', NULL, 59466),
(@CGUID+271, 192355, 1, 1637, 5170, '0', 0, 0, 0, -1, 0, 0, 1633.85, -4442.98, 17.1111, 5.29748, 120, 0, 0, 100, 0, NULL, NULL, NULL, NULL, '', NULL, 59466),
(@CGUID+272, 192355, 1, 1637, 5170, '0', 0, 0, 0, -1, 0, 0, 1639.4, -4253.75, 51.8094, 4.33044, 120, 0, 0, 100, 0, NULL, NULL, NULL, NULL, '', NULL, 59466),
(@CGUID+273, 192355, 1, 1637, 5170, '0', 0, 0, 0, -1, 0, 0, 1728.95, -4468.83, 36.1462, 1.50144, 120, 0, 0, 100, 0, NULL, NULL, NULL, NULL, '', NULL, 59466),
(@CGUID+274, 192355, 1, 1637, 5170, '0', 0, 0, 0, -1, 0, 0, 1554.22, -4168.38, 58.0966, 2.56518, 120, 0, 0, 100, 0, NULL, NULL, NULL, NULL, '', NULL, 59466),
(@CGUID+275, 192355, 1, 1637, 5170, '0', 0, 0, 0, -1, 0, 0, 1517.33, -4189.2, 52.4516, 2.66452, 120, 10, 0, 100, 1, NULL, NULL, NULL, NULL, '', NULL, 59466),
(@CGUID+276, 192355, 1, 1637, 5332, '0', 0, 0, 0, -1, 0, 0, 1729.74, -4304.03, 102.134, 1.02415, 120, 0, 0, 100, 0, NULL, NULL, NULL, NULL, '', NULL, 59466),
(@CGUID+277, 192355, 1, 1637, 0, '0', 0, 0, 0, -1, 0, 0, 1813.74, -4359.55, 103.155, 3.70755, 120, 0, 0, 100, 0, NULL, NULL, NULL, NULL, '', NULL, 59466),
(@CGUID+278, 192355, 1, 1637, 0, '0', 0, 0, 0, -1, 0, 0, 1872.18, -4297.16, 23.5676, 2.89549, 120, 0, 0, 100, 0, NULL, NULL, NULL, NULL, '', NULL, 59466),
(@CGUID+279, 197767, 1, 1637, 5170, '0', 0, 0, 0, -1, 0, 0, 1603.01, -4322.57, 21.4087, 5.35873, 120, 0, 0, 100, 0, NULL, NULL, NULL, NULL, '', NULL, 59466),
(@CGUID+280, 197770, 1, 1637, 5170, '0', 0, 0, 0, -1, 0, 0, 1603.15, -4321.91, 21.433, 5.35785, 120, 0, 0, 100, 0, NULL, NULL, NULL, NULL, '', NULL, 59466),
(@CGUID+281, 197771, 1, 1637, 5170, '0', 0, 0, 0, -1, 0, 0, 1602.59, -4323.03, 21.4149, 5.89427, 120, 0, 0, 100, 0, NULL, NULL, NULL, NULL, '', NULL, 59466),
-- (@CGUID+282, 198070, 1, 14, 4982, '0', 0, 0, 0, -1, 0, 0, 1437.31, -4431.46, 25.7209, 1.73966, 120, 0, 0, 100, 0, NULL, NULL, NULL, NULL, '', NULL, 59466),
-- (@CGUID+283, 198070, 1, 14, 4982, '0', 0, 0, 0, -1, 0, 0, 1436.35, -4424.33, 25.5697, 4.85806, 120, 0, 0, 100, 0, NULL, NULL, NULL, NULL, '', NULL, 59466),
-- (@CGUID+284, 198070, 1, 14, 4982, '0', 0, 0, 0, -1, 0, 0, 1436.34, -4424.26, 25.5671, 4.85806, 120, 10, 0, 100, 1, NULL, NULL, NULL, NULL, '', NULL, 59466),
(@CGUID+285, 198070, 1, 1637, 11386, '0', 0, 0, 0, -1, 0, 0, 1435.89, -4421.17, 25.4536, 4.85806, 120, 0, 0, 100, 0, NULL, NULL, NULL, NULL, '', NULL, 59466),
(@CGUID+286, 198497, 1, 1637, 5170, '0', 0, 0, 0, -1, 0, 0, 1671.7, -4414.08, 22.8253, 3.23941, 120, 10, 0, 100, 1, NULL, NULL, NULL, NULL, '', NULL, 59466),
(@CGUID+287, 198541, 1, 1637, 5170, '0', 0, 0, 0, -1, 0, 0, 1673.29, -4411.92, 23.7814, 3.23354, 120, 10, 0, 100, 1, NULL, NULL, NULL, NULL, '', NULL, 59466),
(@CGUID+288, 199115, 1, 1637, 5170, '0', 0, 0, 0, -1, 0, 0, 1600.12, -4331.34, 21.1312, 3.92699, 120, 0, 0, 100, 0, NULL, NULL, NULL, NULL, '', NULL, 59466),
(@CGUID+289, 199164, 1, 1637, 0, '0', 0, 0, 0, -1, 0, 0, 1612.47, -4344.14, 21.1197, 5.37118, 120, 10, 0, 100, 1, NULL, NULL, NULL, NULL, '', NULL, 59466),
(@CGUID+290, 199265, 1, 1637, 0, '0', 0, 0, 0, -1, 0, 0, 1778.06, -4341.96, -7.19116, 3.66933, 120, 0, 0, 100, 0, NULL, NULL, NULL, NULL, '', NULL, 59466),
(@CGUID+291, 199268, 1, 1637, 0, '0', 0, 0, 0, -1, 0, 0, 1946.29, -4184.76, 37.1991, 4.89034, 120, 0, 0, 100, 0, NULL, NULL, NULL, NULL, '', NULL, 59466),
(@CGUID+292, 199275, 1, 1637, 0, '0', 0, 0, 0, -1, 0, 0, 1880.87, -4438.7, 110.493, 3.74573, 120, 0, 0, 100, 0, NULL, NULL, NULL, NULL, '', NULL, 59466),
(@CGUID+293, 199602, 1, 1637, 0, '0', 0, 0, 0, -1, 0, 0, 1601.74, -4358.39, 30.8395, 0, 120, 0, 0, 100, 0, NULL, NULL, NULL, NULL, '', NULL, 59466),
(@CGUID+294, 199602, 1, 1637, 0, '0', 0, 0, 0, -1, 0, 0, 1607.08, -4351.82, 30.1416, 0, 120, 0, 0, 100, 0, NULL, NULL, NULL, NULL, '', NULL, 59466),
(@CGUID+295, 199602, 1, 1637, 5170, '0', 0, 0, 0, -1, 0, 0, 1610.6, -4320.54, 25.7659, 0, 120, 0, 0, 100, 0, NULL, NULL, NULL, NULL, '', NULL, 59466),
(@CGUID+296, 199602, 1, 1637, 5170, '0', 0, 0, 0, -1, 0, 0, 1621.01, -4318.17, 25.6495, 0, 120, 0, 0, 100, 0, NULL, NULL, NULL, NULL, '', NULL, 59466),
(@CGUID+297, 199602, 1, 1637, 5170, '0', 0, 0, 0, -1, 0, 0, 1613.78, -4327.96, 28.1323, 0, 120, 0, 0, 100, 0, NULL, NULL, NULL, NULL, '', NULL, 59466),
(@CGUID+298, 199625, 1, 1637, 5170, '0', 0, 0, 0, -1, 0, 0, 1623.44, -4346.72, 21.1197, 2.63293, 120, 10, 0, 100, 1, NULL, NULL, NULL, NULL, '', NULL, 59466),
(@CGUID+299, 199643, 1, 1637, 0, '0', 0, 0, 0, -1, 0, 0, 1598.44, -4360.4, 21.1195, 6.17427, 120, 0, 0, 100, 0, NULL, NULL, NULL, NULL, '', NULL, 59466),
(@CGUID+300, 199705, 1, 1637, 0, '0', 0, 0, 0, -1, 0, 0, 1449.04, -4414.81, 25.5369, 4.11991, 120, 0, 0, 100, 0, NULL, NULL, NULL, NULL, '', NULL, 59466),
(@CGUID+301, 200097, 1, 1637, 0, '0', 0, 0, 0, -1, 0, 0, 1968.82, -4263.98, 24.5807, 4.35989, 120, 0, 0, 100, 0, NULL, NULL, NULL, NULL, '', NULL, 59466),
(@CGUID+302, 201230, 1, 1637, 0, '0', 0, 0, 0, -1, 0, 0, 1857.44, -4406.63, 104.039, 3.11696, 120, 0, 0, 100, 0, NULL, NULL, NULL, NULL, '', NULL, 59466),
(@CGUID+303, 201314, 1, 1637, 5170, '0', 0, 0, 0, -1, 0, 0, 1622.87, -4337.49, 21.6476, 3.69306, 120, 0, 0, 100, 0, NULL, NULL, NULL, NULL, '', NULL, 59466),
(@CGUID+304, 204648, 1, 1637, 5170, '0', 0, 0, 0, -1, 0, 0, 1801.44, -4311.13, -11.3589, 5.22527, 120, 0, 0, 100, 0, NULL, NULL, NULL, NULL, '', NULL, 59466),
(@CGUID+305, 212016, 1, 1637, 0, '0', 0, 0, 0, -1, 0, 0, 1787.03, -4409.87, 104.394, 5.97383, 120, 0, 0, 100, 0, NULL, NULL, NULL, NULL, '', NULL, 59466),
(@CGUID+306, 213769, 1, 1637, 1637, '0', 0, 0, 0, -1, 0, 0, 1563.43, -4426.39, 14.6887, 0.495312, 120, 0, 0, 100, 0, NULL, NULL, NULL, NULL, '', NULL, 59466),
(@CGUID+307, 215555, 1, 1637, 5170, '0', 0, 0, 0, -1, 0, 0, 1780.35, -4418.32, 103.396, 0.175958, 120, 0, 0, 100, 0, NULL, NULL, NULL, NULL, '', NULL, 59466),
(@CGUID+308, 226681, 1, 1637, 5170, '0', 0, 0, 0, -1, 0, 0, 1541.37, -4174.79, 58.3398, 4.17762, 120, 0, 0, 100, 0, NULL, NULL, NULL, NULL, '', NULL, 59466),
(@CGUID+309, 226681, 1, 1637, 5170, '0', 0, 0, 0, -1, 0, 0, 1537.67, -4156.11, 58.6915, 5.30018, 120, 0, 0, 100, 0, NULL, NULL, NULL, NULL, '', NULL, 59466),
(@CGUID+310, 229736, 1, 1637, 5332, '0', 0, 0, 0, -1, 0, 0, 1808.64, -4339.23, 102.033, 4.40161, 120, 0, 0, 100, 0, NULL, NULL, NULL, NULL, '', NULL, 59466),
(@CGUID+311, 230734, 1, 1637, 0, '0', 0, 0, 0, -1, 0, 0, 1848.86, -4265.64, 99.5497, 0.650538, 120, 0, 0, 100, 0, NULL, NULL, NULL, NULL, '', NULL, 59466),
(@CGUID+312, 230743, 1, 1637, 5170, '0', 0, 0, 0, -1, 0, 0, 1550.69, -4203.11, 53.9688, 3.48266, 120, 0, 0, 100, 0, NULL, NULL, NULL, NULL, '', NULL, 59466),
-- (@CGUID+313, 230765, 1, 14, 4982, '0', 0, 0, 0, -1, 0, 0, 1447.02, -4420.86, 25.6363, 3.16419, 120, 0, 0, 100, 0, NULL, NULL, NULL, NULL, '', NULL, 59466),
(@CGUID+314, 230765, 1, 1637, 0, '0', 0, 0, 0, -1, 0, 0, 1838.03, -4318.57, -15.3917, 1.79139, 120, 0, 0, 100, 0, NULL, NULL, NULL, NULL, '', NULL, 59466),
(@CGUID+315, 230780, 1, 1637, 5170, '0', 0, 0, 0, -1, 0, 0, 1575.64, -4141.7, 51.8133, 3.51091, 120, 0, 0, 100, 0, NULL, NULL, NULL, NULL, '', NULL, 59466);

-- creature addon
DELETE FROM `creature_addon` WHERE `guid` BETWEEN @CGUID+1 AND @CGUID+315;
INSERT INTO `creature_addon` (`guid`, `PathId`, `mount`, `MountCreatureID`, `StandState`, `AnimTier`, `VisFlags`, `SheathState`, `PvPFlags`, `emote`, `aiAnimKit`, `movementAnimKit`, `meleeAnimKit`, `visibilityDistanceType`, `auras`) VALUES 
(@CGUID+1, 0, 0, 0, 0, 0, 0, 1, 0, 0, 0, 0, 0, 0, ''),
(@CGUID+2, 0, 0, 0, 0, 0, 0, 1, 0, 0, 0, 0, 0, 0, ''),
(@CGUID+3, 0, 0, 0, 0, 0, 0, 1, 0, 0, 0, 0, 0, 0, ''),
(@CGUID+4, 0, 0, 0, 0, 0, 0, 1, 0, 0, 0, 0, 0, 0, ''),
(@CGUID+5, 0, 0, 0, 0, 0, 0, 1, 0, 0, 0, 0, 0, 0, ''),
(@CGUID+6, 0, 0, 0, 0, 0, 0, 1, 0, 0, 0, 0, 0, 0, ''),
(@CGUID+7, 0, 0, 0, 0, 0, 0, 1, 0, 0, 0, 0, 0, 0, ''),
(@CGUID+8, 0, 0, 0, 0, 0, 0, 1, 0, 0, 0, 0, 0, 0, ''),
(@CGUID+9, 0, 0, 0, 0, 0, 0, 1, 0, 0, 0, 0, 0, 0, ''),
(@CGUID+10, 0, 0, 0, 0, 0, 0, 1, 0, 0, 0, 0, 0, 0, ''),
(@CGUID+11, 0, 0, 0, 0, 0, 0, 1, 0, 0, 0, 0, 0, 0, ''),
(@CGUID+12, 0, 0, 0, 0, 0, 0, 1, 0, 0, 0, 0, 0, 0, ''),
(@CGUID+13, 0, 0, 0, 0, 0, 0, 1, 0, 0, 0, 0, 0, 0, ''),
(@CGUID+14, 0, 0, 0, 0, 0, 0, 1, 0, 0, 0, 0, 0, 0, ''),
(@CGUID+15, 0, 0, 0, 0, 0, 0, 1, 0, 0, 0, 0, 0, 0, ''),
(@CGUID+16, 0, 0, 0, 0, 0, 0, 1, 0, 0, 0, 0, 0, 0, ''),
(@CGUID+17, 0, 0, 0, 0, 0, 0, 1, 0, 0, 0, 0, 0, 0, ''),
(@CGUID+18, 0, 0, 0, 0, 0, 0, 1, 0, 0, 0, 0, 0, 0, ''),
(@CGUID+19, 0, 0, 0, 0, 0, 0, 1, 0, 0, 0, 0, 0, 0, ''),
(@CGUID+20, 0, 0, 0, 0, 0, 0, 1, 0, 0, 0, 0, 0, 0, ''),
(@CGUID+21, 0, 0, 0, 0, 0, 0, 1, 0, 0, 0, 0, 0, 0, ''),
(@CGUID+22, 0, 0, 0, 0, 0, 0, 1, 0, 0, 0, 0, 0, 0, ''),
(@CGUID+23, 0, 0, 0, 0, 0, 0, 1, 0, 0, 0, 0, 0, 0, ''),
-- (@CGUID+24, 0, 0, 0, 0, 0, 0, 1, 0, 0, 0, 0, 0, 0, ''),
-- (@CGUID+25, 0, 0, 0, 0, 0, 0, 1, 0, 0, 0, 0, 0, 0, ''),
(@CGUID+26, 0, 0, 0, 0, 0, 0, 1, 0, 0, 0, 0, 0, 0, ''),
(@CGUID+27, 0, 0, 0, 0, 0, 0, 1, 0, 0, 0, 0, 0, 0, ''),
(@CGUID+28, 0, 0, 0, 0, 0, 0, 1, 0, 0, 0, 0, 0, 0, ''),
(@CGUID+29, 0, 0, 0, 0, 0, 0, 1, 0, 0, 0, 0, 0, 0, ''),
(@CGUID+30, 0, 0, 0, 0, 0, 0, 1, 0, 0, 0, 0, 0, 0, ''),
(@CGUID+31, 0, 0, 0, 0, 0, 0, 1, 0, 0, 0, 0, 0, 0, ''),
(@CGUID+32, 0, 0, 0, 0, 0, 0, 1, 0, 0, 0, 0, 0, 0, ''),
(@CGUID+33, 0, 0, 0, 0, 0, 0, 1, 0, 0, 0, 0, 0, 0, ''),
-- (@CGUID+34, 0, 0, 0, 0, 0, 0, 1, 0, 0, 0, 0, 0, 0, ''),
-- (@CGUID+35, 0, 0, 0, 0, 0, 0, 1, 0, 0, 0, 0, 0, 0, ''),
(@CGUID+36, 0, 0, 0, 0, 0, 0, 1, 0, 0, 0, 0, 0, 0, ''),
(@CGUID+37, 0, 0, 0, 0, 0, 0, 1, 0, 0, 0, 0, 0, 0, ''),
(@CGUID+38, 0, 0, 0, 0, 0, 0, 1, 0, 0, 0, 0, 0, 0, ''),
(@CGUID+39, 0, 0, 0, 0, 0, 0, 1, 0, 0, 0, 0, 0, 0, ''),
(@CGUID+40, 0, 0, 0, 0, 0, 0, 1, 0, 0, 0, 0, 0, 0, ''),
(@CGUID+41, 0, 0, 0, 0, 0, 0, 1, 0, 0, 0, 0, 0, 0, ''),
(@CGUID+42, 0, 0, 0, 0, 0, 0, 1, 0, 0, 0, 0, 0, 0, ''),
(@CGUID+43, 0, 0, 0, 0, 0, 0, 1, 0, 0, 0, 0, 0, 0, ''),
-- (@CGUID+44, 0, 0, 0, 0, 0, 0, 1, 0, 0, 0, 0, 0, 0, ''),
(@CGUID+45, 0, 0, 0, 0, 0, 0, 1, 1, 0, 0, 0, 0, 0, ''),
(@CGUID+46, 0, 0, 0, 0, 0, 0, 1, 0, 0, 0, 0, 0, 0, ''),
(@CGUID+47, 0, 0, 0, 0, 0, 0, 1, 1, 0, 0, 0, 0, 0, ''),
(@CGUID+48, 0, 0, 0, 0, 0, 0, 0, 0, 0, 0, 0, 0, 0, ''),
(@CGUID+49, 0, 0, 0, 0, 0, 0, 0, 0, 0, 0, 0, 0, 0, ''),
(@CGUID+50, 0, 0, 0, 0, 0, 0, 0, 1, 0, 0, 0, 0, 0, ''),
(@CGUID+51, 0, 0, 0, 3, 0, 0, 1, 0, 0, 0, 0, 0, 0, '55701'),
(@CGUID+52, 0, 0, 0, 0, 0, 0, 1, 0, 0, 0, 0, 0, 0, ''),
-- (@CGUID+53, 0, 51048, 0, 0, 0, 0, 0, 0, 0, 0, 0, 0, 0, ''),
-- (@CGUID+54, 0, 0, 0, 0, 0, 0, 1, 1, 0, 0, 0, 0, 0, ''),
(@CGUID+55, 0, 0, 0, 1, 0, 0, 0, 1, 0, 0, 0, 0, 0, ''),
(@CGUID+56, 0, 0, 0, 0, 0, 0, 1, 1, 0, 0, 0, 0, 0, ''),
(@CGUID+57, 0, 0, 0, 0, 0, 0, 0, 1, 0, 0, 0, 0, 0, ''),
(@CGUID+58, 0, 0, 0, 3, 0, 0, 1, 0, 0, 0, 0, 0, 0, '55701'),
(@CGUID+59, 0, 0, 0, 0, 0, 0, 0, 1, 0, 0, 0, 0, 0, ''),
(@CGUID+60, 0, 0, 0, 0, 0, 0, 0, 1, 0, 0, 0, 0, 0, ''),
(@CGUID+61, 0, 0, 0, 0, 0, 0, 1, 1, 0, 0, 0, 0, 0, ''),
(@CGUID+62, 0, 0, 0, 0, 0, 0, 1, 1, 0, 0, 0, 0, 0, ''),
(@CGUID+63, 0, 0, 0, 0, 0, 0, 1, 1, 0, 0, 0, 0, 0, ''),
(@CGUID+64, 0, 0, 0, 0, 0, 0, 1, 1, 0, 0, 0, 0, 0, ''),
(@CGUID+65, 0, 0, 0, 0, 0, 0, 1, 1, 0, 0, 0, 0, 0, ''),
(@CGUID+66, 0, 0, 0, 1, 0, 0, 1, 1, 0, 0, 0, 0, 0, ''),
(@CGUID+67, 0, 0, 0, 0, 0, 0, 1, 1, 0, 0, 0, 0, 0, ''),
(@CGUID+68, 0, 0, 0, 0, 0, 0, 1, 1, 0, 0, 0, 0, 0, ''),
(@CGUID+69, 0, 0, 0, 0, 0, 0, 1, 0, 0, 0, 0, 0, 0, ''),
(@CGUID+70, 0, 0, 0, 0, 0, 0, 1, 0, 0, 0, 0, 0, 4, ''),
(@CGUID+71, 0, 0, 0, 0, 0, 0, 1, 0, 0, 0, 0, 0, 4, ''),
(@CGUID+72, 0, 0, 0, 0, 0, 0, 1, 0, 0, 0, 0, 0, 4, ''),
(@CGUID+73, 0, 0, 0, 0, 0, 0, 1, 0, 0, 0, 0, 0, 4, ''),
(@CGUID+74, 0, 0, 0, 0, 0, 0, 1, 0, 0, 0, 0, 0, 4, ''),
(@CGUID+75, 0, 0, 0, 0, 0, 0, 1, 0, 0, 0, 0, 0, 4, ''),
(@CGUID+76, 0, 0, 0, 0, 0, 0, 1, 0, 0, 0, 0, 0, 4, ''),
(@CGUID+77, 0, 0, 0, 0, 0, 0, 1, 1, 0, 0, 0, 0, 0, ''),
(@CGUID+78, 0, 0, 0, 0, 0, 0, 1, 0, 0, 13994, 0, 0, 0, ''),
(@CGUID+79, 0, 0, 0, 0, 0, 0, 1, 1, 0, 0, 0, 0, 0, ''),
(@CGUID+80, 0, 0, 0, 0, 0, 0, 0, 0, 0, 0, 0, 0, 0, ''),
(@CGUID+81, 0, 0, 0, 0, 0, 0, 1, 0, 0, 0, 0, 0, 0, ''),
(@CGUID+82, 0, 0, 0, 0, 0, 0, 1, 0, 0, 0, 0, 0, 0, ''),
(@CGUID+83, 0, 0, 0, 0, 0, 0, 1, 0, 0, 0, 0, 0, 0, ''),
(@CGUID+84, 0, 0, 0, 0, 0, 0, 1, 0, 0, 0, 0, 0, 0, ''),
(@CGUID+85, 0, 0, 0, 0, 0, 0, 1, 0, 0, 0, 0, 0, 0, ''),
(@CGUID+86, 0, 0, 0, 1, 0, 0, 1, 1, 0, 0, 0, 0, 0, ''),
(@CGUID+87, 0, 0, 0, 0, 0, 0, 1, 1, 0, 0, 0, 0, 0, ''),
(@CGUID+88, 0, 1566, 0, 0, 3, 0, 1, 0, 0, 0, 0, 0, 3, ''),
(@CGUID+89, 0, 1566, 0, 0, 3, 0, 1, 0, 0, 0, 0, 0, 3, ''),
(@CGUID+90, 0, 1566, 0, 0, 3, 0, 1, 0, 0, 0, 0, 0, 3, ''),
(@CGUID+91, 0, 1566, 0, 0, 3, 0, 1, 0, 0, 0, 0, 0, 3, ''),
(@CGUID+92, 0, 1566, 0, 0, 3, 0, 1, 0, 0, 0, 0, 0, 3, ''),
(@CGUID+93, 0, 1566, 0, 0, 3, 0, 1, 0, 0, 0, 0, 0, 3, ''),
(@CGUID+94, 0, 1566, 0, 0, 3, 0, 1, 0, 0, 0, 0, 0, 3, ''),
(@CGUID+95, 0, 1566, 0, 0, 3, 0, 1, 0, 0, 0, 0, 0, 3, ''),
(@CGUID+96, 0, 1566, 0, 0, 3, 0, 1, 0, 0, 0, 0, 0, 3, ''),
(@CGUID+97, 0, 1566, 0, 0, 3, 0, 1, 0, 0, 0, 0, 0, 3, ''),
(@CGUID+98, 0, 1566, 0, 0, 3, 0, 1, 0, 0, 0, 0, 0, 3, ''),
(@CGUID+99, 0, 1566, 0, 0, 3, 0, 1, 0, 0, 0, 0, 0, 3, ''),
(@CGUID+100, 0, 1566, 0, 0, 3, 0, 1, 0, 0, 0, 0, 0, 3, ''),
(@CGUID+101, 0, 1566, 0, 0, 3, 0, 1, 0, 0, 0, 0, 0, 3, ''),
(@CGUID+102, 0, 1566, 0, 0, 3, 0, 1, 0, 0, 0, 0, 0, 3, ''),
(@CGUID+103, 0, 1566, 0, 0, 3, 0, 1, 0, 0, 0, 0, 0, 3, ''),
(@CGUID+104, 0, 1566, 0, 0, 3, 0, 1, 0, 0, 0, 0, 0, 3, ''),
(@CGUID+105, 0, 1566, 0, 0, 3, 0, 1, 0, 0, 0, 0, 0, 3, ''),
(@CGUID+106, 0, 1566, 0, 0, 3, 0, 1, 0, 0, 0, 0, 0, 3, ''),
(@CGUID+107, 0, 1566, 0, 0, 3, 0, 1, 0, 0, 0, 0, 0, 3, ''),
(@CGUID+108, 0, 1566, 0, 0, 3, 0, 1, 0, 0, 0, 0, 0, 3, ''),
(@CGUID+109, 0, 1566, 0, 0, 3, 0, 1, 0, 0, 0, 0, 0, 3, ''),
(@CGUID+110, 0, 1566, 0, 0, 3, 0, 1, 0, 0, 0, 0, 0, 3, ''),
(@CGUID+111, 0, 1566, 0, 0, 3, 0, 1, 0, 0, 0, 0, 0, 3, ''),
(@CGUID+112, 0, 1566, 0, 0, 3, 0, 1, 0, 0, 0, 0, 0, 3, ''),
(@CGUID+113, 0, 1566, 0, 0, 3, 0, 1, 0, 0, 0, 0, 0, 3, ''),
(@CGUID+114, 0, 1566, 0, 0, 3, 0, 1, 0, 0, 0, 0, 0, 3, ''),
(@CGUID+115, 0, 1566, 0, 0, 3, 0, 1, 0, 0, 0, 0, 0, 3, ''),
(@CGUID+116, 0, 1566, 0, 0, 3, 0, 1, 0, 0, 0, 0, 0, 3, ''),
(@CGUID+117, 0, 1566, 0, 0, 3, 0, 1, 0, 0, 0, 0, 0, 3, ''),
(@CGUID+118, 0, 1566, 0, 0, 3, 0, 1, 0, 0, 0, 0, 0, 3, ''),
(@CGUID+119, 0, 1566, 0, 0, 3, 0, 1, 0, 0, 0, 0, 0, 3, ''),
(@CGUID+120, 0, 1566, 0, 0, 3, 0, 1, 0, 0, 0, 0, 0, 3, ''),
(@CGUID+121, 0, 1566, 0, 0, 3, 0, 1, 0, 0, 0, 0, 0, 3, ''),
(@CGUID+122, 0, 1566, 0, 0, 3, 0, 1, 0, 0, 0, 0, 0, 3, ''),
(@CGUID+123, 0, 1566, 0, 0, 3, 0, 1, 0, 0, 0, 0, 0, 3, ''),
(@CGUID+124, 0, 1566, 0, 0, 3, 0, 1, 0, 0, 0, 0, 0, 3, ''),
(@CGUID+125, 0, 1566, 0, 0, 3, 0, 1, 0, 0, 0, 0, 0, 3, ''),
(@CGUID+126, 0, 1566, 0, 0, 3, 0, 1, 0, 0, 0, 0, 0, 3, ''),
(@CGUID+127, 0, 1566, 0, 0, 3, 0, 1, 0, 0, 0, 0, 0, 3, ''),
(@CGUID+128, 0, 1566, 0, 0, 3, 0, 1, 0, 0, 0, 0, 0, 3, ''),
(@CGUID+129, 0, 1566, 0, 0, 3, 0, 1, 0, 0, 0, 0, 0, 3, ''),
(@CGUID+130, 0, 1566, 0, 0, 3, 0, 1, 0, 0, 0, 0, 0, 3, ''),
(@CGUID+131, 0, 1566, 0, 0, 3, 0, 1, 0, 0, 0, 0, 0, 3, ''),
(@CGUID+132, 0, 1566, 0, 0, 3, 0, 1, 0, 0, 0, 0, 0, 3, ''),
(@CGUID+133, 0, 0, 0, 1, 0, 0, 1, 0, 0, 0, 0, 0, 0, '42871'),
(@CGUID+134, 0, 0, 0, 0, 0, 0, 1, 0, 0, 0, 0, 0, 0, ''),
(@CGUID+135, 0, 0, 0, 0, 0, 0, 1, 0, 0, 0, 0, 0, 0, ''),
(@CGUID+136, 0, 0, 0, 0, 0, 0, 1, 0, 0, 0, 0, 0, 0, ''),
(@CGUID+137, 0, 0, 0, 1, 0, 0, 1, 0, 0, 0, 0, 0, 0, ''),
(@CGUID+138, 0, 0, 0, 1, 0, 0, 1, 0, 0, 0, 0, 0, 0, ''),
(@CGUID+139, 0, 0, 0, 0, 0, 0, 0, 0, 0, 0, 0, 0, 0, ''),
(@CGUID+140, 0, 0, 0, 0, 0, 0, 0, 0, 0, 0, 0, 0, 0, ''),
(@CGUID+141, 0, 0, 0, 0, 0, 0, 0, 0, 0, 0, 0, 0, 0, ''),
(@CGUID+142, 0, 0, 0, 0, 0, 0, 1, 0, 0, 0, 0, 0, 0, ''),
(@CGUID+143, 0, 0, 0, 0, 0, 0, 1, 0, 0, 0, 0, 0, 0, ''),
(@CGUID+144, 0, 0, 0, 0, 0, 0, 1, 0, 0, 0, 0, 0, 0, ''),
(@CGUID+145, 0, 0, 0, 0, 0, 0, 0, 0, 0, 0, 0, 0, 0, ''),
(@CGUID+146, 0, 0, 0, 1, 0, 0, 1, 0, 0, 0, 0, 0, 0, '42871'),
(@CGUID+147, 0, 0, 0, 1, 0, 0, 1, 0, 0, 0, 0, 0, 0, '42871'),
(@CGUID+148, 0, 0, 0, 0, 0, 0, 0, 0, 0, 0, 0, 0, 0, ''),
(@CGUID+149, 0, 0, 0, 0, 0, 0, 1, 0, 0, 0, 0, 0, 0, ''),
(@CGUID+150, 0, 0, 0, 0, 0, 0, 1, 0, 0, 0, 0, 0, 0, ''),
(@CGUID+151, 0, 0, 0, 0, 0, 0, 0, 0, 0, 0, 0, 0, 0, ''),
(@CGUID+152, 0, 0, 0, 0, 0, 0, 0, 0, 0, 0, 0, 0, 0, ''),
(@CGUID+153, 0, 0, 0, 0, 0, 0, 1, 0, 0, 0, 0, 0, 0, ''),
(@CGUID+154, 0, 0, 0, 0, 0, 0, 2, 0, 0, 0, 0, 0, 0, ''),
(@CGUID+155, 0, 0, 0, 0, 0, 0, 1, 0, 0, 0, 0, 0, 0, ''),
(@CGUID+156, 0, 0, 0, 0, 0, 0, 1, 0, 0, 0, 0, 0, 0, ''),
(@CGUID+157, 0, 0, 0, 0, 0, 0, 1, 1, 0, 0, 0, 0, 0, '287432'),
(@CGUID+158, 0, 0, 0, 0, 0, 0, 1, 1, 0, 0, 0, 0, 0, '287432'),
(@CGUID+159, 0, 0, 0, 0, 0, 0, 1, 1, 0, 0, 0, 0, 0, '286709'),
(@CGUID+160, 0, 0, 0, 0, 0, 0, 1, 1, 0, 0, 0, 0, 0, '286709'),
(@CGUID+161, 0, 0, 0, 0, 0, 0, 1, 1, 0, 0, 0, 0, 0, '287470'),
(@CGUID+162, 0, 0, 0, 0, 0, 0, 1, 1, 0, 0, 0, 0, 0, '287470'),
(@CGUID+163, 0, 0, 0, 0, 0, 0, 1, 1, 0, 0, 0, 0, 0, '288451'),
(@CGUID+164, 0, 0, 0, 0, 0, 0, 1, 1, 0, 0, 0, 0, 0, '288451'),
(@CGUID+165, 0, 0, 0, 0, 0, 0, 1, 1, 0, 0, 0, 0, 0, '288462'),
(@CGUID+166, 0, 0, 0, 0, 0, 0, 1, 1, 0, 0, 0, 0, 0, '288462'),
(@CGUID+167, 0, 0, 0, 0, 0, 0, 1, 1, 0, 0, 0, 0, 0, '288540'),
(@CGUID+168, 0, 0, 0, 0, 0, 0, 1, 1, 0, 0, 0, 0, 0, '288540'),
-- (@CGUID+169, 0, 0, 0, 0, 0, 0, 1, 1, 0, 0, 0, 0, 0, '289141'),
(@CGUID+170, 0, 0, 0, 0, 0, 0, 1, 1, 0, 0, 0, 0, 0, '289141'),
(@CGUID+171, 0, 0, 0, 0, 0, 0, 1, 1, 0, 0, 0, 0, 0, ''),
-- (@CGUID+172, 0, 0, 0, 0, 0, 0, 1, 1, 0, 0, 0, 0, 0, ''),
(@CGUID+173, 0, 0, 0, 0, 0, 0, 1, 1, 0, 0, 0, 0, 0, ''),
(@CGUID+174, 0, 0, 0, 0, 0, 0, 1, 1, 0, 0, 0, 0, 0, ''),
(@CGUID+175, 0, 0, 0, 0, 0, 0, 1, 1, 0, 0, 0, 0, 0, ''),
(@CGUID+176, 0, 0, 0, 0, 0, 0, 1, 1, 0, 0, 0, 0, 0, ''),
(@CGUID+177, 0, 0, 0, 0, 0, 0, 1, 1, 0, 0, 0, 0, 0, ''),
-- (@CGUID+178, 0, 0, 0, 1, 0, 0, 1, 1, 0, 0, 0, 0, 0, ''),
-- (@CGUID+179, 0, 0, 0, 0, 0, 0, 1, 1, 69, 0, 0, 0, 0, ''),
(@CGUID+180, 0, 0, 0, 1, 0, 0, 1, 1, 0, 0, 0, 0, 0, ''),
(@CGUID+181, 0, 0, 0, 0, 0, 0, 1, 1, 0, 0, 0, 0, 0, '303500'),
(@CGUID+182, 0, 0, 0, 0, 0, 0, 0, 1, 0, 0, 0, 0, 0, ''),
(@CGUID+183, 0, 0, 0, 0, 0, 0, 0, 1, 0, 0, 0, 0, 0, ''),
(@CGUID+184, 0, 0, 0, 0, 0, 0, 1, 1, 0, 0, 0, 0, 0, ''),
(@CGUID+185, 0, 0, 0, 0, 0, 0, 1, 0, 0, 0, 0, 0, 0, ''),
(@CGUID+186, 0, 0, 0, 0, 0, 0, 1, 0, 0, 0, 0, 0, 0, '182641'),
(@CGUID+187, 0, 0, 0, 0, 0, 0, 1, 1, 0, 0, 0, 0, 0, '303508'),
(@CGUID+188, 0, 0, 0, 0, 0, 0, 1, 1, 0, 0, 0, 0, 0, '303508'),
(@CGUID+189, 0, 0, 0, 0, 0, 0, 1, 1, 0, 0, 0, 0, 0, ''),
(@CGUID+190, 0, 0, 0, 0, 0, 0, 1, 1, 0, 0, 0, 0, 0, ''),
(@CGUID+191, 0, 0, 0, 0, 0, 0, 1, 1, 0, 0, 0, 0, 0, ''),
(@CGUID+192, 0, 0, 0, 0, 0, 0, 1, 1, 0, 0, 0, 0, 0, ''),
(@CGUID+193, 0, 0, 0, 0, 0, 0, 1, 1, 0, 0, 0, 0, 0, ''),
(@CGUID+194, 0, 0, 0, 0, 0, 0, 1, 1, 69, 0, 0, 0, 0, ''),
(@CGUID+195, 0, 0, 0, 0, 0, 0, 1, 1, 0, 0, 0, 0, 0, ''),
(@CGUID+196, 0, 0, 0, 0, 0, 0, 1, 0, 0, 0, 0, 0, 0, '313952'),
(@CGUID+197, 0, 0, 0, 1, 0, 0, 1, 0, 0, 0, 0, 0, 0, ''),
(@CGUID+198, 0, 0, 0, 0, 0, 0, 1, 0, 0, 0, 0, 0, 0, ''),
-- (@CGUID+199, 0, 0, 0, 0, 0, 0, 0, 0, 0, 0, 0, 0, 0, ''),
-- (@CGUID+200, 0, 0, 0, 0, 0, 0, 0, 0, 0, 0, 0, 0, 0, ''),
-- (@CGUID+201, 0, 0, 0, 0, 0, 0, 0, 0, 0, 0, 0, 0, 0, ''),
-- (@CGUID+202, 0, 0, 0, 0, 0, 0, 0, 0, 0, 0, 0, 0, 0, ''),
-- (@CGUID+203, 0, 0, 0, 0, 0, 0, 0, 0, 0, 0, 0, 0, 0, ''),
-- (@CGUID+204, 0, 0, 0, 0, 0, 0, 0, 0, 0, 0, 0, 0, 0, ''),
-- (@CGUID+205, 0, 0, 0, 0, 0, 0, 0, 0, 0, 0, 0, 0, 0, ''),
-- (@CGUID+206, 0, 0, 0, 0, 0, 0, 0, 0, 0, 0, 0, 0, 0, ''),
-- (@CGUID+207, 0, 0, 0, 0, 0, 0, 0, 0, 0, 0, 0, 0, 0, ''),
(@CGUID+208, 0, 0, 0, 0, 0, 0, 1, 1, 0, 0, 0, 0, 0, ''),
-- (@CGUID+209, 0, 0, 0, 0, 0, 0, 0, 0, 0, 0, 0, 0, 0, ''),
-- (@CGUID+210, 0, 0, 0, 0, 0, 0, 0, 0, 0, 0, 0, 0, 0, ''),
-- (@CGUID+211, 0, 0, 0, 0, 0, 0, 0, 0, 0, 0, 0, 0, 0, ''),
-- (@CGUID+212, 0, 0, 0, 0, 0, 0, 0, 0, 0, 0, 0, 0, 0, ''),
-- (@CGUID+213, 0, 0, 0, 0, 0, 0, 0, 0, 0, 0, 0, 0, 0, ''),
-- (@CGUID+214, 0, 0, 0, 0, 0, 0, 0, 0, 0, 0, 0, 0, 0, ''),
-- (@CGUID+215, 0, 0, 0, 0, 0, 0, 0, 0, 0, 0, 0, 0, 0, ''),
-- (@CGUID+216, 0, 0, 0, 0, 0, 0, 0, 0, 0, 0, 0, 0, 0, ''),
-- (@CGUID+217, 0, 0, 0, 0, 0, 0, 0, 0, 0, 0, 0, 0, 0, ''),
-- (@CGUID+218, 0, 0, 0, 0, 0, 0, 0, 0, 0, 0, 0, 0, 0, ''),
-- (@CGUID+219, 0, 0, 0, 0, 0, 0, 0, 0, 0, 0, 0, 0, 0, ''),
-- (@CGUID+220, 0, 0, 0, 0, 0, 0, 0, 0, 0, 0, 0, 0, 0, ''),
-- (@CGUID+221, 0, 0, 0, 0, 0, 0, 0, 0, 0, 0, 0, 0, 0, ''),
-- (@CGUID+222, 0, 0, 0, 0, 0, 0, 1, 0, 0, 0, 0, 0, 0, ''),
-- (@CGUID+223, 0, 0, 0, 0, 0, 0, 1, 0, 0, 0, 0, 0, 0, ''),
-- (@CGUID+224, 0, 0, 0, 0, 0, 0, 1, 0, 0, 0, 0, 0, 0, ''),
-- (@CGUID+225, 0, 0, 0, 0, 0, 0, 1, 0, 0, 0, 0, 0, 0, ''),
-- (@CGUID+226, 0, 0, 0, 0, 0, 0, 1, 0, 0, 0, 0, 0, 0, ''),
-- (@CGUID+227, 0, 0, 0, 0, 0, 0, 1, 0, 578, 0, 0, 0, 0, ''),
-- (@CGUID+228, 0, 0, 0, 0, 0, 0, 1, 0, 578, 0, 0, 0, 0, ''),
-- (@CGUID+229, 0, 0, 0, 0, 0, 0, 1, 0, 0, 0, 0, 0, 0, ''),
-- (@CGUID+230, 0, 0, 0, 0, 0, 0, 1, 0, 0, 0, 0, 0, 0, ''),
-- (@CGUID+231, 0, 0, 0, 0, 0, 0, 1, 0, 0, 0, 0, 0, 0, ''),
-- (@CGUID+232, 0, 0, 0, 0, 0, 0, 1, 0, 0, 0, 0, 0, 0, ''),
-- (@CGUID+233, 0, 0, 0, 0, 0, 0, 1, 0, 0, 0, 0, 0, 0, ''),
(@CGUID+234, 0, 0, 0, 0, 0, 0, 1, 1, 0, 0, 0, 0, 0, '339689'),
(@CGUID+235, 0, 0, 0, 0, 0, 0, 1, 1, 0, 0, 0, 0, 0, '339689'),
(@CGUID+236, 0, 0, 0, 0, 0, 0, 1, 0, 0, 0, 0, 0, 0, ''),
(@CGUID+237, 0, 0, 0, 0, 0, 0, 1, 0, 0, 835, 0, 0, 0, ''),
(@CGUID+238, 0, 0, 0, 0, 0, 0, 1, 0, 0, 835, 0, 0, 0, ''),
(@CGUID+239, 0, 0, 0, 0, 0, 0, 1, 0, 0, 0, 0, 0, 0, ''),
(@CGUID+240, 0, 0, 0, 0, 0, 0, 1, 0, 0, 0, 0, 0, 0, ''),
(@CGUID+241, 0, 0, 0, 0, 0, 0, 1, 1, 0, 0, 0, 0, 0, '18950'),
(@CGUID+242, 0, 0, 0, 0, 0, 0, 1, 0, 0, 0, 0, 0, 0, ''),
(@CGUID+243, 0, 0, 0, 0, 0, 0, 1, 1, 0, 0, 0, 0, 3, ''),
(@CGUID+244, 0, 0, 0, 0, 0, 0, 1, 1, 0, 0, 0, 0, 0, ''),
(@CGUID+245, 0, 0, 0, 0, 0, 0, 1, 0, 0, 0, 0, 0, 0, ''),
(@CGUID+246, 0, 0, 0, 0, 0, 0, 1, 0, 0, 0, 0, 0, 0, ''),
(@CGUID+247, 0, 0, 0, 0, 0, 0, 1, 0, 0, 0, 0, 0, 0, ''),
-- (@CGUID+248, 0, 0, 0, 0, 0, 0, 0, 0, 0, 0, 0, 0, 0, ''),
(@CGUID+249, 0, 0, 0, 0, 0, 0, 1, 0, 613, 0, 0, 0, 0, ''),
(@CGUID+250, 0, 0, 0, 0, 0, 0, 1, 0, 0, 0, 0, 0, 0, ''),
(@CGUID+251, 0, 0, 0, 0, 0, 0, 1, 0, 0, 0, 0, 0, 0, ''),
(@CGUID+252, 0, 0, 0, 0, 0, 0, 0, 0, 0, 0, 0, 0, 0, ''),
(@CGUID+253, 0, 0, 0, 0, 0, 0, 1, 0, 0, 0, 0, 0, 0, ''),
(@CGUID+254, 0, 0, 0, 0, 0, 0, 0, 0, 0, 0, 0, 0, 0, ''),
(@CGUID+255, 0, 0, 0, 0, 0, 0, 1, 0, 0, 0, 0, 0, 0, ''),
(@CGUID+256, 0, 0, 0, 0, 0, 0, 1, 0, 0, 0, 0, 0, 0, ''),
(@CGUID+257, 0, 0, 0, 0, 0, 0, 1, 0, 0, 0, 0, 0, 0, ''),
(@CGUID+258, 0, 0, 0, 0, 0, 0, 1, 0, 0, 0, 0, 0, 0, ''),
(@CGUID+259, 0, 0, 0, 0, 0, 0, 1, 0, 0, 0, 0, 0, 0, ''),
(@CGUID+260, 0, 0, 0, 0, 0, 0, 1, 0, 0, 0, 0, 0, 0, ''),
(@CGUID+261, 0, 0, 0, 0, 0, 0, 1, 0, 0, 0, 0, 0, 0, ''),
-- (@CGUID+262, 0, 0, 0, 0, 0, 0, 1, 0, 0, 0, 0, 0, 0, ''),
(@CGUID+263, 0, 0, 0, 0, 0, 0, 1, 0, 0, 24761, 0, 0, 0, ''),
(@CGUID+264, 0, 0, 0, 0, 0, 0, 1, 0, 0, 24761, 0, 0, 0, ''),
(@CGUID+265, 0, 0, 0, 0, 0, 0, 1, 0, 0, 21379, 0, 0, 0, ''),
(@CGUID+266, 0, 0, 0, 0, 0, 0, 1, 0, 0, 0, 0, 0, 0, ''),
(@CGUID+267, 0, 0, 0, 0, 0, 0, 1, 0, 0, 0, 0, 0, 0, ''),
(@CGUID+268, 0, 0, 0, 0, 0, 0, 1, 0, 0, 0, 0, 0, 0, ''),
(@CGUID+269, 0, 0, 0, 0, 0, 0, 1, 0, 0, 0, 0, 0, 0, ''),
(@CGUID+270, 0, 0, 0, 0, 0, 0, 1, 0, 0, 0, 0, 0, 0, ''),
(@CGUID+271, 0, 0, 0, 0, 0, 0, 1, 0, 0, 0, 0, 0, 0, ''),
(@CGUID+272, 0, 0, 0, 0, 0, 0, 1, 0, 0, 0, 0, 0, 0, ''),
(@CGUID+273, 0, 0, 0, 0, 0, 0, 1, 0, 0, 0, 0, 0, 0, ''),
(@CGUID+274, 0, 0, 0, 0, 0, 0, 1, 0, 0, 0, 0, 0, 0, ''),
(@CGUID+275, 0, 0, 0, 0, 0, 0, 1, 0, 0, 0, 0, 0, 0, ''),
(@CGUID+276, 0, 0, 0, 0, 0, 0, 1, 0, 0, 0, 0, 0, 0, ''),
(@CGUID+277, 0, 0, 0, 0, 0, 0, 1, 0, 0, 0, 0, 0, 0, ''),
(@CGUID+278, 0, 0, 0, 1, 0, 0, 1, 0, 0, 0, 0, 0, 0, ''),
(@CGUID+279, 0, 0, 0, 0, 0, 0, 1, 0, 483, 0, 0, 0, 0, ''),
(@CGUID+280, 0, 0, 0, 0, 0, 0, 1, 0, 0, 0, 0, 0, 0, ''),
(@CGUID+281, 0, 0, 0, 1, 0, 0, 1, 0, 0, 0, 0, 0, 0, ''),
-- (@CGUID+282, 0, 0, 0, 0, 0, 0, 1, 1, 0, 0, 0, 0, 0, ''),
-- (@CGUID+283, 0, 0, 0, 0, 0, 0, 1, 1, 0, 0, 0, 0, 0, ''),
-- (@CGUID+284, 0, 0, 0, 0, 0, 0, 1, 1, 0, 0, 0, 0, 0, ''),
(@CGUID+285, 0, 0, 0, 0, 0, 0, 1, 1, 0, 0, 0, 0, 0, ''),
(@CGUID+286, 0, 0, 0, 0, 0, 0, 1, 0, 0, 0, 0, 0, 0, '372653 147164'),
(@CGUID+287, 0, 0, 0, 0, 0, 0, 1, 0, 0, 0, 0, 0, 0, ''),
(@CGUID+288, 0, 0, 0, 0, 0, 0, 1, 0, 0, 0, 0, 0, 0, ''),
(@CGUID+289, 0, 0, 0, 0, 0, 0, 1, 0, 0, 0, 0, 0, 0, ''),
(@CGUID+290, 0, 0, 0, 0, 0, 0, 1, 0, 0, 0, 0, 0, 0, ''),
(@CGUID+291, 0, 0, 0, 0, 0, 0, 1, 0, 0, 0, 0, 0, 0, '391126'),
(@CGUID+292, 0, 0, 0, 0, 0, 0, 1, 0, 0, 0, 0, 0, 0, '186810'),
(@CGUID+293, 0, 0, 0, 0, 0, 0, 1, 0, 0, 0, 0, 0, 0, ''),
(@CGUID+294, 0, 0, 0, 0, 0, 0, 1, 0, 0, 0, 0, 0, 0, ''),
(@CGUID+295, 0, 0, 0, 0, 0, 0, 1, 0, 0, 0, 0, 0, 0, ''),
(@CGUID+296, 0, 0, 0, 0, 0, 0, 1, 0, 0, 0, 0, 0, 0, ''),
(@CGUID+297, 0, 0, 0, 0, 0, 0, 1, 0, 0, 0, 0, 0, 0, ''),
(@CGUID+298, 0, 0, 0, 0, 0, 0, 1, 0, 0, 0, 0, 0, 0, ''),
(@CGUID+299, 0, 0, 0, 0, 0, 0, 1, 0, 569, 0, 0, 0, 0, ''),
(@CGUID+300, 0, 0, 0, 0, 0, 0, 1, 0, 0, 0, 0, 0, 0, ''),
(@CGUID+301, 0, 0, 0, 1, 0, 0, 1, 0, 0, 0, 0, 0, 0, ''),
(@CGUID+302, 0, 0, 0, 0, 0, 0, 1, 0, 0, 0, 0, 0, 0, ''),
(@CGUID+303, 0, 0, 0, 0, 0, 0, 1, 0, 0, 0, 0, 0, 0, ''),
(@CGUID+304, 0, 0, 0, 0, 0, 0, 1, 0, 0, 0, 0, 0, 0, ''),
(@CGUID+305, 0, 0, 0, 0, 0, 0, 1, 0, 0, 0, 0, 0, 0, ''),
(@CGUID+306, 0, 0, 0, 0, 0, 0, 1, 0, 0, 0, 0, 0, 0, ''),
(@CGUID+307, 0, 0, 0, 0, 0, 0, 1, 0, 0, 28580, 0, 0, 0, ''),
(@CGUID+308, 0, 0, 0, 0, 0, 0, 1, 1, 0, 0, 0, 0, 0, ''),
(@CGUID+309, 0, 0, 0, 0, 0, 0, 1, 1, 0, 27930, 0, 0, 0, ''),
(@CGUID+310, 0, 0, 0, 0, 0, 0, 1, 0, 0, 0, 0, 0, 0, ''),
(@CGUID+311, 0, 0, 0, 8, 0, 0, 1, 0, 0, 0, 0, 0, 0, ''),
(@CGUID+312, 0, 0, 0, 0, 0, 0, 0, 0, 0, 0, 0, 0, 0, ''),
-- (@CGUID+313, 0, 0, 0, 0, 0, 0, 0, 0, 0, 0, 0, 0, 0, ''),
(@CGUID+314, 0, 0, 0, 0, 0, 0, 1, 0, 569, 0, 0, 0, 0, ''),
(@CGUID+315, 0, 0, 0, 0, 0, 0, 1, 0, 0, 0, 0, 0, 0, '');

-- creature template addon
DELETE FROM `creature_template_addon` WHERE `entry` IN(1420,42594,49743,61369,62114,62115,62195,63085,63086,69977,69978,72559,72654,73151,74228,88701,88702,88703,89830,114131,130911,133186,133261,133271,133407,133523,135201,135202,137762,140462,141528,141707,141767,141804,141826,141845,141912,141920,145714,146626,148242,148250,148263,148265,148768,148770,148795,149258,149279,149297,149371,149404,149408,149409,149522,149616,149626,150131,151937,152643,155739,158131,158133,158138,158141,161223,167032,168459,169177,171791,172558,173279,173281,173548,174147,174863,174864,174865,175050,175084,175135,176012,176094,176095,176261,176554,180176,183978,184664,184666,184786,184793,185472,185473,185669,185670,190239,191463,192355,197767,197770,197771,198070,198497,198541,199115,199164,199265,199268,199275,199602,199625,199643,199705,200097,201230,201314,204648,212016,213769,215555,226681,229736,230734,230743,230765,230780);
INSERT INTO `creature_template_addon` (`entry`, `PathId`, `mount`, `MountCreatureID`, `StandState`, `AnimTier`, `VisFlags`, `SheathState`, `PvPFlags`, `emote`, `aiAnimKit`, `movementAnimKit`, `meleeAnimKit`, `visibilityDistanceType`, `auras`) VALUES 
(1420, 0, 0, 0, 0, 0, 0, 1, 0, 0, 0, 0, 0, 0, ''),
(42594, 0, 0, 0, 0, 0, 0, 1, 0, 0, 0, 0, 0, 0, ''),
(49743, 0, 0, 0, 0, 0, 0, 1, 0, 0, 0, 0, 0, 0, ''),
(61369, 0, 0, 0, 0, 0, 0, 1, 0, 0, 0, 0, 0, 0, ''),
(62114, 0, 0, 0, 0, 0, 0, 1, 0, 0, 0, 0, 0, 0, ''),
(62115, 0, 0, 0, 0, 0, 0, 1, 0, 0, 0, 0, 0, 0, ''),
(62195, 0, 0, 0, 0, 0, 0, 1, 1, 0, 0, 0, 0, 0, ''),
(63085, 0, 0, 0, 0, 0, 0, 1, 0, 0, 0, 0, 0, 0, ''),
(63086, 0, 0, 0, 0, 0, 0, 1, 1, 0, 0, 0, 0, 0, ''),
(69977, 0, 0, 0, 0, 0, 0, 0, 0, 0, 0, 0, 0, 0, ''),
(69978, 0, 0, 0, 0, 0, 0, 0, 0, 0, 0, 0, 0, 0, ''),
(72559, 0, 0, 0, 0, 0, 0, 0, 1, 0, 0, 0, 0, 0, ''),
(72654, 0, 0, 0, 0, 0, 0, 1, 0, 0, 0, 0, 0, 0, ''),
(73151, 0, 51048, 0, 0, 0, 0, 0, 0, 0, 0, 0, 0, 0, ''),
(74228, 0, 0, 0, 0, 0, 0, 1, 1, 0, 0, 0, 0, 0, ''),
(88701, 0, 0, 0, 1, 0, 0, 1, 1, 0, 0, 0, 0, 0, ''),
(88702, 0, 0, 0, 0, 0, 0, 1, 1, 0, 0, 0, 0, 0, ''),
(88703, 0, 0, 0, 0, 0, 0, 1, 1, 0, 0, 0, 0, 0, ''),
(89830, 0, 0, 0, 0, 0, 0, 1, 0, 0, 0, 0, 0, 0, ''),
(114131, 0, 0, 0, 0, 0, 0, 1, 0, 0, 0, 0, 0, 4, ''),
(130911, 0, 0, 0, 0, 0, 0, 1, 1, 0, 0, 0, 0, 0, ''),
(133186, 0, 0, 0, 0, 0, 0, 1, 0, 0, 13994, 0, 0, 0, ''),
(133261, 0, 0, 0, 0, 0, 0, 1, 1, 0, 0, 0, 0, 0, ''),
(133271, 0, 0, 0, 0, 0, 0, 0, 0, 0, 0, 0, 0, 0, ''),
(133407, 0, 0, 0, 0, 0, 0, 1, 0, 0, 0, 0, 0, 0, ''),
(133523, 0, 0, 0, 0, 0, 0, 1, 0, 0, 0, 0, 0, 0, ''),
(135201, 0, 0, 0, 0, 0, 0, 1, 0, 0, 0, 0, 0, 0, ''),
(135202, 0, 0, 0, 0, 0, 0, 1, 0, 0, 0, 0, 0, 0, ''),
(137762, 0, 0, 0, 0, 0, 0, 1, 0, 0, 0, 0, 0, 0, ''),
(140462, 0, 0, 0, 1, 0, 0, 1, 1, 0, 0, 0, 0, 0, ''),
(141528, 0, 0, 0, 0, 0, 0, 1, 1, 0, 0, 0, 0, 0, ''),
(141707, 0, 1566, 0, 0, 3, 0, 1, 0, 0, 0, 0, 0, 3, ''),
(141767, 0, 0, 0, 1, 0, 0, 1, 0, 0, 0, 0, 0, 0, '42871'),
(141804, 0, 0, 0, 0, 0, 0, 0, 0, 0, 0, 0, 0, 0, ''),
(141826, 0, 0, 0, 0, 0, 0, 1, 0, 0, 0, 0, 0, 0, ''),
(141845, 0, 0, 0, 1, 0, 0, 1, 0, 0, 0, 0, 0, 0, '42871'),
(141912, 0, 0, 0, 0, 0, 0, 1, 0, 0, 0, 0, 0, 0, ''),
(141920, 0, 0, 0, 0, 0, 0, 2, 0, 0, 0, 0, 0, 0, ''),
(145714, 0, 0, 0, 0, 0, 0, 1, 0, 0, 0, 0, 0, 0, ''),
(146626, 0, 0, 0, 0, 0, 0, 1, 0, 0, 0, 0, 0, 0, ''),
(148242, 0, 0, 0, 0, 0, 0, 1, 1, 0, 0, 0, 0, 0, '287432'),
(148250, 0, 0, 0, 0, 0, 0, 1, 1, 0, 0, 0, 0, 0, '287432'),
(148263, 0, 0, 0, 0, 0, 0, 1, 1, 0, 0, 0, 0, 0, '286709'),
(148265, 0, 0, 0, 0, 0, 0, 1, 1, 0, 0, 0, 0, 0, '287470'),
(148768, 0, 0, 0, 0, 0, 0, 1, 1, 0, 0, 0, 0, 0, '288451'),
(148770, 0, 0, 0, 0, 0, 0, 1, 1, 0, 0, 0, 0, 0, '288462'),
(148795, 0, 0, 0, 0, 0, 0, 1, 1, 0, 0, 0, 0, 0, '288540'),
(149258, 0, 0, 0, 0, 0, 0, 1, 1, 0, 0, 0, 0, 0, '289141'),
(149279, 0, 0, 0, 0, 0, 0, 1, 1, 0, 0, 0, 0, 0, ''),
(149297, 0, 0, 0, 0, 0, 0, 1, 1, 0, 0, 0, 0, 0, ''),
(149371, 0, 0, 0, 0, 0, 0, 1, 1, 0, 0, 0, 0, 0, ''),
(149404, 0, 0, 0, 0, 0, 0, 1, 1, 0, 0, 0, 0, 0, ''),
(149408, 0, 0, 0, 0, 0, 0, 1, 1, 0, 0, 0, 0, 0, ''),
(149409, 0, 0, 0, 0, 0, 0, 1, 1, 0, 0, 0, 0, 0, ''),
(149522, 0, 0, 0, 1, 0, 0, 1, 1, 0, 0, 0, 0, 0, ''),
(149616, 0, 0, 0, 0, 0, 0, 0, 1, 0, 0, 0, 0, 0, ''),
(149626, 0, 0, 0, 0, 0, 0, 0, 1, 0, 0, 0, 0, 0, ''),
(150131, 0, 0, 0, 0, 0, 0, 1, 1, 0, 0, 0, 0, 0, ''),
(151937, 0, 0, 0, 0, 0, 0, 1, 0, 0, 0, 0, 0, 0, ''),
(152643, 0, 0, 0, 0, 0, 0, 1, 0, 0, 0, 0, 0, 0, '182641'),
(155739, 0, 0, 0, 0, 0, 0, 1, 1, 0, 0, 0, 0, 0, '303508'),
(158131, 0, 0, 0, 0, 0, 0, 1, 1, 0, 0, 0, 0, 0, ''),
(158133, 0, 0, 0, 0, 0, 0, 1, 1, 0, 0, 0, 0, 0, ''),
(158138, 0, 0, 0, 0, 0, 0, 1, 1, 0, 0, 0, 0, 0, ''),
(158141, 0, 0, 0, 0, 0, 0, 1, 1, 0, 0, 0, 0, 0, ''),
(161223, 0, 0, 0, 0, 0, 0, 1, 0, 0, 0, 0, 0, 0, '313952'),
(167032, 0, 0, 0, 1, 0, 0, 1, 0, 0, 0, 0, 0, 0, ''),
(168459, 0, 0, 0, 0, 0, 0, 1, 0, 0, 0, 0, 0, 0, ''),
(169177, 0, 0, 0, 0, 0, 0, 0, 0, 0, 0, 0, 0, 0, ''),
(171791, 0, 0, 0, 0, 0, 0, 0, 0, 0, 0, 0, 0, 0, ''),
(172558, 0, 0, 0, 0, 0, 0, 1, 1, 0, 0, 0, 0, 0, ''),
(173279, 0, 0, 0, 0, 0, 0, 0, 0, 0, 0, 0, 0, 0, ''),
(173281, 0, 0, 0, 0, 0, 0, 1, 0, 0, 0, 0, 0, 0, ''),
(173548, 0, 0, 0, 0, 0, 0, 1, 1, 0, 0, 0, 0, 0, '339689'),
(174147, 0, 0, 0, 0, 0, 0, 1, 0, 0, 0, 0, 0, 0, ''),
(174863, 0, 0, 0, 0, 0, 0, 1, 0, 0, 835, 0, 0, 0, ''),
(174864, 0, 0, 0, 0, 0, 0, 1, 0, 0, 835, 0, 0, 0, ''),
(174865, 0, 0, 0, 0, 0, 0, 1, 0, 0, 0, 0, 0, 0, ''),
(175050, 0, 0, 0, 0, 0, 0, 1, 1, 0, 0, 0, 0, 0, '18950'),
(175084, 0, 0, 0, 0, 0, 0, 1, 0, 0, 0, 0, 0, 0, ''),
(175135, 0, 0, 0, 0, 0, 0, 1, 1, 0, 0, 0, 0, 3, ''),
(176012, 0, 0, 0, 0, 0, 0, 1, 1, 0, 0, 0, 0, 0, ''),
(176094, 0, 0, 0, 0, 0, 0, 1, 0, 0, 0, 0, 0, 0, ''),
(176095, 0, 0, 0, 0, 0, 0, 1, 0, 0, 0, 0, 0, 0, ''),
(176261, 0, 0, 0, 0, 0, 0, 1, 0, 0, 0, 0, 0, 0, ''),
(176554, 0, 0, 0, 0, 0, 0, 0, 0, 0, 0, 0, 0, 0, ''),
(180176, 0, 0, 0, 0, 0, 0, 1, 0, 0, 0, 0, 0, 0, ''),
(183978, 0, 0, 0, 0, 0, 0, 1, 0, 0, 0, 0, 0, 0, ''),
(184664, 0, 0, 0, 0, 0, 0, 1, 0, 0, 0, 0, 0, 0, ''),
(184666, 0, 0, 0, 0, 0, 0, 0, 0, 0, 0, 0, 0, 0, ''),
(184786, 0, 0, 0, 0, 0, 0, 1, 0, 0, 0, 0, 0, 0, ''),
(184793, 0, 0, 0, 0, 0, 0, 0, 0, 0, 0, 0, 0, 0, ''),
(185472, 0, 0, 0, 0, 0, 0, 1, 0, 0, 0, 0, 0, 0, ''),
(185473, 0, 0, 0, 0, 0, 0, 1, 0, 0, 0, 0, 0, 0, ''),
(185669, 0, 0, 0, 0, 0, 0, 1, 0, 0, 0, 0, 0, 0, ''),
(185670, 0, 0, 0, 0, 0, 0, 1, 0, 0, 0, 0, 0, 0, ''),
(190239, 0, 0, 0, 0, 0, 0, 1, 0, 0, 0, 0, 0, 0, ''),
(191463, 0, 0, 0, 0, 0, 0, 1, 0, 0, 24761, 0, 0, 0, ''),
(192355, 0, 0, 0, 0, 0, 0, 1, 0, 0, 0, 0, 0, 0, ''),
(197767, 0, 0, 0, 0, 0, 0, 1, 0, 0, 0, 0, 0, 0, ''),
(197770, 0, 0, 0, 0, 0, 0, 1, 0, 0, 0, 0, 0, 0, ''),
(197771, 0, 0, 0, 1, 0, 0, 1, 0, 0, 0, 0, 0, 0, ''),
(198070, 0, 0, 0, 0, 0, 0, 1, 1, 0, 0, 0, 0, 0, ''),
(198497, 0, 0, 0, 0, 0, 0, 1, 0, 0, 0, 0, 0, 0, '372653 147164'),
(198541, 0, 0, 0, 0, 0, 0, 1, 0, 0, 0, 0, 0, 0, ''),
(199115, 0, 0, 0, 0, 0, 0, 1, 0, 0, 0, 0, 0, 0, ''),
(199164, 0, 0, 0, 0, 0, 0, 1, 0, 0, 0, 0, 0, 0, ''),
(199265, 0, 0, 0, 0, 0, 0, 1, 0, 0, 0, 0, 0, 0, ''),
(199268, 0, 0, 0, 0, 0, 0, 1, 0, 0, 0, 0, 0, 0, '391126'),
(199275, 0, 0, 0, 0, 0, 0, 1, 0, 0, 0, 0, 0, 0, '186810'),
(199602, 0, 0, 0, 0, 0, 0, 1, 0, 0, 0, 0, 0, 0, ''),
(199625, 0, 0, 0, 0, 0, 0, 1, 0, 0, 0, 0, 0, 0, ''),
(199643, 0, 0, 0, 0, 0, 0, 1, 0, 0, 0, 0, 0, 0, ''),
(199705, 0, 0, 0, 0, 0, 0, 1, 0, 0, 0, 0, 0, 0, ''),
(200097, 0, 0, 0, 1, 0, 0, 1, 0, 0, 0, 0, 0, 0, ''),
(201230, 0, 0, 0, 0, 0, 0, 1, 0, 0, 0, 0, 0, 0, ''),
(201314, 0, 0, 0, 0, 0, 0, 1, 0, 0, 0, 0, 0, 0, ''),
(204648, 0, 0, 0, 0, 0, 0, 1, 0, 0, 0, 0, 0, 0, ''),
(212016, 0, 0, 0, 0, 0, 0, 1, 0, 0, 0, 0, 0, 0, ''),
(213769, 0, 0, 0, 0, 0, 0, 1, 0, 0, 0, 0, 0, 0, ''),
(215555, 0, 0, 0, 0, 0, 0, 1, 0, 0, 28580, 0, 0, 0, ''),
(226681, 0, 0, 0, 0, 0, 0, 1, 1, 0, 0, 0, 0, 0, ''),
(229736, 0, 0, 0, 0, 0, 0, 1, 0, 0, 0, 0, 0, 0, ''),
(230734, 0, 0, 0, 8, 0, 0, 1, 0, 0, 0, 0, 0, 0, ''),
(230743, 0, 0, 0, 0, 0, 0, 0, 0, 0, 0, 0, 0, 0, ''),
(230765, 0, 0, 0, 0, 0, 0, 0, 0, 0, 0, 0, 0, 0, ''),
(230780, 0, 0, 0, 0, 0, 0, 1, 0, 0, 0, 0, 0, 0, '');

-- creature template
UPDATE `creature_template` SET `faction` = 188, `npcflag` = 0, `unit_flags` = 0, `unit_flags2` = 2048, `unit_flags3` = 0, `VehicleId` = 0 WHERE `entry` = 1420;
UPDATE `creature_template` SET `faction` = 188, `npcflag` = 0, `unit_flags` = 0, `unit_flags2` = 2048, `unit_flags3` = 0, `VehicleId` = 0 WHERE `entry` = 42594;
UPDATE `creature_template` SET `faction` = 188, `npcflag` = 0, `unit_flags` = 0, `unit_flags2` = 2048, `unit_flags3` = 0, `VehicleId` = 0 WHERE `entry` = 49743;
UPDATE `creature_template` SET `faction` = 188, `npcflag` = 1073741824, `unit_flags` = 512, `unit_flags2` = 2048, `unit_flags3` = 0, `VehicleId` = 0 WHERE `entry` = 61369;
UPDATE `creature_template` SET `faction` = 188, `npcflag` = 1073741824, `unit_flags` = 512, `unit_flags2` = 2048, `unit_flags3` = 0, `VehicleId` = 0 WHERE `entry` = 62114;
UPDATE `creature_template` SET `faction` = 188, `npcflag` = 1073741824, `unit_flags` = 512, `unit_flags2` = 2048, `unit_flags3` = 0, `VehicleId` = 0 WHERE `entry` = 62115;
UPDATE `creature_template` SET `faction` = 1734, `npcflag` = 0, `unit_flags` = 0, `unit_flags2` = 2048, `unit_flags3` = 0, `VehicleId` = 0 WHERE `entry` = 62195;
UPDATE `creature_template` SET `faction` = 35, `npcflag` = 0, `unit_flags` = 0, `unit_flags2` = 2048, `unit_flags3` = 0, `VehicleId` = 0 WHERE `entry` = 63085;
UPDATE `creature_template` SET `faction` = 29, `npcflag` = 179, `unit_flags` = 512, `unit_flags2` = 2048, `unit_flags3` = 0, `VehicleId` = 0 WHERE `entry` = 63086;
UPDATE `creature_template` SET `faction` = 125, `npcflag` = 4224, `unit_flags` = 768, `unit_flags2` = 2048, `unit_flags3` = 0, `VehicleId` = 0 WHERE `entry` = 69977;
UPDATE `creature_template` SET `faction` = 125, `npcflag` = 4224, `unit_flags` = 768, `unit_flags2` = 2048, `unit_flags3` = 0, `VehicleId` = 0 WHERE `entry` = 69978;
UPDATE `creature_template` SET `faction` = 105, `npcflag` = 0, `unit_flags` = 0, `unit_flags2` = 2048, `unit_flags3` = 8388608, `VehicleId` = 0 WHERE `entry` = 72559;
UPDATE `creature_template` SET `faction` = 35, `npcflag` = 0, `unit_flags` = 33554432, `unit_flags2` = 2048, `unit_flags3` = 1073741824, `VehicleId` = 0 WHERE `entry` = 72654;
UPDATE `creature_template` SET `faction` = 1074, `npcflag` = 128, `unit_flags` = 768, `unit_flags2` = 2048, `unit_flags3` = 0, `VehicleId` = 0 WHERE `entry` = 73151;
UPDATE `creature_template` SET `faction` = 877, `npcflag` = 1, `unit_flags` = 0, `unit_flags2` = 2048, `unit_flags3` = 8388608, `VehicleId` = 0 WHERE `entry` = 74228;
UPDATE `creature_template` SET `faction` = 29, `npcflag` = 0, `unit_flags` = 512, `unit_flags2` = 2048, `unit_flags3` = 0, `VehicleId` = 0 WHERE `entry` = 88701;
UPDATE `creature_template` SET `faction` = 29, `npcflag` = 0, `unit_flags` = 512, `unit_flags2` = 2048, `unit_flags3` = 0, `VehicleId` = 0 WHERE `entry` = 88702;
UPDATE `creature_template` SET `faction` = 85, `npcflag` = 0, `unit_flags` = 0, `unit_flags2` = 2048, `unit_flags3` = 8388608, `VehicleId` = 0 WHERE `entry` = 88703;
UPDATE `creature_template` SET `faction` = 775, `npcflag` = 1, `unit_flags` = 768, `unit_flags2` = 2048, `unit_flags3` = 0, `VehicleId` = 0 WHERE `entry` = 89830;
UPDATE `creature_template` SET `faction` = 190, `npcflag` = 0, `unit_flags` = 768, `unit_flags2` = 67110912, `unit_flags3` = 1090519041, `VehicleId` = 0 WHERE `entry` = 114131;
UPDATE `creature_template` SET `faction` = 68, `npcflag` = 128, `unit_flags` = 512, `unit_flags2` = 2048, `unit_flags3` = 0, `VehicleId` = 0 WHERE `entry` = 130911;
UPDATE `creature_template` SET `faction` = 1735, `npcflag` = 1, `unit_flags` = 256, `unit_flags2` = 2048, `unit_flags3` = 0, `VehicleId` = 0 WHERE `entry` = 133186;
UPDATE `creature_template` SET `faction` = 83, `npcflag` = 209, `unit_flags` = 512, `unit_flags2` = 2048, `unit_flags3` = 0, `VehicleId` = 0 WHERE `entry` = 133261;
UPDATE `creature_template` SET `faction` = 83, `npcflag` = 0, `unit_flags` = 256, `unit_flags2` = 2048, `unit_flags3` = 0, `VehicleId` = 0 WHERE `entry` = 133271;
UPDATE `creature_template` SET `faction` = 2875, `npcflag` = 3, `unit_flags` = 768, `unit_flags2` = 2048, `unit_flags3` = 0, `VehicleId` = 0 WHERE `entry` = 133407;
UPDATE `creature_template` SET `faction` = 1734, `npcflag` = 3, `unit_flags` = 768, `unit_flags2` = 2048, `unit_flags3` = 0, `VehicleId` = 0 WHERE `entry` = 133523;
UPDATE `creature_template` SET `faction` = 35, `npcflag` = 0, `unit_flags` = 33555200, `unit_flags2` = 67110912, `unit_flags3` = 1090519040, `VehicleId` = 0 WHERE `entry` = 135201;
UPDATE `creature_template` SET `faction` = 35, `npcflag` = 0, `unit_flags` = 33555200, `unit_flags2` = 67110912, `unit_flags3` = 1090519040, `VehicleId` = 0 WHERE `entry` = 135202;
UPDATE `creature_template` SET `faction` = 35, `npcflag` = 0, `unit_flags` = 33555200, `unit_flags2` = 67110912, `unit_flags3` = 1090519040, `VehicleId` = 0 WHERE `entry` = 137762;
UPDATE `creature_template` SET `faction` = 2159, `npcflag` = 1, `unit_flags` = 0, `unit_flags2` = 2048, `unit_flags3` = 0, `VehicleId` = 0 WHERE `entry` = 140462;
UPDATE `creature_template` SET `faction` = 29, `npcflag` = 0, `unit_flags` = 0, `unit_flags2` = 2048, `unit_flags3` = 0, `VehicleId` = 0 WHERE `entry` = 141528;
UPDATE `creature_template` SET `faction` = 1835, `npcflag` = 0, `unit_flags` = 768, `unit_flags2` = 2048, `unit_flags3` = 0, `VehicleId` = 0 WHERE `entry` = 141707;
UPDATE `creature_template` SET `faction` = 125, `npcflag` = 0, `unit_flags` = 768, `unit_flags2` = 2048, `unit_flags3` = 0, `VehicleId` = 0 WHERE `entry` = 141767;
UPDATE `creature_template` SET `faction` = 876, `npcflag` = 0, `unit_flags` = 768, `unit_flags2` = 2048, `unit_flags3` = 0, `VehicleId` = 0 WHERE `entry` = 141804;
UPDATE `creature_template` SET `faction` = 995, `npcflag` = 0, `unit_flags` = 768, `unit_flags2` = 2048, `unit_flags3` = 0, `VehicleId` = 0 WHERE `entry` = 141826;
UPDATE `creature_template` SET `faction` = 118, `npcflag` = 0, `unit_flags` = 768, `unit_flags2` = 2048, `unit_flags3` = 0, `VehicleId` = 0 WHERE `entry` = 141845;
UPDATE `creature_template` SET `faction` = 125, `npcflag` = 0, `unit_flags` = 768, `unit_flags2` = 2048, `unit_flags3` = 0, `VehicleId` = 0 WHERE `entry` = 141912;
UPDATE `creature_template` SET `faction` = 29, `npcflag` = 0, `unit_flags` = 768, `unit_flags2` = 2048, `unit_flags3` = 0, `VehicleId` = 0 WHERE `entry` = 141920;
UPDATE `creature_template` SET `faction` = 35, `npcflag` = 0, `unit_flags` = 33555200, `unit_flags2` = 67110912, `unit_flags3` = 1090519040, `VehicleId` = 0 WHERE `entry` = 145714;
UPDATE `creature_template` SET `faction` = 29, `npcflag` = 128, `unit_flags` = 768, `unit_flags2` = 2048, `unit_flags3` = 0, `VehicleId` = 0 WHERE `entry` = 146626;
UPDATE `creature_template` SET `faction` = 1604, `npcflag` = 0, `unit_flags` = 512, `unit_flags2` = 2048, `unit_flags3` = 0, `VehicleId` = 0 WHERE `entry` = 148242;
UPDATE `creature_template` SET `faction` = 1604, `npcflag` = 0, `unit_flags` = 512, `unit_flags2` = 2048, `unit_flags3` = 0, `VehicleId` = 0 WHERE `entry` = 148250;
UPDATE `creature_template` SET `faction` = 29, `npcflag` = 0, `unit_flags` = 512, `unit_flags2` = 2048, `unit_flags3` = 0, `VehicleId` = 0 WHERE `entry` = 148263;
UPDATE `creature_template` SET `faction` = 2976, `npcflag` = 0, `unit_flags` = 512, `unit_flags2` = 2048, `unit_flags3` = 0, `VehicleId` = 0 WHERE `entry` = 148265;
UPDATE `creature_template` SET `faction` = 2855, `npcflag` = 0, `unit_flags` = 512, `unit_flags2` = 2048, `unit_flags3` = 0, `VehicleId` = 0 WHERE `entry` = 148768;
UPDATE `creature_template` SET `faction` = 1735, `npcflag` = 0, `unit_flags` = 512, `unit_flags2` = 2048, `unit_flags3` = 0, `VehicleId` = 0 WHERE `entry` = 148770;
UPDATE `creature_template` SET `faction` = 1731, `npcflag` = 0, `unit_flags` = 512, `unit_flags2` = 2048, `unit_flags3` = 0, `VehicleId` = 0 WHERE `entry` = 148795;
UPDATE `creature_template` SET `faction` = 2070, `npcflag` = 0, `unit_flags` = 512, `unit_flags2` = 2048, `unit_flags3` = 0, `VehicleId` = 0 WHERE `entry` = 149258;
UPDATE `creature_template` SET `faction` = 1735, `npcflag` = 1, `unit_flags` = 512, `unit_flags2` = 2048, `unit_flags3` = 0, `VehicleId` = 0 WHERE `entry` = 149279;
UPDATE `creature_template` SET `faction` = 1735, `npcflag` = 0, `unit_flags` = 512, `unit_flags2` = 2048, `unit_flags3` = 0, `VehicleId` = 0 WHERE `entry` = 149297;
UPDATE `creature_template` SET `faction` = 1735, `npcflag` = 0, `unit_flags` = 512, `unit_flags2` = 2048, `unit_flags3` = 0, `VehicleId` = 0 WHERE `entry` = 149371;
UPDATE `creature_template` SET `faction` = 1735, `npcflag` = 0, `unit_flags` = 512, `unit_flags2` = 2048, `unit_flags3` = 0, `VehicleId` = 0 WHERE `entry` = 149404;
UPDATE `creature_template` SET `faction` = 1735, `npcflag` = 0, `unit_flags` = 512, `unit_flags2` = 2048, `unit_flags3` = 1073741824, `VehicleId` = 0 WHERE `entry` = 149408;
UPDATE `creature_template` SET `faction` = 1735, `npcflag` = 0, `unit_flags` = 512, `unit_flags2` = 2048, `unit_flags3` = 0, `VehicleId` = 0 WHERE `entry` = 149409;
UPDATE `creature_template` SET `faction` = 1735, `npcflag` = 0, `unit_flags` = 512, `unit_flags2` = 2048, `unit_flags3` = 0, `VehicleId` = 0 WHERE `entry` = 149522;
UPDATE `creature_template` SET `faction` = 2007, `npcflag` = 1, `unit_flags` = 512, `unit_flags2` = 2048, `unit_flags3` = 0, `VehicleId` = 0 WHERE `entry` = 149616;
UPDATE `creature_template` SET `faction` = 35, `npcflag` = 1, `unit_flags` = 512, `unit_flags2` = 2048, `unit_flags3` = 0, `VehicleId` = 0 WHERE `entry` = 149626;
UPDATE `creature_template` SET `faction` = 1729, `npcflag` = 1, `unit_flags` = 512, `unit_flags2` = 2048, `unit_flags3` = 0, `VehicleId` = 0 WHERE `entry` = 150131;
UPDATE `creature_template` SET `faction` = 35, `npcflag` = 0, `unit_flags` = 33554432, `unit_flags2` = 2048, `unit_flags3` = 1090519040, `VehicleId` = 0 WHERE `entry` = 151937;
UPDATE `creature_template` SET `faction` = 35, `npcflag` = 0, `unit_flags` = 33555200, `unit_flags2` = 2048, `unit_flags3` = 1090519040, `VehicleId` = 0 WHERE `entry` = 152643;
UPDATE `creature_template` SET `faction` = 1779, `npcflag` = 0, `unit_flags` = 512, `unit_flags2` = 2048, `unit_flags3` = 0, `VehicleId` = 0 WHERE `entry` = 155739;
UPDATE `creature_template` SET `faction` = 1735, `npcflag` = 0, `unit_flags` = 0, `unit_flags2` = 2048, `unit_flags3` = 0, `VehicleId` = 0 WHERE `entry` = 158131;
UPDATE `creature_template` SET `faction` = 1735, `npcflag` = 0, `unit_flags` = 0, `unit_flags2` = 2048, `unit_flags3` = 0, `VehicleId` = 0 WHERE `entry` = 158133;
UPDATE `creature_template` SET `faction` = 1735, `npcflag` = 0, `unit_flags` = 0, `unit_flags2` = 2048, `unit_flags3` = 0, `VehicleId` = 0 WHERE `entry` = 158138;
UPDATE `creature_template` SET `faction` = 1735, `npcflag` = 0, `unit_flags` = 0, `unit_flags2` = 2048, `unit_flags3` = 0, `VehicleId` = 0 WHERE `entry` = 158141;
UPDATE `creature_template` SET `faction` = 83, `npcflag` = 0, `unit_flags` = 0, `unit_flags2` = 2048, `unit_flags3` = 0, `VehicleId` = 0 WHERE `entry` = 161223;
UPDATE `creature_template` SET `faction` = 35, `npcflag` = 3, `unit_flags` = 768, `unit_flags2` = 2048, `unit_flags3` = 1073741824, `VehicleId` = 0 WHERE `entry` = 167032;
UPDATE `creature_template` SET `faction` = 85, `npcflag` = 1, `unit_flags` = 768, `unit_flags2` = 2048, `unit_flags3` = 0, `VehicleId` = 0 WHERE `entry` = 168459;
UPDATE `creature_template` SET `faction` = 3222, `npcflag` = 0, `unit_flags` = 0, `unit_flags2` = 2048, `unit_flags3` = 0, `VehicleId` = 0 WHERE `entry` = 169177;
UPDATE `creature_template` SET `faction` = 2050, `npcflag` = 1, `unit_flags` = 768, `unit_flags2` = 2048, `unit_flags3` = 0, `VehicleId` = 0 WHERE `entry` = 171791;
UPDATE `creature_template` SET `faction` = 104, `npcflag` = 1, `unit_flags` = 512, `unit_flags2` = 2048, `unit_flags3` = 0, `VehicleId` = 0 WHERE `entry` = 172558;
UPDATE `creature_template` SET `faction` = 85, `npcflag` = 0, `unit_flags` = 768, `unit_flags2` = 2048, `unit_flags3` = 0, `VehicleId` = 0 WHERE `entry` = 173279;
UPDATE `creature_template` SET `faction` = 29, `npcflag` = 0, `unit_flags` = 768, `unit_flags2` = 2048, `unit_flags3` = 0, `VehicleId` = 0 WHERE `entry` = 173281;
UPDATE `creature_template` SET `faction` = 2050, `npcflag` = 0, `unit_flags` = 512, `unit_flags2` = 2048, `unit_flags3` = 0, `VehicleId` = 0 WHERE `entry` = 173548;
UPDATE `creature_template` SET `faction` = 1735, `npcflag` = 1, `unit_flags` = 0, `unit_flags2` = 2048, `unit_flags3` = 0, `VehicleId` = 0 WHERE `entry` = 174147;
UPDATE `creature_template` SET `faction` = 35, `npcflag` = 0, `unit_flags` = 768, `unit_flags2` = 2048, `unit_flags3` = 0, `VehicleId` = 0 WHERE `entry` = 174863;
UPDATE `creature_template` SET `faction` = 35, `npcflag` = 0, `unit_flags` = 768, `unit_flags2` = 2048, `unit_flags3` = 0, `VehicleId` = 0 WHERE `entry` = 174864;
UPDATE `creature_template` SET `faction` = 35, `npcflag` = 0, `unit_flags` = 768, `unit_flags2` = 2048, `unit_flags3` = 0, `VehicleId` = 0 WHERE `entry` = 174865;
UPDATE `creature_template` SET `faction` = 1735, `npcflag` = 4224, `unit_flags` = 0, `unit_flags2` = 2048, `unit_flags3` = 8388608, `VehicleId` = 0 WHERE `entry` = 175050;
UPDATE `creature_template` SET `faction` = 35, `npcflag` = 0, `unit_flags` = 0, `unit_flags2` = 2048, `unit_flags3` = 0, `VehicleId` = 0 WHERE `entry` = 175084;
UPDATE `creature_template` SET `faction` = 1734, `npcflag` = 1, `unit_flags` = 0, `unit_flags2` = 2048, `unit_flags3` = 0, `VehicleId` = 0 WHERE `entry` = 175135;
UPDATE `creature_template` SET `faction` = 104, `npcflag` = 0, `unit_flags` = 0, `unit_flags2` = 2048, `unit_flags3` = 0, `VehicleId` = 0 WHERE `entry` = 176012;
UPDATE `creature_template` SET `faction` = 104, `npcflag` = 0, `unit_flags` = 768, `unit_flags2` = 2048, `unit_flags3` = 1, `VehicleId` = 0 WHERE `entry` = 176094;
UPDATE `creature_template` SET `faction` = 104, `npcflag` = 0, `unit_flags` = 768, `unit_flags2` = 2048, `unit_flags3` = 1, `VehicleId` = 0 WHERE `entry` = 176095;
UPDATE `creature_template` SET `faction` = 35, `npcflag` = 0, `unit_flags` = 0, `unit_flags2` = 2048, `unit_flags3` = 0, `VehicleId` = 0 WHERE `entry` = 176261;
UPDATE `creature_template` SET `faction` = 3222, `npcflag` = 2, `unit_flags` = 256, `unit_flags2` = 2048, `unit_flags3` = 0, `VehicleId` = 0 WHERE `entry` = 176554;
UPDATE `creature_template` SET `faction` = 83, `npcflag` = 0, `unit_flags` = 768, `unit_flags2` = 2048, `unit_flags3` = 0, `VehicleId` = 0 WHERE `entry` = 180176;
UPDATE `creature_template` SET `faction` = 35, `npcflag` = 0, `unit_flags` = 33555200, `unit_flags2` = 2048, `unit_flags3` = 1090519040, `VehicleId` = 0 WHERE `entry` = 183978;
UPDATE `creature_template` SET `faction` = 104, `npcflag` = 1, `unit_flags` = 768, `unit_flags2` = 2048, `unit_flags3` = 0, `VehicleId` = 0 WHERE `entry` = 184664;
UPDATE `creature_template` SET `faction` = 2785, `npcflag` = 1, `unit_flags` = 768, `unit_flags2` = 2048, `unit_flags3` = 0, `VehicleId` = 0 WHERE `entry` = 184666;
UPDATE `creature_template` SET `faction` = 3341, `npcflag` = 3, `unit_flags` = 768, `unit_flags2` = 2048, `unit_flags3` = 0, `VehicleId` = 0 WHERE `entry` = 184786;
UPDATE `creature_template` SET `faction` = 3270, `npcflag` = 2, `unit_flags` = 768, `unit_flags2` = 2048, `unit_flags3` = 0, `VehicleId` = 0 WHERE `entry` = 184793;
UPDATE `creature_template` SET `faction` = 29, `npcflag` = 2251799813685251, `unit_flags` = 768, `unit_flags2` = 2048, `unit_flags3` = 0, `VehicleId` = 0 WHERE `entry` = 185472;
UPDATE `creature_template` SET `faction` = 29, `npcflag` = 2251799813685249, `unit_flags` = 768, `unit_flags2` = 2048, `unit_flags3` = 0, `VehicleId` = 0 WHERE `entry` = 185473;
UPDATE `creature_template` SET `faction` = 35, `npcflag` = 0, `unit_flags` = 0, `unit_flags2` = 2048, `unit_flags3` = 0, `VehicleId` = 0 WHERE `entry` = 185669;
UPDATE `creature_template` SET `faction` = 35, `npcflag` = 0, `unit_flags` = 0, `unit_flags2` = 2048, `unit_flags3` = 0, `VehicleId` = 0 WHERE `entry` = 185670;
UPDATE `creature_template` SET `faction` = 35, `npcflag` = 3, `unit_flags` = 768, `unit_flags2` = 2048, `unit_flags3` = 0, `VehicleId` = 0 WHERE `entry` = 190239;
UPDATE `creature_template` SET `faction` = 2361, `npcflag` = 0, `unit_flags` = 0, `unit_flags2` = 2048, `unit_flags3` = 1073741824, `VehicleId` = 0 WHERE `entry` = 191463;
UPDATE `creature_template` SET `faction` = 35, `npcflag` = 0, `unit_flags` = 768, `unit_flags2` = 2048, `unit_flags3` = 0, `VehicleId` = 0 WHERE `entry` = 192355;
UPDATE `creature_template` SET `faction` = 83, `npcflag` = 0, `unit_flags` = 768, `unit_flags2` = 2048, `unit_flags3` = 0, `VehicleId` = 0 WHERE `entry` = 197767;
UPDATE `creature_template` SET `faction` = 83, `npcflag` = 16777216, `unit_flags` = 256, `unit_flags2` = 2048, `unit_flags3` = 0, `VehicleId` = 0 WHERE `entry` = 197770;
UPDATE `creature_template` SET `faction` = 83, `npcflag` = 16777216, `unit_flags` = 256, `unit_flags2` = 2048, `unit_flags3` = 0, `VehicleId` = 0 WHERE `entry` = 197771;
UPDATE `creature_template` SET `faction` = 1735, `npcflag` = 0, `unit_flags` = 512, `unit_flags2` = 2048, `unit_flags3` = 0, `VehicleId` = 0 WHERE `entry` = 198070;
UPDATE `creature_template` SET `faction` = 3341, `npcflag` = 0, `unit_flags` = 0, `unit_flags2` = 2048, `unit_flags3` = 0, `VehicleId` = 0 WHERE `entry` = 198497;
UPDATE `creature_template` SET `faction` = 3341, `npcflag` = 0, `unit_flags` = 0, `unit_flags2` = 2048, `unit_flags3` = 0, `VehicleId` = 0 WHERE `entry` = 198541;
UPDATE `creature_template` SET `faction` = 29, `npcflag` = 1, `unit_flags` = 832, `unit_flags2` = 2048, `unit_flags3` = 0, `VehicleId` = 0 WHERE `entry` = 199115;
UPDATE `creature_template` SET `faction` = 29, `npcflag` = 1, `unit_flags` = 768, `unit_flags2` = 2048, `unit_flags3` = 0, `VehicleId` = 0 WHERE `entry` = 199164;
UPDATE `creature_template` SET `faction` = 29, `npcflag` = 0, `unit_flags` = 768, `unit_flags2` = 2048, `unit_flags3` = 0, `VehicleId` = 0 WHERE `entry` = 199265;
UPDATE `creature_template` SET `faction` = 29, `npcflag` = 0, `unit_flags` = 768, `unit_flags2` = 2048, `unit_flags3` = 0, `VehicleId` = 0 WHERE `entry` = 199268;
UPDATE `creature_template` SET `faction` = 29, `npcflag` = 0, `unit_flags` = 768, `unit_flags2` = 2048, `unit_flags3` = 0, `VehicleId` = 0 WHERE `entry` = 199275;
UPDATE `creature_template` SET `faction` = 35, `npcflag` = 0, `unit_flags` = 33555200, `unit_flags2` = 2048, `unit_flags3` = 1090519040, `VehicleId` = 0 WHERE `entry` = 199602;
UPDATE `creature_template` SET `faction` = 125, `npcflag` = 0, `unit_flags` = 832, `unit_flags2` = 2048, `unit_flags3` = 0, `VehicleId` = 0 WHERE `entry` = 199625;
UPDATE `creature_template` SET `faction` = 125, `npcflag` = 0, `unit_flags` = 832, `unit_flags2` = 2048, `unit_flags3` = 0, `VehicleId` = 0 WHERE `entry` = 199643;
UPDATE `creature_template` SET `faction` = 1816, `npcflag` = 1, `unit_flags` = 832, `unit_flags2` = 2048, `unit_flags3` = 0, `VehicleId` = 0 WHERE `entry` = 199705;
UPDATE `creature_template` SET `faction` = 1734, `npcflag` = 1, `unit_flags` = 768, `unit_flags2` = 2048, `unit_flags3` = 0, `VehicleId` = 0 WHERE `entry` = 200097;
UPDATE `creature_template` SET `faction` = 3273, `npcflag` = 3, `unit_flags` = 768, `unit_flags2` = 2048, `unit_flags3` = 0, `VehicleId` = 0 WHERE `entry` = 201230;
UPDATE `creature_template` SET `faction` = 35, `npcflag` = 268435585, `unit_flags` = 512, `unit_flags2` = 2048, `unit_flags3` = 0, `VehicleId` = 0 WHERE `entry` = 201314;
UPDATE `creature_template` SET `faction` = 35, `npcflag` = 0, `unit_flags` = 768, `unit_flags2` = 67110912, `unit_flags3` = 16777217, `VehicleId` = 8143 WHERE `entry` = 204648;
UPDATE `creature_template` SET `faction` = 35, `npcflag` = 0, `unit_flags` = 768, `unit_flags2` = 2048, `unit_flags3` = 0, `VehicleId` = 0 WHERE `entry` = 212016;
UPDATE `creature_template` SET `faction` = 29, `npcflag` = 2, `unit_flags` = 768, `unit_flags2` = 2048, `unit_flags3` = 0, `VehicleId` = 0 WHERE `entry` = 213769;
UPDATE `creature_template` SET `faction` = 35, `npcflag` = 0, `unit_flags` = 768, `unit_flags2` = 2048, `unit_flags3` = 0, `VehicleId` = 0 WHERE `entry` = 215555;
UPDATE `creature_template` SET `faction` = 1735, `npcflag` = 0, `unit_flags` = 0, `unit_flags2` = 2048, `unit_flags3` = 0, `VehicleId` = 0 WHERE `entry` = 226681;
UPDATE `creature_template` SET `faction` = 35, `npcflag` = 0, `unit_flags` = 64, `unit_flags2` = 2048, `unit_flags3` = 0, `VehicleId` = 0 WHERE `entry` = 229736;
UPDATE `creature_template` SET `faction` = 35, `npcflag` = 0, `unit_flags` = 0, `unit_flags2` = 2048, `unit_flags3` = 0, `VehicleId` = 0 WHERE `entry` = 230734;
UPDATE `creature_template` SET `faction` = 35, `npcflag` = 0, `unit_flags` = 0, `unit_flags2` = 2048, `unit_flags3` = 0, `VehicleId` = 0 WHERE `entry` = 230743;
UPDATE `creature_template` SET `faction` = 35, `npcflag` = 0, `unit_flags` = 0, `unit_flags2` = 2048, `unit_flags3` = 0, `VehicleId` = 0 WHERE `entry` = 230765;
UPDATE `creature_template` SET `faction` = 35, `npcflag` = 0, `unit_flags` = 0, `unit_flags2` = 2048, `unit_flags3` = 0, `VehicleId` = 0 WHERE `entry` = 230780;

-- creature template addon
UPDATE `creature_template_difficulty` SET `ContentTuningID` = 81, `StaticFlags1` = 0, `StaticFlags2` = 0, `StaticFlags3` = 0 WHERE `Entry` = 1420;
UPDATE `creature_template_difficulty` SET `ContentTuningID` = 866, `StaticFlags1` = 268435456, `StaticFlags2` = 0, `StaticFlags3` = 0 WHERE `Entry` = 42594;
UPDATE `creature_template_difficulty` SET `ContentTuningID` = 81, `StaticFlags1` = 0, `StaticFlags2` = 0, `StaticFlags3` = 0 WHERE `Entry` = 49743;
UPDATE `creature_template_difficulty` SET `ContentTuningID` = 371, `StaticFlags1` = 0, `StaticFlags2` = 0, `StaticFlags3` = 0 WHERE `Entry` = 61369;
UPDATE `creature_template_difficulty` SET `ContentTuningID` = 371, `StaticFlags1` = 0, `StaticFlags2` = 0, `StaticFlags3` = 0 WHERE `Entry` = 62114;
UPDATE `creature_template_difficulty` SET `ContentTuningID` = 371, `StaticFlags1` = 0, `StaticFlags2` = 0, `StaticFlags3` = 0 WHERE `Entry` = 62115;
UPDATE `creature_template_difficulty` SET `ContentTuningID` = 866, `StaticFlags1` = 268435456, `StaticFlags2` = 0, `StaticFlags3` = 0 WHERE `Entry` = 62195;
UPDATE `creature_template_difficulty` SET `ContentTuningID` = 373, `StaticFlags1` = 0, `StaticFlags2` = 0, `StaticFlags3` = 0 WHERE `Entry` = 63085;
UPDATE `creature_template_difficulty` SET `ContentTuningID` = 866, `StaticFlags1` = 0, `StaticFlags2` = 0, `StaticFlags3` = 0 WHERE `Entry` = 63086;
UPDATE `creature_template_difficulty` SET `ContentTuningID` = 483, `StaticFlags1` = 268435456, `StaticFlags2` = 0, `StaticFlags3` = 0 WHERE `Entry` = 69977;
UPDATE `creature_template_difficulty` SET `ContentTuningID` = 483, `StaticFlags1` = 268435456, `StaticFlags2` = 0, `StaticFlags3` = 0 WHERE `Entry` = 69978;
UPDATE `creature_template_difficulty` SET `ContentTuningID` = 859, `StaticFlags1` = 268435456, `StaticFlags2` = 0, `StaticFlags3` = 0 WHERE `Entry` = 72559;
UPDATE `creature_template_difficulty` SET `ContentTuningID` = 328, `StaticFlags1` = 536871168, `StaticFlags2` = 0, `StaticFlags3` = 0 WHERE `Entry` = 72654;
UPDATE `creature_template_difficulty` SET `ContentTuningID` = 483, `StaticFlags1` = 0, `StaticFlags2` = 0, `StaticFlags3` = 0 WHERE `Entry` = 73151;
UPDATE `creature_template_difficulty` SET `ContentTuningID` = 883, `StaticFlags1` = 268435456, `StaticFlags2` = 0, `StaticFlags3` = 0 WHERE `Entry` = 74228;
UPDATE `creature_template_difficulty` SET `ContentTuningID` = 866, `StaticFlags1` = 0, `StaticFlags2` = 0, `StaticFlags3` = 0 WHERE `Entry` = 88701;
UPDATE `creature_template_difficulty` SET `ContentTuningID` = 866, `StaticFlags1` = 0, `StaticFlags2` = 0, `StaticFlags3` = 0 WHERE `Entry` = 88702;
UPDATE `creature_template_difficulty` SET `ContentTuningID` = 883, `StaticFlags1` = 268435456, `StaticFlags2` = 0, `StaticFlags3` = 0 WHERE `Entry` = 88703;
UPDATE `creature_template_difficulty` SET `ContentTuningID` = 298, `StaticFlags1` = 0, `StaticFlags2` = 0, `StaticFlags3` = 0 WHERE `Entry` = 89830;
UPDATE `creature_template_difficulty` SET `ContentTuningID` = 356, `StaticFlags1` = 536871168, `StaticFlags2` = 0, `StaticFlags3` = 0 WHERE `Entry` = 114131;
UPDATE `creature_template_difficulty` SET `ContentTuningID` = 293, `StaticFlags1` = 0, `StaticFlags2` = 0, `StaticFlags3` = 0 WHERE `Entry` = 130911;
UPDATE `creature_template_difficulty` SET `ContentTuningID` = 347, `StaticFlags1` = 268435456, `StaticFlags2` = 0, `StaticFlags3` = 33554432 WHERE `Entry` = 133186;
UPDATE `creature_template_difficulty` SET `ContentTuningID` = 293, `StaticFlags1` = 0, `StaticFlags2` = 0, `StaticFlags3` = 0 WHERE `Entry` = 133261;
UPDATE `creature_template_difficulty` SET `ContentTuningID` = 293, `StaticFlags1` = 268435456, `StaticFlags2` = 0, `StaticFlags3` = 0 WHERE `Entry` = 133271;
UPDATE `creature_template_difficulty` SET `ContentTuningID` = 293, `StaticFlags1` = 268435456, `StaticFlags2` = 0, `StaticFlags3` = 0 WHERE `Entry` = 133407;
UPDATE `creature_template_difficulty` SET `ContentTuningID` = 293, `StaticFlags1` = 268435456, `StaticFlags2` = 0, `StaticFlags3` = 0 WHERE `Entry` = 133523;
UPDATE `creature_template_difficulty` SET `ContentTuningID` = 189, `StaticFlags1` = 805306624, `StaticFlags2` = 0, `StaticFlags3` = 0 WHERE `Entry` = 135201;
UPDATE `creature_template_difficulty` SET `ContentTuningID` = 189, `StaticFlags1` = 805306624, `StaticFlags2` = 0, `StaticFlags3` = 0 WHERE `Entry` = 135202;
UPDATE `creature_template_difficulty` SET `ContentTuningID` = 189, `StaticFlags1` = 805306624, `StaticFlags2` = 0, `StaticFlags3` = 0 WHERE `Entry` = 137762;
UPDATE `creature_template_difficulty` SET `ContentTuningID` = 494, `StaticFlags1` = 268435456, `StaticFlags2` = 0, `StaticFlags3` = 0 WHERE `Entry` = 140462;
UPDATE `creature_template_difficulty` SET `ContentTuningID` = 830, `StaticFlags1` = 268435456, `StaticFlags2` = 0, `StaticFlags3` = 0 WHERE `Entry` = 141528;
UPDATE `creature_template_difficulty` SET `ContentTuningID` = 467, `StaticFlags1` = 805306368, `StaticFlags2` = 0, `StaticFlags3` = 0 WHERE `Entry` = 141707;
UPDATE `creature_template_difficulty` SET `ContentTuningID` = 883, `StaticFlags1` = 268435456, `StaticFlags2` = 0, `StaticFlags3` = 0 WHERE `Entry` = 141767;
UPDATE `creature_template_difficulty` SET `ContentTuningID` = 467, `StaticFlags1` = 268435456, `StaticFlags2` = 0, `StaticFlags3` = 0 WHERE `Entry` = 141804;
UPDATE `creature_template_difficulty` SET `ContentTuningID` = 467, `StaticFlags1` = 268435456, `StaticFlags2` = 0, `StaticFlags3` = 0 WHERE `Entry` = 141826;
UPDATE `creature_template_difficulty` SET `ContentTuningID` = 467, `StaticFlags1` = 268435456, `StaticFlags2` = 0, `StaticFlags3` = 0 WHERE `Entry` = 141845;
UPDATE `creature_template_difficulty` SET `ContentTuningID` = 467, `StaticFlags1` = 268435456, `StaticFlags2` = 0, `StaticFlags3` = 0 WHERE `Entry` = 141912;
UPDATE `creature_template_difficulty` SET `ContentTuningID` = 467, `StaticFlags1` = 268435456, `StaticFlags2` = 0, `StaticFlags3` = 0 WHERE `Entry` = 141920;
UPDATE `creature_template_difficulty` SET `ContentTuningID` = 189, `StaticFlags1` = 805306624, `StaticFlags2` = 0, `StaticFlags3` = 0 WHERE `Entry` = 145714;
UPDATE `creature_template_difficulty` SET `ContentTuningID` = 866, `StaticFlags1` = 0, `StaticFlags2` = 0, `StaticFlags3` = 0 WHERE `Entry` = 146626;
UPDATE `creature_template_difficulty` SET `ContentTuningID` = 871, `StaticFlags1` = 0, `StaticFlags2` = 0, `StaticFlags3` = 0 WHERE `Entry` = 148242;
UPDATE `creature_template_difficulty` SET `ContentTuningID` = 871, `StaticFlags1` = 0, `StaticFlags2` = 0, `StaticFlags3` = 0 WHERE `Entry` = 148250;
UPDATE `creature_template_difficulty` SET `ContentTuningID` = 817, `StaticFlags1` = 0, `StaticFlags2` = 0, `StaticFlags3` = 0 WHERE `Entry` = 148263;
UPDATE `creature_template_difficulty` SET `ContentTuningID` = 464, `StaticFlags1` = 0, `StaticFlags2` = 0, `StaticFlags3` = 0 WHERE `Entry` = 148265;
UPDATE `creature_template_difficulty` SET `ContentTuningID` = 347, `StaticFlags1` = 0, `StaticFlags2` = 0, `StaticFlags3` = 0 WHERE `Entry` = 148768;
UPDATE `creature_template_difficulty` SET `ContentTuningID` = 816, `StaticFlags1` = 0, `StaticFlags2` = 0, `StaticFlags3` = 0 WHERE `Entry` = 148770;
UPDATE `creature_template_difficulty` SET `ContentTuningID` = 820, `StaticFlags1` = 0, `StaticFlags2` = 0, `StaticFlags3` = 0 WHERE `Entry` = 148795;
UPDATE `creature_template_difficulty` SET `ContentTuningID` = 11, `StaticFlags1` = 0, `StaticFlags2` = 0, `StaticFlags3` = 0 WHERE `Entry` = 149258;
UPDATE `creature_template_difficulty` SET `ContentTuningID` = 847, `StaticFlags1` = 0, `StaticFlags2` = 0, `StaticFlags3` = 0 WHERE `Entry` = 149279;
UPDATE `creature_template_difficulty` SET `ContentTuningID` = 172, `StaticFlags1` = 0, `StaticFlags2` = 0, `StaticFlags3` = 0 WHERE `Entry` = 149297;
UPDATE `creature_template_difficulty` SET `ContentTuningID` = 828, `StaticFlags1` = 0, `StaticFlags2` = 0, `StaticFlags3` = 0 WHERE `Entry` = 149371;
UPDATE `creature_template_difficulty` SET `ContentTuningID` = 829, `StaticFlags1` = 0, `StaticFlags2` = 0, `StaticFlags3` = 0 WHERE `Entry` = 149404;
UPDATE `creature_template_difficulty` SET `ContentTuningID` = 830, `StaticFlags1` = 0, `StaticFlags2` = 0, `StaticFlags3` = 0 WHERE `Entry` = 149408;
UPDATE `creature_template_difficulty` SET `ContentTuningID` = 871, `StaticFlags1` = 0, `StaticFlags2` = 0, `StaticFlags3` = 0 WHERE `Entry` = 149409;
UPDATE `creature_template_difficulty` SET `ContentTuningID` = 847, `StaticFlags1` = 0, `StaticFlags2` = 0, `StaticFlags3` = 0 WHERE `Entry` = 149522;
UPDATE `creature_template_difficulty` SET `ContentTuningID` = 347, `StaticFlags1` = 0, `StaticFlags2` = 0, `StaticFlags3` = 0 WHERE `Entry` = 149616;
UPDATE `creature_template_difficulty` SET `ContentTuningID` = 178, `StaticFlags1` = 0, `StaticFlags2` = 0, `StaticFlags3` = 0 WHERE `Entry` = 149626;
UPDATE `creature_template_difficulty` SET `ContentTuningID` = 820, `StaticFlags1` = 0, `StaticFlags2` = 0, `StaticFlags3` = 0 WHERE `Entry` = 150131;
UPDATE `creature_template_difficulty` SET `ContentTuningID` = 847, `StaticFlags1` = 536871168, `StaticFlags2` = 0, `StaticFlags3` = 0 WHERE `Entry` = 151937;
UPDATE `creature_template_difficulty` SET `ContentTuningID` = 181, `StaticFlags1` = 536871168, `StaticFlags2` = 0, `StaticFlags3` = 0 WHERE `Entry` = 152643;
UPDATE `creature_template_difficulty` SET `ContentTuningID` = 959, `StaticFlags1` = 0, `StaticFlags2` = 0, `StaticFlags3` = 0 WHERE `Entry` = 155739;
UPDATE `creature_template_difficulty` SET `ContentTuningID` = 674, `StaticFlags1` = 0, `StaticFlags2` = 0, `StaticFlags3` = 0 WHERE `Entry` = 158131;
UPDATE `creature_template_difficulty` SET `ContentTuningID` = 674, `StaticFlags1` = 0, `StaticFlags2` = 0, `StaticFlags3` = 0 WHERE `Entry` = 158133;
UPDATE `creature_template_difficulty` SET `ContentTuningID` = 674, `StaticFlags1` = 0, `StaticFlags2` = 0, `StaticFlags3` = 0 WHERE `Entry` = 158138;
UPDATE `creature_template_difficulty` SET `ContentTuningID` = 674, `StaticFlags1` = 0, `StaticFlags2` = 0, `StaticFlags3` = 0 WHERE `Entry` = 158141;
UPDATE `creature_template_difficulty` SET `ContentTuningID` = 1281, `StaticFlags1` = 268435456, `StaticFlags2` = 0, `StaticFlags3` = 0 WHERE `Entry` = 161223;
UPDATE `creature_template_difficulty` SET `ContentTuningID` = 824, `StaticFlags1` = 805306624, `StaticFlags2` = 0, `StaticFlags3` = 0 WHERE `Entry` = 167032;
UPDATE `creature_template_difficulty` SET `ContentTuningID` = 883, `StaticFlags1` = 268435456, `StaticFlags2` = 0, `StaticFlags3` = 0 WHERE `Entry` = 168459;
UPDATE `creature_template_difficulty` SET `ContentTuningID` = 1400, `StaticFlags1` = 268435456, `StaticFlags2` = 0, `StaticFlags3` = 0 WHERE `Entry` = 169177;
UPDATE `creature_template_difficulty` SET `ContentTuningID` = 1400, `StaticFlags1` = 268435456, `StaticFlags2` = 0, `StaticFlags3` = 0 WHERE `Entry` = 171791;
UPDATE `creature_template_difficulty` SET `ContentTuningID` = 866, `StaticFlags1` = 0, `StaticFlags2` = 0, `StaticFlags3` = 0 WHERE `Entry` = 172558;
UPDATE `creature_template_difficulty` SET `ContentTuningID` = 883, `StaticFlags1` = 268435456, `StaticFlags2` = 0, `StaticFlags3` = 0 WHERE `Entry` = 173279;
UPDATE `creature_template_difficulty` SET `ContentTuningID` = 1400, `StaticFlags1` = 268435456, `StaticFlags2` = 0, `StaticFlags3` = 0 WHERE `Entry` = 173281;
UPDATE `creature_template_difficulty` SET `ContentTuningID` = 807, `StaticFlags1` = 0, `StaticFlags2` = 0, `StaticFlags3` = 0 WHERE `Entry` = 173548;
UPDATE `creature_template_difficulty` SET `ContentTuningID` = 830, `StaticFlags1` = 268435456, `StaticFlags2` = 0, `StaticFlags3` = 0 WHERE `Entry` = 174147;
UPDATE `creature_template_difficulty` SET `ContentTuningID` = 1723, `StaticFlags1` = 268435456, `StaticFlags2` = 0, `StaticFlags3` = 0 WHERE `Entry` = 174863;
UPDATE `creature_template_difficulty` SET `ContentTuningID` = 1723, `StaticFlags1` = 268435456, `StaticFlags2` = 0, `StaticFlags3` = 33554432 WHERE `Entry` = 174864;
UPDATE `creature_template_difficulty` SET `ContentTuningID` = 1723, `StaticFlags1` = 268435456, `StaticFlags2` = 0, `StaticFlags3` = 0 WHERE `Entry` = 174865;
UPDATE `creature_template_difficulty` SET `ContentTuningID` = 866, `StaticFlags1` = 268435456, `StaticFlags2` = 0, `StaticFlags3` = 0 WHERE `Entry` = 175050;
UPDATE `creature_template_difficulty` SET `ContentTuningID` = 347, `StaticFlags1` = 0, `StaticFlags2` = 0, `StaticFlags3` = 0 WHERE `Entry` = 175084;
UPDATE `creature_template_difficulty` SET `ContentTuningID` = 2148, `StaticFlags1` = 268435456, `StaticFlags2` = 0, `StaticFlags3` = 0 WHERE `Entry` = 175135;
UPDATE `creature_template_difficulty` SET `ContentTuningID` = 1355, `StaticFlags1` = 268435456, `StaticFlags2` = 0, `StaticFlags3` = 0 WHERE `Entry` = 176012;
UPDATE `creature_template_difficulty` SET `ContentTuningID` = 1355, `StaticFlags1` = 268435456, `StaticFlags2` = 0, `StaticFlags3` = 0 WHERE `Entry` = 176094;
UPDATE `creature_template_difficulty` SET `ContentTuningID` = 1355, `StaticFlags1` = 268435456, `StaticFlags2` = 0, `StaticFlags3` = 0 WHERE `Entry` = 176095;
UPDATE `creature_template_difficulty` SET `ContentTuningID` = 347, `StaticFlags1` = 0, `StaticFlags2` = 0, `StaticFlags3` = 0 WHERE `Entry` = 176261;
UPDATE `creature_template_difficulty` SET `ContentTuningID` = 1400, `StaticFlags1` = 268435456, `StaticFlags2` = 0, `StaticFlags3` = 0 WHERE `Entry` = 176554;
UPDATE `creature_template_difficulty` SET `ContentTuningID` = 703, `StaticFlags1` = 268435456, `StaticFlags2` = 0, `StaticFlags3` = 0 WHERE `Entry` = 180176;
UPDATE `creature_template_difficulty` SET `ContentTuningID` = 877, `StaticFlags1` = 536871168, `StaticFlags2` = 0, `StaticFlags3` = 0 WHERE `Entry` = 183978;
UPDATE `creature_template_difficulty` SET `ContentTuningID` = 2151, `StaticFlags1` = 268435456, `StaticFlags2` = 0, `StaticFlags3` = 0 WHERE `Entry` = 184664;
UPDATE `creature_template_difficulty` SET `ContentTuningID` = 2151, `StaticFlags1` = 268435456, `StaticFlags2` = 0, `StaticFlags3` = 0 WHERE `Entry` = 184666;
UPDATE `creature_template_difficulty` SET `ContentTuningID` = 2151, `StaticFlags1` = 268435456, `StaticFlags2` = 0, `StaticFlags3` = 0 WHERE `Entry` = 184786;
UPDATE `creature_template_difficulty` SET `ContentTuningID` = 2151, `StaticFlags1` = 268435456, `StaticFlags2` = 0, `StaticFlags3` = 0 WHERE `Entry` = 184793;
UPDATE `creature_template_difficulty` SET `ContentTuningID` = 866, `StaticFlags1` = 0, `StaticFlags2` = 0, `StaticFlags3` = 0 WHERE `Entry` = 185472;
UPDATE `creature_template_difficulty` SET `ContentTuningID` = 866, `StaticFlags1` = 0, `StaticFlags2` = 0, `StaticFlags3` = 0 WHERE `Entry` = 185473;
UPDATE `creature_template_difficulty` SET `ContentTuningID` = 181, `StaticFlags1` = 0, `StaticFlags2` = 0, `StaticFlags3` = 0 WHERE `Entry` = 185669;
UPDATE `creature_template_difficulty` SET `ContentTuningID` = 181, `StaticFlags1` = 0, `StaticFlags2` = 0, `StaticFlags3` = 0 WHERE `Entry` = 185670;
UPDATE `creature_template_difficulty` SET `ContentTuningID` = 2150, `StaticFlags1` = 268435456, `StaticFlags2` = 0, `StaticFlags3` = 0 WHERE `Entry` = 190239;
UPDATE `creature_template_difficulty` SET `ContentTuningID` = 181, `StaticFlags1` = 536871168, `StaticFlags2` = 0, `StaticFlags3` = 0 WHERE `Entry` = 191463;
UPDATE `creature_template_difficulty` SET `ContentTuningID` = 2150, `StaticFlags1` = 268435456, `StaticFlags2` = 0, `StaticFlags3` = 262144 WHERE `Entry` = 192355;
UPDATE `creature_template_difficulty` SET `ContentTuningID` = 293, `StaticFlags1` = 268435456, `StaticFlags2` = 0, `StaticFlags3` = 0 WHERE `Entry` = 197767;
UPDATE `creature_template_difficulty` SET `ContentTuningID` = 293, `StaticFlags1` = 268435456, `StaticFlags2` = 0, `StaticFlags3` = 0 WHERE `Entry` = 197770;
UPDATE `creature_template_difficulty` SET `ContentTuningID` = 293, `StaticFlags1` = 268435456, `StaticFlags2` = 0, `StaticFlags3` = 0 WHERE `Entry` = 197771;
UPDATE `creature_template_difficulty` SET `ContentTuningID` = 2424, `StaticFlags1` = 0, `StaticFlags2` = 0, `StaticFlags3` = 0 WHERE `Entry` = 198070;
UPDATE `creature_template_difficulty` SET `ContentTuningID` = 866, `StaticFlags1` = 268435456, `StaticFlags2` = 0, `StaticFlags3` = 0 WHERE `Entry` = 198497;
UPDATE `creature_template_difficulty` SET `ContentTuningID` = 866, `StaticFlags1` = 268435456, `StaticFlags2` = 0, `StaticFlags3` = 0 WHERE `Entry` = 198541;
UPDATE `creature_template_difficulty` SET `ContentTuningID` = 864, `StaticFlags1` = 268435456, `StaticFlags2` = 0, `StaticFlags3` = 0 WHERE `Entry` = 199115;
UPDATE `creature_template_difficulty` SET `ContentTuningID` = 866, `StaticFlags1` = 268435456, `StaticFlags2` = 0, `StaticFlags3` = 0 WHERE `Entry` = 199164;
UPDATE `creature_template_difficulty` SET `ContentTuningID` = 866, `StaticFlags1` = 0, `StaticFlags2` = 0, `StaticFlags3` = 0 WHERE `Entry` = 199265;
UPDATE `creature_template_difficulty` SET `ContentTuningID` = 866, `StaticFlags1` = 0, `StaticFlags2` = 0, `StaticFlags3` = 0 WHERE `Entry` = 199268;
UPDATE `creature_template_difficulty` SET `ContentTuningID` = 866, `StaticFlags1` = 0, `StaticFlags2` = 0, `StaticFlags3` = 0 WHERE `Entry` = 199275;
UPDATE `creature_template_difficulty` SET `ContentTuningID` = 864, `StaticFlags1` = 805306624, `StaticFlags2` = 0, `StaticFlags3` = 0 WHERE `Entry` = 199602;
UPDATE `creature_template_difficulty` SET `ContentTuningID` = 864, `StaticFlags1` = 268435456, `StaticFlags2` = 0, `StaticFlags3` = 0 WHERE `Entry` = 199625;
UPDATE `creature_template_difficulty` SET `ContentTuningID` = 864, `StaticFlags1` = 268435456, `StaticFlags2` = 0, `StaticFlags3` = 0 WHERE `Entry` = 199643;
UPDATE `creature_template_difficulty` SET `ContentTuningID` = 864, `StaticFlags1` = 268435456, `StaticFlags2` = 0, `StaticFlags3` = 0 WHERE `Entry` = 199705;
UPDATE `creature_template_difficulty` SET `ContentTuningID` = 866, `StaticFlags1` = 0, `StaticFlags2` = 0, `StaticFlags3` = 0 WHERE `Entry` = 200097;
UPDATE `creature_template_difficulty` SET `ContentTuningID` = 81, `StaticFlags1` = 268435456, `StaticFlags2` = 0, `StaticFlags3` = 0 WHERE `Entry` = 201230;
UPDATE `creature_template_difficulty` SET `ContentTuningID` = 866, `StaticFlags1` = 0, `StaticFlags2` = 0, `StaticFlags3` = 0 WHERE `Entry` = 201314;
UPDATE `creature_template_difficulty` SET `ContentTuningID` = 2678, `StaticFlags1` = 0, `StaticFlags2` = 0, `StaticFlags3` = 0 WHERE `Entry` = 204648;
UPDATE `creature_template_difficulty` SET `ContentTuningID` = 2669, `StaticFlags1` = 268435456, `StaticFlags2` = 0, `StaticFlags3` = 0 WHERE `Entry` = 212016;
UPDATE `creature_template_difficulty` SET `ContentTuningID` = 181, `StaticFlags1` = 268435456, `StaticFlags2` = 0, `StaticFlags3` = 0 WHERE `Entry` = 213769;
UPDATE `creature_template_difficulty` SET `ContentTuningID` = 2669, `StaticFlags1` = 268435456, `StaticFlags2` = 0, `StaticFlags3` = 0 WHERE `Entry` = 215555;
UPDATE `creature_template_difficulty` SET `ContentTuningID` = 674, `StaticFlags1` = 0, `StaticFlags2` = 0, `StaticFlags3` = 0 WHERE `Entry` = 226681;
UPDATE `creature_template_difficulty` SET `ContentTuningID` = 866, `StaticFlags1` = 268435456, `StaticFlags2` = 0, `StaticFlags3` = 0 WHERE `Entry` = 229736;
UPDATE `creature_template_difficulty` SET `ContentTuningID` = 2991, `StaticFlags1` = 268435456, `StaticFlags2` = 0, `StaticFlags3` = 0 WHERE `Entry` = 230734;
UPDATE `creature_template_difficulty` SET `ContentTuningID` = 2991, `StaticFlags1` = 268435456, `StaticFlags2` = 0, `StaticFlags3` = 0 WHERE `Entry` = 230743;
UPDATE `creature_template_difficulty` SET `ContentTuningID` = 2991, `StaticFlags1` = 268435456, `StaticFlags2` = 0, `StaticFlags3` = 0 WHERE `Entry` = 230765;
UPDATE `creature_template_difficulty` SET `ContentTuningID` = 2991, `StaticFlags1` = 268435456, `StaticFlags2` = 0, `StaticFlags3` = 0 WHERE `Entry` = 230780;
