-- DB/WakingShores Map 2444 (Dragon Isles) Zone: 13644 (The Waking Shores) Area: 13943 (Crumbling Cliffs)

SET @CGUID := 9013400;
SET @OGUID := 9013400;

-- creature
DELETE FROM `creature` WHERE `guid` BETWEEN @CGUID+1 AND @CGUID+341;
INSERT INTO `creature` (`guid`, `id`, `map`, `zoneId`, `areaId`, `spawnDifficulties`, `phaseUseFlags`, `PhaseId`, `PhaseGroup`, `terrainSwapMap`, `modelid`, `equipment_id`, `position_x`, `position_y`, `position_z`, `orientation`, `spawntimesecs`, `wander_distance`, `currentwaypoint`, `curHealthPct`, `MovementType`, `npcflag`, `unit_flags`, `unit_flags2`, `unit_flags3`, `ScriptName`, `StringId`, `VerifiedBuild`) VALUES 
(@CGUID+1, 194523, 2444, 13644, 13943, '0', 0, 0, 0, -1, 0, 0, 3700.86, 502.821, 76.7699, 4.32516, 7200, 0, 0, 100, 0, NULL, NULL, NULL, NULL, '', NULL, 59466),
(@CGUID+2, 191553, 2444, 13644, 13943, '0', 0, 0, 0, -1, 0, 0, 3628.78, 346.493, 22.4699, 5.9604, 7200, 10, 0, 100, 1, NULL, NULL, NULL, NULL, '', NULL, 59466),
(@CGUID+3, 194524, 2444, 13644, 13943, '0', 0, 0, 0, -1, 0, 0, 3746.15, 510.646, 100.415, 3.83709, 7200, 0, 0, 100, 0, NULL, NULL, NULL, NULL, '', NULL, 59466),
(@CGUID+4, 191812, 2444, 13644, 13943, '0', 0, 0, 0, -1, 0, 0, 3713.44, 426.921, 79.861, 2.95709, 7200, 10, 0, 100, 1, NULL, NULL, NULL, NULL, '', NULL, 59466),
(@CGUID+5, 192058, 2444, 13644, 13943, '0', 0, 0, 0, -1, 0, 0, 3708.75, 437.917, 69.8925, 2.16232, 7200, 10, 0, 100, 1, NULL, NULL, NULL, NULL, '', NULL, 59466),
(@CGUID+6, 194523, 2444, 13644, 13943, '0', 0, 0, 0, -1, 0, 0, 3632.97, 509.842, 32.6427, 4.01742, 7200, 0, 0, 100, 0, NULL, NULL, NULL, NULL, '', NULL, 59466),
(@CGUID+7, 194523, 2444, 13644, 13943, '0', 0, 0, 0, -1, 0, 0, 3679.51, 528.769, 79.5088, 3.87269, 7200, 0, 0, 100, 0, NULL, NULL, NULL, NULL, '', NULL, 59466),
(@CGUID+8, 191812, 2444, 13644, 13943, '0', 0, 0, 0, -1, 0, 0, 3686.55, 416.104, 68.2146, 0.422587, 7200, 10, 0, 100, 1, NULL, NULL, NULL, NULL, '', NULL, 59466),
(@CGUID+9, 191812, 2444, 13644, 13943, '0', 0, 0, 0, -1, 0, 0, 3662.82, 437.724, 38.1346, 3.19238, 7200, 10, 0, 100, 1, NULL, NULL, NULL, NULL, '', NULL, 59466),
(@CGUID+10, 191812, 2444, 13644, 13943, '0', 0, 0, 0, -1, 0, 0, 3630.33, 435.92, 26.056, 1.20134, 7200, 10, 0, 100, 1, NULL, NULL, NULL, NULL, '', NULL, 59466),
(@CGUID+11, 191809, 2444, 13644, 13943, '0', 0, 0, 0, -1, 0, 0, 3627.47, 421.716, 27.1086, 0.726089, 7200, 10, 0, 100, 1, NULL, NULL, NULL, NULL, '', NULL, 59466),
(@CGUID+12, 194517, 2444, 13644, 13943, '0', 0, 0, 0, -1, 0, 0, 3666.41, 484.917, 42.63, 5.89017, 7200, 10, 0, 100, 1, NULL, NULL, NULL, NULL, '', NULL, 59466),
(@CGUID+13, 191812, 2444, 13644, 13943, '0', 0, 0, 0, -1, 0, 0, 3755.08, 436.511, 112.037, 5.51071, 7200, 10, 0, 100, 1, NULL, NULL, NULL, NULL, '', NULL, 59466),
(@CGUID+14, 191809, 2444, 13644, 13943, '0', 0, 0, 0, -1, 0, 0, 3612.64, 428.123, 24.619, 6.01051, 7200, 10, 0, 100, 1, NULL, NULL, NULL, NULL, '', NULL, 59466),
(@CGUID+15, 194517, 2444, 13644, 13943, '0', 0, 0, 0, -1, 0, 0, 3649.77, 522.838, 44.5776, 3.31369, 7200, 10, 0, 100, 1, NULL, NULL, NULL, NULL, '', NULL, 59466),
(@CGUID+16, 194517, 2444, 13644, 13943, '0', 0, 0, 0, -1, 0, 0, 3716.29, 504.777, 77.8248, 5.5126, 7200, 10, 0, 100, 1, NULL, NULL, NULL, NULL, '', NULL, 59466),
(@CGUID+17, 191812, 2444, 13644, 13943, '0', 0, 0, 0, -1, 0, 0, 3735.37, 471.449, 76.124, 3.53623, 7200, 10, 0, 100, 1, NULL, NULL, NULL, NULL, '', NULL, 59466),
(@CGUID+18, 191812, 2444, 13644, 13943, '0', 0, 0, 0, -1, 0, 0, 3696.44, 459.73, 44.6383, 6.05136, 7200, 10, 0, 100, 1, NULL, NULL, NULL, NULL, '', NULL, 59466),
(@CGUID+19, 191812, 2444, 13644, 13943, '0', 0, 0, 0, -1, 0, 0, 3660.94, 452.084, 32.3718, 2.55301, 7200, 10, 0, 100, 1, NULL, NULL, NULL, NULL, '', NULL, 59466),
(@CGUID+20, 194517, 2444, 13644, 13943, '0', 0, 0, 0, -1, 0, 0, 3628.35, 499.324, 25.2104, 1.72471, 7200, 10, 0, 100, 1, NULL, NULL, NULL, NULL, '', NULL, 59466),
(@CGUID+21, 191812, 2444, 13644, 13943, '0', 0, 0, 0, -1, 0, 0, 3664.12, 481.471, 41.7558, 2.26803, 7200, 10, 0, 100, 1, NULL, NULL, NULL, NULL, '', NULL, 59466),
(@CGUID+22, 194517, 2444, 13644, 13943, '0', 0, 0, 0, -1, 0, 0, 3739.14, 485.885, 84.8584, 0.609905, 7200, 10, 0, 100, 1, NULL, NULL, NULL, NULL, '', NULL, 59466),
(@CGUID+23, 194524, 2444, 13644, 13943, '0', 0, 0, 0, -1, 0, 0, 3737.53, 555.521, 148.088, 4.13839, 7200, 0, 0, 100, 0, NULL, NULL, NULL, NULL, '', NULL, 59466),
(@CGUID+24, 191823, 2444, 13644, 13943, '0', 0, 0, 0, -1, 0, 0, 3838.55, 423.806, 208.02, 5.76376, 7200, 0, 0, 100, 0, NULL, NULL, NULL, NULL, '', NULL, 59466),
(@CGUID+25, 191812, 2444, 13644, 13943, '0', 0, 0, 0, -1, 0, 0, 3773, 479.469, 117.894, 1.4494, 7200, 10, 0, 100, 1, NULL, NULL, NULL, NULL, '', NULL, 59466),
(@CGUID+26, 191812, 2444, 13644, 13943, '0', 0, 0, 0, -1, 0, 0, 3748.73, 491.362, 96.1271, 4.00164, 7200, 10, 0, 100, 1, NULL, NULL, NULL, NULL, '', NULL, 59466),
(@CGUID+27, 194517, 2444, 13644, 13943, '0', 0, 0, 0, -1, 0, 0, 3688.19, 547.465, 79.2016, 2.12577, 7200, 10, 0, 100, 1, NULL, NULL, NULL, NULL, '', NULL, 59466),
(@CGUID+28, 191812, 2444, 13644, 13943, '0', 0, 0, 0, -1, 0, 0, 3690.64, 510.94, 77.4357, 0.387199, 7200, 10, 0, 100, 1, NULL, NULL, NULL, NULL, '', NULL, 59466),
(@CGUID+29, 191823, 2444, 13644, 13943, '0', 0, 0, 0, -1, 0, 0, 3850, 562.5, 209.232, 2.91153, 7200, 0, 0, 100, 0, NULL, NULL, NULL, NULL, '', NULL, 59466),
(@CGUID+30, 191812, 2444, 13644, 13943, '0', 0, 0, 0, -1, 0, 0, 3723.5, 528.633, 96.1769, 2.67576, 7200, 10, 0, 100, 1, NULL, NULL, NULL, NULL, '', NULL, 59466),
(@CGUID+31, 194523, 2444, 13644, 13943, '0', 0, 0, 0, -1, 0, 0, 3704.7, 628.825, 48.7374, 2.71078, 7200, 0, 0, 100, 0, NULL, NULL, NULL, NULL, '', NULL, 59466),
(@CGUID+32, 191812, 2444, 13644, 13943, '0', 0, 0, 0, -1, 0, 0, 3673.41, 527.153, 78.6954, 5.34025, 7200, 10, 0, 100, 1, NULL, NULL, NULL, NULL, '', NULL, 59466),
(@CGUID+33, 192058, 2444, 13644, 13943, '0', 0, 0, 0, -1, 0, 0, 3689.36, 537.671, 79.3633, 1.17392, 7200, 10, 0, 100, 1, NULL, NULL, NULL, NULL, '', NULL, 59466),
(@CGUID+34, 194517, 2444, 13644, 13943, '0', 0, 0, 0, -1, 0, 0, 3644.58, 576.018, 41.3202, 3.67163, 7200, 10, 0, 100, 1, NULL, NULL, NULL, NULL, '', NULL, 59466),
(@CGUID+35, 192058, 2444, 13644, 13943, '0', 0, 0, 0, -1, 0, 0, 3716.02, 589.205, 72.7274, 0.380935, 7200, 10, 0, 100, 1, NULL, NULL, NULL, NULL, '', NULL, 59466),
(@CGUID+36, 191812, 2444, 13644, 13943, '0', 0, 0, 0, -1, 0, 0, 3650, 493.75, 40.5256, 1.64324, 7200, 10, 0, 100, 1, NULL, NULL, NULL, NULL, '', NULL, 59466),
(@CGUID+37, 191812, 2444, 13644, 13943, '0', 0, 0, 0, -1, 0, 0, 3674.53, 569.218, 74.6456, 1.82857, 7200, 10, 0, 100, 1, NULL, NULL, NULL, NULL, '', NULL, 59466),
(@CGUID+38, 191812, 2444, 13644, 13943, '0', 0, 0, 0, -1, 0, 0, 3794.13, 560.422, 85.6992, 4.33475, 7200, 10, 0, 100, 1, NULL, NULL, NULL, NULL, '', NULL, 59466),
(@CGUID+39, 194517, 2444, 13644, 13943, '0', 0, 0, 0, -1, 0, 0, 3721.96, 638, 70.254, 1.74831, 7200, 10, 0, 100, 1, NULL, NULL, NULL, NULL, '', NULL, 59466),
(@CGUID+40, 194517, 2444, 13644, 13943, '0', 0, 0, 0, -1, 0, 0, 3704.01, 600.462, 69.8511, 1.84279, 7200, 10, 0, 100, 1, NULL, NULL, NULL, NULL, '', NULL, 59466),
(@CGUID+41, 191812, 2444, 13644, 13943, '0', 0, 0, 0, -1, 0, 0, 3657.71, 592.303, 41.6352, 2.57471, 7200, 10, 0, 100, 1, NULL, NULL, NULL, NULL, '', NULL, 59466),
(@CGUID+42, 191812, 2444, 13644, 13943, '0', 0, 0, 0, -1, 0, 0, 3737.5, 617.14, 76.4818, 4.39178, 7200, 10, 0, 100, 1, NULL, NULL, NULL, NULL, '', NULL, 59466),
(@CGUID+43, 194517, 2444, 13644, 13943, '0', 0, 0, 0, -1, 0, 0, 3606.32, 609.566, 24.6629, 2.52845, 7200, 10, 0, 100, 1, NULL, NULL, NULL, NULL, '', NULL, 59466),
(@CGUID+44, 194517, 2444, 13644, 13943, '0', 0, 0, 0, -1, 0, 0, 3643.72, 629.077, 24.5138, 0.331701, 7200, 10, 0, 100, 1, NULL, NULL, NULL, NULL, '', NULL, 59466),
(@CGUID+45, 194524, 2444, 13644, 13943, '0', 0, 0, 0, -1, 0, 0, 3631.18, 686.479, 30.2562, 5.1071, 7200, 0, 0, 100, 0, NULL, NULL, NULL, NULL, '', NULL, 59466),
(@CGUID+46, 194517, 2444, 13644, 13943, '0', 0, 0, 0, -1, 0, 0, 3672.93, 655.086, 34.0164, 0.555494, 7200, 10, 0, 100, 1, NULL, NULL, NULL, NULL, '', NULL, 59466),
(@CGUID+47, 194517, 2444, 13644, 13943, '0', 0, 0, 0, -1, 0, 0, 3601.86, 546.508, 24.1204, 1.76836, 7200, 10, 0, 100, 1, NULL, NULL, NULL, NULL, '', NULL, 59466),
(@CGUID+48, 191812, 2444, 13644, 13943, '0', 0, 0, 0, -1, 0, 0, 3632.46, 479.134, 25.854, 2.32306, 7200, 10, 0, 100, 1, NULL, NULL, NULL, NULL, '', NULL, 59466),
(@CGUID+49, 191812, 2444, 13644, 13943, '0', 0, 0, 0, -1, 0, 0, 3675.07, 651.739, 34.8742, 1.55718, 7200, 10, 0, 100, 1, NULL, NULL, NULL, NULL, '', NULL, 59466),
(@CGUID+50, 191812, 2444, 13644, 13943, '0', 0, 0, 0, -1, 0, 0, 3726.04, 662.5, 68.9536, 2.24259, 7200, 10, 0, 100, 1, NULL, NULL, NULL, NULL, '', NULL, 59466),
(@CGUID+51, 194517, 2444, 13644, 13943, '0', 0, 0, 0, -1, 0, 0, 3582.54, 648.322, 27.8605, 4.20884, 7200, 10, 0, 100, 1, NULL, NULL, NULL, NULL, '', NULL, 59466),
(@CGUID+52, 191553, 2444, 13644, 13943, '0', 0, 0, 0, -1, 0, 0, 3617.08, 574.378, 26.3208, 4.68104, 7200, 0, 0, 100, 0, NULL, NULL, NULL, NULL, '', NULL, 59466),
(@CGUID+53, 194517, 2444, 13644, 13943, '0', 0, 0, 0, -1, 0, 0, 3684.2, 703.39, 51.1819, 5.68559, 7200, 10, 0, 100, 1, NULL, NULL, NULL, NULL, '', NULL, 59466),
(@CGUID+54, 191553, 2444, 13644, 13943, '0', 0, 0, 0, -1, 0, 0, 3610.19, 571.458, 25.661, 5.90393, 7200, 0, 0, 100, 0, NULL, NULL, NULL, NULL, '', NULL, 59466),
(@CGUID+55, 191812, 2444, 13644, 13943, '0', 0, 0, 0, -1, 0, 0, 3787.39, 594.199, 70.0369, 4.8353, 7200, 0, 0, 100, 0, NULL, NULL, NULL, NULL, '', NULL, 59466),
(@CGUID+56, 194523, 2444, 13644, 13943, '0', 0, 0, 0, -1, 0, 0, 3650.5, 708.568, 53.4851, 4.36098, 7200, 0, 0, 100, 0, NULL, NULL, NULL, NULL, '', NULL, 59466),
(@CGUID+57, 194517, 2444, 13644, 13943, '0', 0, 0, 0, -1, 0, 0, 3660.61, 689.706, 35.842, 5.57273, 7200, 10, 0, 100, 1, NULL, NULL, NULL, NULL, '', NULL, 59466),
(@CGUID+58, 194517, 2444, 13644, 13943, '0', 0, 0, 0, -1, 0, 0, 3587.62, 671.96, 32.3023, 2.94798, 7200, 10, 0, 100, 1, NULL, NULL, NULL, NULL, '', NULL, 59466),
(@CGUID+59, 192104, 2444, 13644, 13943, '0', 0, 0, 0, -1, 0, 0, 3622.62, 631.391, 22.6114, 0.257324, 7200, 10, 0, 100, 1, NULL, NULL, NULL, NULL, '', NULL, 59466),
(@CGUID+60, 194517, 2444, 13644, 13943, '0', 0, 0, 0, -1, 0, 0, 3624.92, 726.911, 48.997, 4.81507, 7200, 10, 0, 100, 1, NULL, NULL, NULL, NULL, '', NULL, 59466),
(@CGUID+61, 191812, 2444, 13644, 13943, '0', 0, 0, 0, -1, 0, 0, 3740.57, 685.404, 92.6578, 4.49181, 7200, 0, 0, 100, 0, NULL, NULL, NULL, NULL, '', NULL, 59466),
(@CGUID+62, 191812, 2444, 13644, 13943, '0', 0, 0, 0, -1, 0, 0, 3784.12, 648.208, 68.9187, 2.87235, 7200, 0, 0, 100, 0, NULL, NULL, NULL, NULL, '', NULL, 59466),
(@CGUID+63, 191812, 2444, 13644, 13943, '0', 0, 0, 0, -1, 0, 0, 3639.82, 709.377, 52.7269, 2.15389, 7200, 10, 0, 100, 1, NULL, NULL, NULL, NULL, '', NULL, 59466),
(@CGUID+64, 192137, 2444, 13644, 13943, '0', 0, 0, 0, -1, 0, 0, 3612.71, 666.188, 23.2673, 2.65452, 7200, 10, 0, 100, 1, NULL, NULL, NULL, NULL, '', NULL, 59466),
(@CGUID+65, 196557, 2444, 13644, 13943, '0', 0, 0, 0, -1, 0, 0, 3526.96, 680.49, 33.8028, 0.706169, 7200, 0, 0, 100, 0, NULL, NULL, NULL, NULL, '', NULL, 59466),
(@CGUID+66, 196553, 2444, 13644, 13943, '0', 0, 0, 0, -1, 0, 0, 3541.8, 690.868, 35.9181, 3.74552, 7200, 0, 0, 100, 0, NULL, NULL, NULL, NULL, '', NULL, 59466),
(@CGUID+67, 196554, 2444, 13644, 13943, '0', 0, 0, 0, -1, 0, 0, 3529.99, 692.403, 36.5394, 5.17349, 7200, 0, 0, 100, 0, NULL, NULL, NULL, NULL, '', NULL, 59466),
(@CGUID+68, 191823, 2444, 13644, 13943, '0', 0, 0, 0, -1, 0, 0, 3725.94, 762.821, 191.926, 1.19694, 7200, 0, 0, 100, 0, NULL, NULL, NULL, NULL, '', NULL, 59466),
(@CGUID+69, 191823, 2444, 13644, 13943, '0', 0, 0, 0, -1, 0, 0, 3733.66, 738.355, 229.011, 2.84866, 7200, 10, 0, 100, 1, NULL, NULL, NULL, NULL, '', NULL, 59466),
(@CGUID+70, 191823, 2444, 13644, 13943, '0', 0, 0, 0, -1, 0, 0, 3713.67, 815.546, 155.627, 4.04443, 7200, 10, 0, 100, 1, NULL, NULL, NULL, NULL, '', NULL, 59466),
(@CGUID+71, 192104, 2444, 13644, 13943, '0', 0, 0, 0, -1, 0, 0, 3636.95, 683.181, 28.7534, 3.16021, 7200, 10, 0, 100, 1, NULL, NULL, NULL, NULL, '', NULL, 59466),
(@CGUID+72, 191812, 2444, 13644, 13943, '0', 0, 0, 0, -1, 0, 0, 3611.04, 693.99, 35.9721, 1.58508, 7200, 10, 0, 100, 1, NULL, NULL, NULL, NULL, '', NULL, 59466),
(@CGUID+73, 191823, 2444, 13644, 13943, '0', 0, 0, 0, -1, 0, 0, 3793.79, 800.295, 138.697, 4.04478, 7200, 0, 0, 100, 0, NULL, NULL, NULL, NULL, '', NULL, 59466),
(@CGUID+74, 192137, 2444, 13644, 13943, '0', 0, 0, 0, -1, 0, 0, 3614.43, 657.663, 22.9913, 1.24784, 7200, 10, 0, 100, 1, NULL, NULL, NULL, NULL, '', NULL, 59466),
(@CGUID+75, 192137, 2444, 13644, 13943, '0', 0, 0, 0, -1, 0, 0, 3633.2, 641.42, 0.386047, 0.314852, 7200, 10, 0, 100, 1, NULL, NULL, NULL, NULL, '', NULL, 59466),
(@CGUID+76, 192137, 2444, 13644, 13943, '0', 0, 0, 0, -1, 0, 0, 3649.32, 667.589, 1.13274, 3.47327, 7200, 10, 0, 100, 1, NULL, NULL, NULL, NULL, '', NULL, 59466),
(@CGUID+77, 192137, 2444, 13644, 13943, '0', 0, 0, 0, -1, 0, 0, 3625.17, 654.15, -1.10101, 2.34647, 7200, 10, 0, 100, 1, NULL, NULL, NULL, NULL, '', NULL, 59466),
(@CGUID+78, 191809, 2444, 13644, 13943, '0', 0, 0, 0, -1, 0, 0, 3614.18, 719.315, 50.3991, 5.5178, 7200, 10, 0, 100, 1, NULL, NULL, NULL, NULL, '', NULL, 59466),
(@CGUID+79, 191812, 2444, 13644, 13943, '0', 0, 0, 0, -1, 0, 0, 3580.39, 672.935, 32.9446, 0.100792, 7200, 10, 0, 100, 1, NULL, NULL, NULL, NULL, '', NULL, 59466),
(@CGUID+80, 191809, 2444, 13644, 13943, '0', 0, 0, 0, -1, 0, 0, 3590.36, 739.372, 50.0231, 1.27245, 7200, 10, 0, 100, 1, NULL, NULL, NULL, NULL, '', NULL, 59466),
(@CGUID+81, 180377, 2444, 13644, 13943, '0', 0, 0, 0, -1, 0, 0, 3455.69, 790.422, 158.855, 2.86414, 7200, 0, 0, 100, 0, NULL, NULL, NULL, NULL, '', NULL, 59466),
(@CGUID+82, 183335, 2444, 13644, 13943, '0', 0, 0, 0, -1, 0, 0, 3450.29, 776.997, 118.301, 1.57207, 7200, 0, 0, 100, 0, NULL, NULL, NULL, NULL, '', NULL, 59466),
(@CGUID+83, 180377, 2444, 13644, 13943, '0', 0, 0, 0, -1, 0, 0, 3446.91, 779.556, 130.384, 1.79263, 7200, 0, 0, 100, 0, NULL, NULL, NULL, NULL, '', NULL, 59466),
(@CGUID+84, 180377, 2444, 13644, 13943, '0', 0, 0, 0, -1, 0, 0, 3467.2, 795.097, 150.859, 2.24767, 7200, 0, 0, 100, 0, NULL, NULL, NULL, NULL, '', NULL, 59466),
(@CGUID+85, 180377, 2444, 13644, 13943, '0', 0, 0, 0, -1, 0, 0, 3462.2, 784.583, 135.485, 1.79262, 7200, 0, 0, 100, 0, NULL, NULL, NULL, NULL, '', NULL, 59466),
(@CGUID+86, 191809, 2444, 13644, 13943, '0', 0, 0, 0, -1, 0, 0, 3554.83, 688.927, 38.6806, 4.8994, 7200, 10, 0, 100, 1, NULL, NULL, NULL, NULL, '', NULL, 59466),
(@CGUID+87, 185344, 2444, 13644, 13943, '0', 0, 0, 0, -1, 0, 0, 3450.79, 775.238, 111.894, 1.6057, 7200, 0, 0, 100, 0, NULL, NULL, NULL, NULL, '', NULL, 59466),
(@CGUID+88, 191812, 2444, 13644, 13943, '0', 0, 0, 0, -1, 0, 0, 3608.28, 599.694, 24.8362, 4.91898, 7200, 10, 0, 100, 1, NULL, NULL, NULL, NULL, '', NULL, 59466),
(@CGUID+89, 186143, 2444, 13644, 13943, '0', 0, 0, 0, -1, 0, 0, 3470.3, 800.398, 164.128, 2.02866, 7200, 0, 0, 100, 0, NULL, NULL, NULL, NULL, '', NULL, 59466),
(@CGUID+90, 180377, 2444, 13644, 13943, '0', 0, 0, 0, -1, 0, 0, 3467.59, 789.172, 138.53, 2.34498, 7200, 0, 0, 100, 0, NULL, NULL, NULL, NULL, '', NULL, 59466),
(@CGUID+91, 186144, 2444, 13644, 13943, '0', 0, 0, 0, -1, 0, 0, 3452.3, 789.16, 160.017, 1.50501, 7200, 0, 0, 100, 0, NULL, NULL, NULL, NULL, '', NULL, 59466),
(@CGUID+92, 186146, 2444, 13644, 13943, '0', 0, 0, 0, -1, 0, 0, 3454.35, 782.724, 135.547, 1.65214, 7200, 0, 0, 100, 0, NULL, NULL, NULL, NULL, '', NULL, 59466),
(@CGUID+93, 180377, 2444, 13644, 13943, '0', 0, 0, 0, -1, 0, 0, 3451.85, 778.847, 124.444, 1.79262, 7200, 0, 0, 100, 0, NULL, NULL, NULL, NULL, '', NULL, 59466),
(@CGUID+94, 191809, 2444, 13644, 13943, '0', 0, 0, 0, -1, 0, 0, 3546.59, 700.931, 42.657, 5.89613, 7200, 10, 0, 100, 1, NULL, NULL, NULL, NULL, '', NULL, 59466),
(@CGUID+95, 186146, 2444, 13644, 13943, '0', 0, 0, 0, -1, 0, 0, 3469.27, 792.628, 144.456, 1.71027, 7200, 0, 0, 100, 0, NULL, NULL, NULL, NULL, '', NULL, 59466),
(@CGUID+96, 186143, 2444, 13644, 13943, '0', 0, 0, 0, -1, 0, 0, 3462.68, 794.531, 159.176, 2.40315, 7200, 0, 0, 100, 0, NULL, NULL, NULL, NULL, '', NULL, 59466),
(@CGUID+97, 192049, 2444, 13644, 13943, '0', 0, 0, 0, -1, 0, 0, 3498.39, 619.819, 8.40446, 2.37191, 7200, 10, 0, 100, 1, NULL, NULL, NULL, NULL, '', NULL, 59466),
(@CGUID+98, 191553, 2444, 13644, 13943, '0', 0, 0, 0, -1, 0, 0, 3507.69, 662.168, 33.0946, 4.86659, 7200, 0, 0, 100, 0, NULL, NULL, NULL, NULL, '', NULL, 59466),
(@CGUID+99, 191809, 2444, 13644, 13943, '0', 0, 0, 0, -1, 0, 0, 3502.04, 660.66, 35.9389, 2.69186, 7200, 10, 0, 100, 1, NULL, NULL, NULL, NULL, '', NULL, 59466),
(@CGUID+100, 191554, 2444, 13644, 13943, '0', 0, 0, 0, -1, 0, 0, 3508.55, 660.705, 32.7359, 1.84932, 7200, 0, 0, 100, 0, NULL, NULL, NULL, NULL, '', NULL, 59466),
(@CGUID+101, 191809, 2444, 13644, 13943, '0', 0, 0, 0, -1, 0, 0, 3513.78, 649.026, 31.6267, 5.51756, 7200, 10, 0, 100, 1, NULL, NULL, NULL, NULL, '', NULL, 59466),
(@CGUID+102, 191553, 2444, 13644, 13943, '0', 0, 0, 0, -1, 0, 0, 3515.03, 654.863, 30.8769, 3.02957, 7200, 0, 0, 100, 0, NULL, NULL, NULL, NULL, '', NULL, 59466),
(@CGUID+103, 180377, 2444, 13644, 13943, '0', 0, 0, 0, -1, 0, 0, 3440.22, 786.847, 150.982, 2.41016, 7200, 0, 0, 100, 0, NULL, NULL, NULL, NULL, '', NULL, 59466),
(@CGUID+104, 183335, 2444, 13644, 13943, '0', 0, 0, 0, -1, 0, 0, 3443.29, 785.247, 148.219, 1.57207, 7200, 0, 0, 100, 0, NULL, NULL, NULL, NULL, '', NULL, 59466),
(@CGUID+105, 189455, 2444, 13644, 13943, '0', 0, 0, 0, -1, 0, 0, 3525.28, 592.07, 7.22824, 3.74319, 7200, 10, 0, 100, 1, NULL, NULL, NULL, NULL, '', NULL, 59466),
(@CGUID+106, 186146, 2444, 13644, 13943, '0', 0, 0, 0, -1, 0, 0, 3443.11, 779.455, 129.663, 1.96343, 7200, 0, 0, 100, 0, NULL, NULL, NULL, NULL, '', NULL, 59466),
(@CGUID+107, 191554, 2444, 13644, 13943, '0', 0, 0, 0, -1, 0, 0, 3516.05, 649.718, 29.7778, 0.584591, 7200, 10, 0, 100, 1, NULL, NULL, NULL, NULL, '', NULL, 59466),
(@CGUID+108, 189455, 2444, 13644, 13943, '0', 0, 0, 0, -1, 0, 0, 3484.24, 628.525, 7.09937, 2.4627, 7200, 10, 0, 100, 1, NULL, NULL, NULL, NULL, '', NULL, 59466),
(@CGUID+109, 180377, 2444, 13644, 13943, '0', 0, 0, 0, -1, 0, 0, 3429.64, 779.29, 125.649, 1.48983, 7200, 0, 0, 100, 0, NULL, NULL, NULL, NULL, '', NULL, 59466),
(@CGUID+110, 189455, 2444, 13644, 13943, '0', 0, 0, 0, -1, 0, 0, 3487.16, 618.848, 6.76646, 4.46057, 7200, 10, 0, 100, 1, NULL, NULL, NULL, NULL, '', NULL, 59466),
(@CGUID+111, 185344, 2444, 13644, 13943, '0', 0, 0, 0, -1, 0, 0, 3430.18, 774.727, 113.226, 1.45215, 7200, 0, 0, 100, 0, NULL, NULL, NULL, NULL, '', NULL, 59466),
(@CGUID+112, 186144, 2444, 13644, 13943, '0', 0, 0, 0, -1, 0, 0, 3431.54, 782.998, 139.198, 0.918806, 7200, 0, 0, 100, 0, NULL, NULL, NULL, NULL, '', NULL, 59466),
(@CGUID+113, 186146, 2444, 13644, 13943, '0', 0, 0, 0, -1, 0, 0, 3443.26, 788.689, 157.573, 1.79262, 7200, 0, 0, 100, 0, NULL, NULL, NULL, NULL, '', NULL, 59466),
(@CGUID+114, 191797, 2444, 13644, 13943, '0', 0, 0, 0, -1, 0, 0, 3494.75, 608.392, 8.82277, 6.2303, 7200, 10, 0, 100, 1, NULL, NULL, NULL, NULL, '', NULL, 59466),
(@CGUID+115, 182602, 2444, 13644, 13943, '0', 0, 0, 0, -1, 0, 0, 3528.96, 595.958, 8.64854, 5.28726, 7200, 10, 0, 100, 1, NULL, NULL, NULL, NULL, '', NULL, 59466),
(@CGUID+116, 186143, 2444, 13644, 13943, '0', 0, 0, 0, -1, 0, 0, 3443.64, 775.733, 118.362, 1.79262, 7200, 0, 0, 100, 0, NULL, NULL, NULL, NULL, '', NULL, 59466),
(@CGUID+117, 189455, 2444, 13644, 13943, '0', 0, 0, 0, -1, 0, 0, 3516.4, 603.59, 7.31119, 4.27674, 7200, 10, 0, 100, 1, NULL, NULL, NULL, NULL, '', NULL, 59466),
(@CGUID+118, 186146, 2444, 13644, 13943, '0', 0, 0, 0, -1, 0, 0, 3436.35, 776.049, 121.79, 1.79262, 7200, 0, 0, 100, 0, NULL, NULL, NULL, NULL, '', NULL, 59466),
(@CGUID+119, 186146, 2444, 13644, 13943, '0', 0, 0, 0, -1, 0, 0, 3429.88, 781.96, 131.934, 0.956031, 7200, 0, 0, 100, 0, NULL, NULL, NULL, NULL, '', NULL, 59466),
(@CGUID+120, 186143, 2444, 13644, 13943, '0', 0, 0, 0, -1, 0, 0, 3448.6, 783.941, 142.411, 1.55195, 7200, 0, 0, 100, 0, NULL, NULL, NULL, NULL, '', NULL, 59466),
(@CGUID+121, 186144, 2444, 13644, 13943, '0', 0, 0, 0, -1, 0, 0, 3432.22, 786.444, 147.192, 1.71713, 7200, 0, 0, 100, 0, NULL, NULL, NULL, NULL, '', NULL, 59466),
(@CGUID+122, 190660, 2444, 13644, 13943, '0', 0, 0, 0, -1, 0, 0, 3484.55, 575.524, 42.5911, 5.29607, 7200, 10, 0, 100, 1, NULL, NULL, NULL, NULL, '', NULL, 59466),
(@CGUID+123, 190660, 2444, 13644, 13943, '0', 0, 0, 0, -1, 0, 0, 3458.97, 600.562, 58.4892, 1.59166, 7200, 10, 0, 100, 1, NULL, NULL, NULL, NULL, '', NULL, 59466),
(@CGUID+124, 189455, 2444, 13644, 13943, '0', 0, 0, 0, -1, 0, 0, 3503.29, 574.398, 7.48426, 1.02589, 7200, 10, 0, 100, 1, NULL, NULL, NULL, NULL, '', NULL, 59466),
(@CGUID+125, 189455, 2444, 13644, 13943, '0', 0, 0, 0, -1, 0, 0, 3455.34, 633.538, 7.00823, 1.19821, 7200, 10, 0, 100, 1, NULL, NULL, NULL, NULL, '', NULL, 59466),
(@CGUID+126, 188334, 2444, 13644, 13943, '0', 0, 0, 0, -1, 0, 0, 3482.77, 592.043, 8.75044, 4.5138, 7200, 10, 0, 100, 1, NULL, NULL, NULL, NULL, '', NULL, 59466),
(@CGUID+127, 189455, 2444, 13644, 13943, '0', 0, 0, 0, -1, 0, 0, 3509.16, 571.802, 6.98445, 1.61493, 7200, 10, 0, 100, 1, NULL, NULL, NULL, NULL, '', NULL, 59466),
(@CGUID+128, 188334, 2444, 13644, 13943, '0', 0, 0, 0, -1, 0, 0, 3523.43, 563.032, 9.25317, 6.24996, 7200, 10, 0, 100, 1, NULL, NULL, NULL, NULL, '', NULL, 59466),
(@CGUID+129, 189455, 2444, 13644, 13943, '0', 0, 0, 0, -1, 0, 0, 3480.93, 621.78, 6.86968, 0.147086, 7200, 10, 0, 100, 1, NULL, NULL, NULL, NULL, '', NULL, 59466),
(@CGUID+130, 182602, 2444, 13644, 13943, '0', 0, 0, 0, -1, 0, 0, 3526.05, 586.232, 8.94591, 3.60159, 7200, 10, 0, 100, 1, NULL, NULL, NULL, NULL, '', NULL, 59466),
(@CGUID+131, 191554, 2444, 13644, 13943, '0', 0, 0, 0, -1, 0, 0, 3603.93, 565.163, 24.4672, 0.353885, 7200, 10, 0, 100, 1, NULL, NULL, NULL, NULL, '', NULL, 59466),
(@CGUID+132, 191554, 2444, 13644, 13943, '0', 0, 0, 0, -1, 0, 0, 3603.93, 560.663, 24.6406, 2.52494, 7200, 10, 0, 100, 1, NULL, NULL, NULL, NULL, '', NULL, 59466),
(@CGUID+133, 191553, 2444, 13644, 13943, '0', 0, 0, 0, -1, 0, 0, 3606.75, 550.508, 25.053, 6.25688, 7200, 10, 0, 100, 1, NULL, NULL, NULL, NULL, '', NULL, 59466),
(@CGUID+134, 191797, 2444, 13644, 13943, '0', 0, 0, 0, -1, 0, 0, 3559.82, 526.961, 8.87432, 4.23475, 7200, 10, 0, 100, 1, NULL, NULL, NULL, NULL, '', NULL, 59466),
(@CGUID+135, 189455, 2444, 13644, 13943, '0', 0, 0, 0, -1, 0, 0, 3500.14, 503.693, 6.25577, 1.993, 7200, 10, 0, 100, 1, NULL, NULL, NULL, NULL, '', NULL, 59466),
(@CGUID+136, 182602, 2444, 13644, 13943, '0', 0, 0, 0, -1, 0, 0, 3528.83, 457.666, 8.97188, 5.6809, 7200, 10, 0, 100, 1, NULL, NULL, NULL, NULL, '', NULL, 59466),
(@CGUID+137, 191797, 2444, 13644, 13943, '0', 0, 0, 0, -1, 0, 0, 3556.63, 472.075, 8.53963, 4.35757, 7200, 10, 0, 100, 1, NULL, NULL, NULL, NULL, '', NULL, 59466),
(@CGUID+138, 188334, 2444, 13644, 13943, '0', 0, 0, 0, -1, 0, 0, 3545.44, 459.627, 8.08851, 6.08911, 7200, 10, 0, 100, 1, NULL, NULL, NULL, NULL, '', NULL, 59466),
(@CGUID+139, 188334, 2444, 13644, 13943, '0', 0, 0, 0, -1, 0, 0, 3532.99, 512.563, 10.194, 2.95685, 7200, 10, 0, 100, 1, NULL, NULL, NULL, NULL, '', NULL, 59466),
(@CGUID+140, 188334, 2444, 13644, 13943, '0', 0, 0, 0, -1, 0, 0, 3538.75, 496.788, 8.92771, 4.76681, 7200, 0, 0, 100, 0, NULL, NULL, NULL, NULL, '', NULL, 59466),
(@CGUID+141, 188334, 2444, 13644, 13943, '0', 0, 0, 0, -1, 0, 0, 3567.38, 435.436, 8.73684, 5.15996, 7200, 0, 0, 100, 0, NULL, NULL, NULL, NULL, '', NULL, 59466),
(@CGUID+142, 191797, 2444, 13644, 13943, '0', 0, 0, 0, -1, 0, 0, 3515.14, 370.972, 7.882, 1.31729, 7200, 10, 0, 100, 1, NULL, NULL, NULL, NULL, '', NULL, 59466),
(@CGUID+143, 189455, 2444, 13644, 13943, '0', 0, 0, 0, -1, 0, 0, 3507.53, 398.808, 7.30575, 1.36303, 7200, 0, 0, 100, 0, NULL, NULL, NULL, NULL, '', NULL, 59466),
(@CGUID+144, 189455, 2444, 13644, 13943, '0', 0, 0, 0, -1, 0, 0, 3561.62, 359.957, 3.13095, 1.42017, 7200, 10, 0, 100, 1, NULL, NULL, NULL, NULL, '', NULL, 59466),
(@CGUID+145, 190660, 2444, 13644, 13943, '0', 0, 0, 0, -1, 0, 0, 3526.74, 366.933, 57.4892, 2.29719, 7200, 10, 0, 100, 1, NULL, NULL, NULL, NULL, '', NULL, 59466),
(@CGUID+146, 189455, 2444, 13644, 13943, '0', 0, 0, 0, -1, 0, 0, 3518.34, 428.918, 6.83027, 2.39346, 7200, 10, 0, 100, 1, NULL, NULL, NULL, NULL, '', NULL, 59466),
(@CGUID+147, 189455, 2444, 13644, 13943, '0', 0, 0, 0, -1, 0, 0, 3522.62, 403.129, 6.30654, 4.85819, 7200, 10, 0, 100, 1, NULL, NULL, NULL, NULL, '', NULL, 59466),
(@CGUID+148, 188334, 2444, 13644, 13943, '0', 0, 0, 0, -1, 0, 0, 3529.6, 429.941, 11.4085, 5.94635, 7200, 10, 0, 100, 1, NULL, NULL, NULL, NULL, '', NULL, 59466),
(@CGUID+149, 190660, 2444, 13644, 13943, '0', 0, 0, 0, -1, 0, 0, 3505.68, 353.707, 67.5947, 1.45096, 7200, 0, 0, 100, 0, NULL, NULL, NULL, NULL, '', NULL, 59466),
(@CGUID+150, 189455, 2444, 13644, 13943, '0', 0, 0, 0, -1, 0, 0, 3557.89, 369.798, 2.78484, 5.23604, 7200, 10, 0, 100, 1, NULL, NULL, NULL, NULL, '', NULL, 59466),
(@CGUID+151, 189455, 2444, 13644, 13943, '0', 0, 0, 0, -1, 0, 0, 3517.91, 407.601, 7.12273, 5.94495, 7200, 10, 0, 100, 1, NULL, NULL, NULL, NULL, '', NULL, 59466),
(@CGUID+152, 189455, 2444, 13644, 13943, '0', 0, 0, 0, -1, 0, 0, 3565.65, 375.361, 2.54133, 0.0912239, 7200, 10, 0, 100, 1, NULL, NULL, NULL, NULL, '', NULL, 59466),
(@CGUID+153, 182602, 2444, 13644, 13943, '0', 0, 0, 0, -1, 0, 0, 3575.36, 407.169, 12.4025, 0.459845, 7200, 10, 0, 100, 1, NULL, NULL, NULL, NULL, '', NULL, 59466),
(@CGUID+154, 182602, 2444, 13644, 13943, '0', 0, 0, 0, -1, 0, 0, 3547.48, 363.965, 4.22613, 4.9801, 7200, 10, 0, 100, 1, NULL, NULL, NULL, NULL, '', NULL, 59466),
(@CGUID+155, 191797, 2444, 13644, 13943, '0', 0, 0, 0, -1, 0, 0, 3562.82, 339.066, 3.36398, 4.50867, 7200, 10, 0, 100, 1, NULL, NULL, NULL, NULL, '', NULL, 59466),
(@CGUID+156, 192104, 2444, 13644, 13943, '0', 0, 0, 0, -1, 0, 0, 3572.92, 303.646, 7.69988, 0, 7200, 0, 0, 100, 0, NULL, NULL, NULL, NULL, '', NULL, 59466),
(@CGUID+157, 189455, 2444, 13644, 13943, '0', 0, 0, 0, -1, 0, 0, 3533.53, 359.479, 2.4821, 6.18685, 7200, 10, 0, 100, 1, NULL, NULL, NULL, NULL, '', NULL, 59466),
(@CGUID+158, 188334, 2444, 13644, 13943, '0', 0, 0, 0, -1, 0, 0, 3538.76, 416.176, 8.38416, 5.7174, 7200, 10, 0, 100, 1, NULL, NULL, NULL, NULL, '', NULL, 59466),
(@CGUID+159, 189455, 2444, 13644, 13943, '0', 0, 0, 0, -1, 0, 0, 3540.92, 364.984, 3.11249, 5.81751, 7200, 10, 0, 100, 1, NULL, NULL, NULL, NULL, '', NULL, 59466),
(@CGUID+160, 189455, 2444, 13644, 13943, '0', 0, 0, 0, -1, 0, 0, 3540.31, 349.658, 3.1031, 4.548, 7200, 10, 0, 100, 1, NULL, NULL, NULL, NULL, '', NULL, 59466),
(@CGUID+161, 189455, 2444, 13644, 13943, '0', 0, 0, 0, -1, 0, 0, 3528.66, 362.176, 2.83342, 5.55653, 7200, 10, 0, 100, 1, NULL, NULL, NULL, NULL, '', NULL, 59466),
(@CGUID+162, 188334, 2444, 13644, 13943, '0', 0, 0, 0, -1, 0, 0, 3548.16, 392.439, 8.18227, 4.44784, 7200, 0, 0, 100, 0, NULL, NULL, NULL, NULL, '', NULL, 59466),
(@CGUID+163, 192047, 2444, 13644, 13943, '0', 0, 0, 0, -1, 0, 0, 3572.68, 347.339, 4.24667, 0.230177, 7200, 10, 0, 100, 1, NULL, NULL, NULL, NULL, '', NULL, 59466),
(@CGUID+164, 191797, 2444, 13644, 13943, '0', 0, 0, 0, -1, 0, 0, 3525.22, 420.711, 8.49967, 5.11482, 7200, 10, 0, 100, 1, NULL, NULL, NULL, NULL, '', NULL, 59466),
(@CGUID+165, 192136, 2444, 13644, 13943, '0', 0, 0, 0, -1, 0, 0, 3578.61, 296.072, 11.9455, 0.978144, 7200, 10, 0, 100, 1, NULL, NULL, NULL, NULL, '', NULL, 59466),
(@CGUID+166, 189455, 2444, 13644, 13943, '0', 0, 0, 0, -1, 0, 0, 3506.21, 412.552, 5.95911, 1.58234, 7200, 10, 0, 100, 1, NULL, NULL, NULL, NULL, '', NULL, 59466),
(@CGUID+167, 189455, 2444, 13644, 13943, '0', 0, 0, 0, -1, 0, 0, 3518.51, 392.555, 6.60121, 2.86795, 7200, 10, 0, 100, 1, NULL, NULL, NULL, NULL, '', NULL, 59466),
(@CGUID+168, 189455, 2444, 13644, 13943, '0', 0, 0, 0, -1, 0, 0, 3508.62, 419.481, 7.48831, 1.60807, 7200, 10, 0, 100, 1, NULL, NULL, NULL, NULL, '', NULL, 59466),
(@CGUID+169, 189455, 2444, 13644, 13943, '0', 0, 0, 0, -1, 0, 0, 3557.53, 356.913, 3.05001, 4.7709, 7200, 10, 0, 100, 1, NULL, NULL, NULL, NULL, '', NULL, 59466),
(@CGUID+170, 190267, 2444, 13644, 13943, '0', 0, 0, 0, -1, 0, 0, 3435.02, 356.943, 25.3966, 2.02861, 7200, 0, 0, 100, 0, NULL, NULL, NULL, NULL, '', NULL, 59466),
(@CGUID+171, 189455, 2444, 13644, 13943, '0', 0, 0, 0, -1, 0, 0, 3510, 388.621, 7.2212, 1.93708, 7200, 10, 0, 100, 1, NULL, NULL, NULL, NULL, '', NULL, 59466),
(@CGUID+172, 189455, 2444, 13644, 13943, '0', 0, 0, 0, -1, 0, 0, 3500.26, 465.36, 6.58926, 2.24001, 7200, 10, 0, 100, 1, NULL, NULL, NULL, NULL, '', NULL, 59466),
(@CGUID+173, 189455, 2444, 13644, 13943, '0', 0, 0, 0, -1, 0, 0, 3506.24, 431.474, 5.96889, 5.82493, 7200, 10, 0, 100, 1, NULL, NULL, NULL, NULL, '', NULL, 59466),
(@CGUID+174, 189455, 2444, 13644, 13943, '0', 0, 0, 0, -1, 0, 0, 3503.48, 472.104, 5.83215, 4.75593, 7200, 0, 0, 100, 0, NULL, NULL, NULL, NULL, '', NULL, 59466),
(@CGUID+175, 189455, 2444, 13644, 13943, '0', 0, 0, 0, -1, 0, 0, 3507.49, 431.987, 7.31824, 4.92698, 7200, 10, 0, 100, 1, NULL, NULL, NULL, NULL, '', NULL, 59466),
(@CGUID+176, 189455, 2444, 13644, 13943, '0', 0, 0, 0, -1, 0, 0, 3504.78, 441.896, 6.91419, 1.63327, 7200, 0, 0, 100, 0, NULL, NULL, NULL, NULL, '', NULL, 59466),
(@CGUID+177, 190660, 2444, 13644, 13943, '0', 0, 0, 0, -1, 0, 0, 3456.62, 490.011, 41.095, 4.70031, 7200, 10, 0, 100, 1, NULL, NULL, NULL, NULL, '', NULL, 59466),
(@CGUID+178, 191797, 2444, 13644, 13943, '0', 0, 0, 0, -1, 0, 0, 3484.22, 452.173, 8.46195, 5.77542, 7200, 10, 0, 100, 1, NULL, NULL, NULL, NULL, '', NULL, 59466),
(@CGUID+179, 188334, 2444, 13644, 13943, '0', 0, 0, 0, -1, 0, 0, 3504.28, 563.767, 8.16526, 1.10915, 7200, 10, 0, 100, 1, NULL, NULL, NULL, NULL, '', NULL, 59466),
(@CGUID+180, 188334, 2444, 13644, 13943, '0', 0, 0, 0, -1, 0, 0, 3484.32, 438.392, 8.89425, 5.10706, 7200, 0, 0, 100, 0, NULL, NULL, NULL, NULL, '', NULL, 59466),
(@CGUID+181, 188334, 2444, 13644, 13943, '0', 0, 0, 0, -1, 0, 0, 3451.86, 471.773, 9.35759, 0.0312033, 7200, 10, 0, 100, 1, NULL, NULL, NULL, NULL, '', NULL, 59466),
(@CGUID+182, 189455, 2444, 13644, 13943, '0', 0, 0, 0, -1, 0, 0, 3490.17, 532.782, 5.99295, 0.672281, 7200, 10, 0, 100, 1, NULL, NULL, NULL, NULL, '', NULL, 59466),
(@CGUID+183, 182602, 2444, 13644, 13943, '0', 0, 0, 0, -1, 0, 0, 3458.11, 525.218, 9.69879, 4.27321, 7200, 10, 0, 100, 1, NULL, NULL, NULL, NULL, '', NULL, 59466),
(@CGUID+184, 191797, 2444, 13644, 13943, '0', 0, 0, 0, -1, 0, 0, 3475.17, 508.212, 8.40378, 4.97109, 7200, 10, 0, 100, 1, NULL, NULL, NULL, NULL, '', NULL, 59466),
(@CGUID+185, 188334, 2444, 13644, 13943, '0', 0, 0, 0, -1, 0, 0, 3498.05, 381.948, 9.24322, 0.194524, 7200, 10, 0, 100, 1, NULL, NULL, NULL, NULL, '', NULL, 59466),
(@CGUID+186, 188334, 2444, 13644, 13943, '0', 0, 0, 0, -1, 0, 0, 3461.45, 408.858, 8.54486, 3.24316, 7200, 10, 0, 100, 1, NULL, NULL, NULL, NULL, '', NULL, 59466),
(@CGUID+187, 189455, 2444, 13644, 13943, '0', 0, 0, 0, -1, 0, 0, 3490.96, 541.039, 6.0422, 5.04586, 7200, 10, 0, 100, 1, NULL, NULL, NULL, NULL, '', NULL, 59466),
(@CGUID+188, 188334, 2444, 13644, 13943, '0', 0, 0, 0, -1, 0, 0, 3449.3, 508.319, 9.83272, 5.20348, 7200, 10, 0, 100, 1, NULL, NULL, NULL, NULL, '', NULL, 59466),
(@CGUID+189, 189455, 2444, 13644, 13943, '0', 0, 0, 0, -1, 0, 0, 3487.36, 547.778, 6.3189, 4.67457, 7200, 10, 0, 100, 1, NULL, NULL, NULL, NULL, '', NULL, 59466),
(@CGUID+190, 188334, 2444, 13644, 13943, '0', 0, 0, 0, -1, 0, 0, 3479.62, 400.302, 8.80687, 2.06684, 7200, 0, 0, 100, 0, NULL, NULL, NULL, NULL, '', NULL, 59466),
(@CGUID+191, 189455, 2444, 13644, 13943, '0', 0, 0, 0, -1, 0, 0, 3476.74, 546.976, 5.46215, 3.17809, 7200, 10, 0, 100, 1, NULL, NULL, NULL, NULL, '', NULL, 59466),
(@CGUID+192, 188334, 2444, 13644, 13943, '0', 0, 0, 0, -1, 0, 0, 3486.73, 436.059, 8.87053, 3.22275, 7200, 0, 0, 100, 0, NULL, NULL, NULL, NULL, '', NULL, 59466),
(@CGUID+193, 182602, 2444, 13644, 13943, '0', 0, 0, 0, -1, 0, 0, 3484.92, 406.302, 8.58011, 3.48575, 7200, 10, 0, 100, 1, NULL, NULL, NULL, NULL, '', NULL, 59466),
(@CGUID+194, 190267, 2444, 13644, 13943, '0', 0, 0, 0, -1, 0, 0, 3396.73, 375.162, 16.3498, 1.16866, 7200, 0, 0, 100, 0, NULL, NULL, NULL, NULL, '', NULL, 59466),
(@CGUID+195, 190267, 2444, 13644, 13943, '0', 0, 0, 0, -1, 0, 0, 3398.17, 378.533, 16.1834, 4.31025, 7200, 0, 0, 100, 0, NULL, NULL, NULL, NULL, '', NULL, 59466),
(@CGUID+196, 189455, 2444, 13644, 13943, '0', 0, 0, 0, -1, 0, 0, 3487.57, 524.449, 5.8299, 4.72673, 7200, 10, 0, 100, 1, NULL, NULL, NULL, NULL, '', NULL, 59466),
(@CGUID+197, 191809, 2444, 13644, 13943, '0', 0, 0, 0, -1, 0, 0, 3687.48, 821.577, 63.9929, 1.57118, 7200, 10, 0, 100, 1, NULL, NULL, NULL, NULL, '', NULL, 59466),
(@CGUID+198, 61325, 2444, 13644, 13943, '0', 0, 0, 0, -1, 0, 0, 3725.72, 848.588, 58.788, 4.2898, 7200, 0, 0, 100, 0, NULL, NULL, NULL, NULL, '', NULL, 59466),
(@CGUID+199, 191809, 2444, 13644, 13943, '0', 0, 0, 0, -1, 0, 0, 3657.12, 862.269, 63.2715, 1.74168, 7200, 10, 0, 100, 1, NULL, NULL, NULL, NULL, '', NULL, 59466),
(@CGUID+200, 191798, 2444, 13644, 13943, '0', 0, 0, 0, -1, 0, 0, 3723.35, 797.678, 128.138, 6.21079, 7200, 10, 0, 100, 1, NULL, NULL, NULL, NULL, '', NULL, 59466),
(@CGUID+201, 191798, 2444, 13644, 13943, '0', 0, 0, 0, -1, 0, 0, 3732.01, 874.742, 128.307, 1.88292, 7200, 10, 0, 100, 1, NULL, NULL, NULL, NULL, '', NULL, 59466),
(@CGUID+202, 191820, 2444, 13644, 13943, '0', 0, 0, 0, -1, 0, 0, 3781.29, 933.014, 192.576, 5.45506, 7200, 0, 0, 100, 0, NULL, NULL, NULL, NULL, '', NULL, 59466),
(@CGUID+203, 191809, 2444, 13644, 13943, '0', 0, 0, 0, -1, 0, 0, 3752.87, 857.419, 65.1331, 4.69547, 7200, 0, 0, 100, 0, NULL, NULL, NULL, NULL, '', NULL, 59466),
(@CGUID+204, 191809, 2444, 13644, 13943, '0', 0, 0, 0, -1, 0, 0, 3777.12, 812.317, 64.9973, 4.56214, 7200, 0, 0, 100, 0, NULL, NULL, NULL, NULL, '', NULL, 59466),
(@CGUID+205, 191798, 2444, 13644, 13943, '0', 0, 0, 0, -1, 0, 0, 3768.31, 845.78, 130.093, 1.32082, 7200, 0, 0, 100, 0, NULL, NULL, NULL, NULL, '', NULL, 59466),
(@CGUID+206, 191809, 2444, 13644, 13943, '0', 0, 0, 0, -1, 0, 0, 3811.62, 840.835, 63.4241, 0.806379, 7200, 0, 0, 100, 0, NULL, NULL, NULL, NULL, '', NULL, 59466),
(@CGUID+207, 191809, 2444, 13644, 13943, '0', 0, 0, 0, -1, 0, 0, 3793.85, 819.646, 65.8621, 1.46844, 7200, 0, 0, 100, 0, NULL, NULL, NULL, NULL, '', NULL, 59466),
(@CGUID+208, 192047, 2444, 13644, 13943, '0', 0, 0, 0, -1, 0, 0, 3802.4, 841.155, 57.6307, 3.08607, 7200, 0, 0, 100, 0, NULL, NULL, NULL, NULL, '', NULL, 59466),
(@CGUID+209, 191824, 2444, 13644, 13943, '0', 0, 0, 0, -1, 0, 0, 3788.25, 798.825, 136.504, 1.87656, 7200, 0, 0, 100, 0, NULL, NULL, NULL, NULL, '', NULL, 59466),
(@CGUID+210, 191798, 2444, 13644, 13943, '0', 0, 0, 0, -1, 0, 0, 3802, 892.962, 129.565, 1.44634, 7200, 0, 0, 100, 0, NULL, NULL, NULL, NULL, '', NULL, 59466),
(@CGUID+211, 191798, 2444, 13644, 13943, '0', 0, 0, 0, -1, 0, 0, 3826.73, 928.375, 127.74, 4.59748, 7200, 0, 0, 100, 0, NULL, NULL, NULL, NULL, '', NULL, 59466),
(@CGUID+212, 191824, 2444, 13644, 13943, '0', 0, 0, 0, -1, 0, 0, 3790.53, 790.683, 137.523, 0.653826, 7200, 0, 0, 100, 0, NULL, NULL, NULL, NULL, '', NULL, 59466),
(@CGUID+213, 191798, 2444, 13644, 13943, '0', 0, 0, 0, -1, 0, 0, 3800.04, 803.118, 139.12, 4.38388, 7200, 0, 0, 100, 0, NULL, NULL, NULL, NULL, '', NULL, 59466),
(@CGUID+214, 191824, 2444, 13644, 13943, '0', 0, 0, 0, -1, 0, 0, 3795.6, 789.698, 140.528, 0.547243, 7200, 0, 0, 100, 0, NULL, NULL, NULL, NULL, '', NULL, 59466),
(@CGUID+215, 191824, 2444, 13644, 13943, '0', 0, 0, 0, -1, 0, 0, 3800.67, 791.786, 141.322, 2.27296, 7200, 0, 0, 100, 0, NULL, NULL, NULL, NULL, '', NULL, 59466),
(@CGUID+216, 191823, 2444, 13644, 13943, '0', 0, 0, 0, -1, 0, 0, 3870.26, 792.33, 187.212, 4.28542, 7200, 0, 0, 100, 0, NULL, NULL, NULL, NULL, '', NULL, 59466),
(@CGUID+217, 61325, 2444, 13644, 13943, '0', 0, 0, 0, -1, 0, 0, 3881.25, 954.167, 27.1448, 1.7749, 7200, 10, 0, 100, 1, NULL, NULL, NULL, NULL, '', NULL, 59466),
(@CGUID+218, 197846, 2444, 13644, 13943, '0', 0, 0, 0, -1, 0, 0, 3918.17, 955.998, -7.30167, 1.1433, 7200, 0, 0, 100, 0, NULL, NULL, NULL, NULL, '', NULL, 59466),
(@CGUID+219, 197846, 2444, 13644, 13943, '0', 0, 0, 0, -1, 0, 0, 3922.72, 942.96, -7.25194, 3.3664, 7200, 0, 0, 100, 0, NULL, NULL, NULL, NULL, '', NULL, 59466),
(@CGUID+220, 192181, 2444, 13644, 13943, '0', 0, 0, 0, -1, 0, 0, 3949.39, 810.415, 46.6944, 3.8943, 7200, 10, 0, 100, 1, NULL, NULL, NULL, NULL, '', NULL, 59466),
(@CGUID+221, 191798, 2444, 13644, 13943, '0', 0, 0, 0, -1, 0, 0, 3866.07, 848.541, 137.213, 1.12113, 7200, 0, 0, 100, 0, NULL, NULL, NULL, NULL, '', NULL, 59466),
(@CGUID+222, 189305, 2444, 13644, 13943, '0', 0, 0, 0, -1, 0, 0, 3914.55, 902.889, 35.6922, 0.404635, 7200, 10, 0, 100, 1, NULL, NULL, NULL, NULL, '', NULL, 59466),
(@CGUID+223, 197846, 2444, 13644, 13943, '0', 0, 0, 0, -1, 0, 0, 3983.66, 967.087, 1.453, 3.60959, 7200, 0, 0, 100, 0, NULL, NULL, NULL, NULL, '', NULL, 59466),
(@CGUID+224, 197849, 2444, 13644, 13943, '0', 0, 0, 0, -1, 0, 0, 3922.88, 951.099, -7.29569, 0.752527, 7200, 0, 0, 100, 0, NULL, NULL, NULL, NULL, '', NULL, 59466),
(@CGUID+225, 192059, 2444, 13644, 13943, '0', 0, 0, 0, -1, 0, 0, 3923.18, 971.585, 18.8279, 0, 7200, 0, 0, 100, 0, NULL, NULL, NULL, NULL, '', NULL, 59466),
(@CGUID+226, 197844, 2444, 13644, 13943, '0', 0, 0, 0, -1, 0, 0, 3922.52, 959.396, -6.67237, 3.39052, 7200, 0, 0, 100, 0, NULL, NULL, NULL, NULL, '', NULL, 59466),
(@CGUID+227, 197846, 2444, 13644, 13943, '0', 0, 0, 0, -1, 0, 0, 3940.64, 989.448, 3.9755, 6.27289, 7200, 0, 0, 100, 0, NULL, NULL, NULL, NULL, '', NULL, 59466),
(@CGUID+228, 197841, 2444, 13644, 13943, '0', 0, 0, 0, -1, 0, 0, 3919.99, 942.495, -6.78722, 0.8165, 7200, 0, 0, 100, 0, NULL, NULL, NULL, NULL, '', NULL, 59466),
(@CGUID+229, 197841, 2444, 13644, 13943, '0', 0, 0, 0, -1, 0, 0, 3915.23, 955.733, 20.0814, 4.18901, 7200, 0, 0, 100, 0, NULL, NULL, NULL, NULL, '', NULL, 59466),
(@CGUID+230, 197841, 2444, 13644, 13943, '0', 0, 0, 0, -1, 0, 0, 3920.55, 953.089, 17.5586, 4.00182, 7200, 0, 0, 100, 0, NULL, NULL, NULL, NULL, '', NULL, 59466),
(@CGUID+231, 197844, 2444, 13644, 13943, '0', 0, 0, 0, -1, 0, 0, 3917, 958.068, -6.65154, 0.194268, 7200, 0, 0, 100, 0, NULL, NULL, NULL, NULL, '', NULL, 59466),
(@CGUID+232, 189307, 2444, 13644, 13943, '0', 0, 0, 0, -1, 0, 0, 3965.35, 949.972, 21.3176, 2.15197, 7200, 10, 0, 100, 1, NULL, NULL, NULL, NULL, '', NULL, 59466),
(@CGUID+233, 199439, 2444, 13644, 13943, '0', 0, 0, 0, -1, 0, 0, 3920.58, 1036.65, 2.33151, 0, 7200, 0, 0, 100, 0, NULL, NULL, NULL, NULL, '', NULL, 59466),
(@CGUID+234, 189305, 2444, 13644, 13943, '0', 0, 0, 0, -1, 0, 0, 3902.85, 972.326, 17.703, 2.39143, 7200, 10, 0, 100, 1, NULL, NULL, NULL, NULL, '', NULL, 59466),
(@CGUID+235, 192472, 2444, 13644, 13943, '0', 0, 0, 0, -1, 0, 0, 3910.93, 997.276, 14.6056, 3.65871, 7200, 0, 0, 100, 0, NULL, NULL, NULL, NULL, '', NULL, 59466),
(@CGUID+236, 189305, 2444, 13644, 13943, '0', 0, 0, 0, -1, 0, 0, 3952.41, 904.788, 19.0336, 5.75968, 7200, 10, 0, 100, 1, NULL, NULL, NULL, NULL, '', NULL, 59466),
(@CGUID+237, 189307, 2444, 13644, 13943, '0', 0, 0, 0, -1, 0, 0, 3979.21, 970.052, 9.29443, 6.12045, 7200, 10, 0, 100, 1, NULL, NULL, NULL, NULL, '', NULL, 59466),
(@CGUID+238, 189306, 2444, 13644, 13943, '0', 0, 0, 0, -1, 0, 0, 3936.18, 1040.73, -0.150301, 2.95447, 7200, 10, 0, 100, 1, NULL, NULL, NULL, NULL, '', NULL, 59466),
(@CGUID+239, 189305, 2444, 13644, 13943, '0', 0, 0, 0, -1, 0, 0, 3851.03, 1049.95, 7.9671, 0.449669, 7200, 10, 0, 100, 1, NULL, NULL, NULL, NULL, '', NULL, 59466),
(@CGUID+240, 189306, 2444, 13644, 13943, '0', 0, 0, 0, -1, 0, 0, 3916.92, 1022.11, 2.73942, 0.970873, 7200, 10, 0, 100, 1, NULL, NULL, NULL, NULL, '', NULL, 59466),
(@CGUID+241, 197844, 2444, 13644, 13943, '0', 0, 0, 0, -1, 0, 0, 3951.82, 990.736, 3.38279, 4.03866, 7200, 0, 0, 100, 0, NULL, NULL, NULL, NULL, '', NULL, 59466),
(@CGUID+242, 197845, 2444, 13644, 13943, '0', 0, 0, 0, -1, 0, 0, 3941.82, 1002.39, 3.63346, 3.83052, 7200, 0, 0, 100, 0, NULL, NULL, NULL, NULL, '', NULL, 59466),
(@CGUID+243, 197841, 2444, 13644, 13943, '0', 0, 0, 0, -1, 0, 0, 3874.01, 1056.96, 9.67428, 0.0406761, 7200, 0, 0, 100, 0, NULL, NULL, NULL, NULL, '', NULL, 59466),
(@CGUID+244, 197842, 2444, 13644, 13943, '0', 0, 0, 0, -1, 0, 0, 3926.42, 1043.77, 0.260118, 3.30053, 7200, 10, 0, 100, 1, NULL, NULL, NULL, NULL, '', NULL, 59466),
(@CGUID+245, 197854, 2444, 13644, 13943, '0', 0, 0, 0, -1, 0, 0, 3990.54, 974.583, 0.319365, 1.42457, 7200, 0, 0, 100, 0, NULL, NULL, NULL, NULL, '', NULL, 59466),
(@CGUID+246, 189306, 2444, 13644, 13943, '0', 0, 0, 0, -1, 0, 0, 3957.16, 1027.31, -0.22045, 3.17679, 7200, 10, 0, 100, 1, NULL, NULL, NULL, NULL, '', NULL, 59466),
(@CGUID+247, 192047, 2444, 13644, 13943, '0', 0, 0, 0, -1, 0, 0, 3985.08, 989.7, 0.857613, 4.54258, 7200, 10, 0, 100, 1, NULL, NULL, NULL, NULL, '', NULL, 59466),
(@CGUID+248, 197842, 2444, 13644, 13943, '0', 0, 0, 0, -1, 0, 0, 3929.53, 1044.23, -0.137135, 3.20887, 7200, 10, 0, 100, 1, NULL, NULL, NULL, NULL, '', NULL, 59466),
(@CGUID+249, 197845, 2444, 13644, 13943, '0', 0, 0, 0, -1, 0, 0, 3930.4, 1054.43, 0.211101, 1.02658, 7200, 0, 0, 100, 0, NULL, NULL, NULL, NULL, '', NULL, 59466),
(@CGUID+250, 197842, 2444, 13644, 13943, '0', 0, 0, 0, -1, 0, 0, 3929.76, 1054.52, 0.226098, 1.33255, 7200, 0, 0, 100, 0, NULL, NULL, NULL, NULL, '', NULL, 59466),
(@CGUID+251, 187442, 2444, 13644, 13943, '0', 0, 0, 0, -1, 0, 0, 3854.68, 1049.18, 63.4279, 3.89797, 7200, 10, 0, 100, 1, NULL, NULL, NULL, NULL, '', NULL, 59466),
(@CGUID+252, 189307, 2444, 13644, 13943, '0', 0, 0, 0, -1, 0, 0, 3986.28, 978.847, 9.29443, 1.30974, 7200, 10, 0, 100, 1, NULL, NULL, NULL, NULL, '', NULL, 59466),
(@CGUID+253, 197844, 2444, 13644, 13943, '0', 0, 0, 0, -1, 0, 0, 3937.88, 1002.88, 3.25126, 5.09427, 7200, 0, 0, 100, 0, NULL, NULL, NULL, NULL, '', NULL, 59466),
(@CGUID+254, 197846, 2444, 13644, 13943, '0', 0, 0, 0, -1, 0, 0, 3999.3, 1011.18, 3.229, 5.92024, 7200, 0, 0, 100, 0, NULL, NULL, NULL, NULL, '', NULL, 59466),
(@CGUID+255, 197841, 2444, 13644, 13943, '0', 0, 0, 0, -1, 0, 0, 3910.02, 1010.79, 14.0226, 0.355877, 7200, 0, 0, 100, 0, NULL, NULL, NULL, NULL, '', NULL, 59466),
(@CGUID+256, 197844, 2444, 13644, 13943, '0', 0, 0, 0, -1, 0, 0, 3991.13, 978.826, 0.207096, 5.41331, 7200, 0, 0, 100, 0, NULL, NULL, NULL, NULL, '', NULL, 59466),
(@CGUID+257, 197841, 2444, 13644, 13943, '0', 0, 0, 0, -1, 0, 0, 3876.56, 1058.78, 9.16575, 4.24072, 7200, 0, 0, 100, 0, NULL, NULL, NULL, NULL, '', NULL, 59466),
(@CGUID+258, 197842, 2444, 13644, 13943, '0', 0, 0, 0, -1, 0, 0, 3937.17, 1001.36, 4.59461, 5.64544, 7200, 0, 0, 100, 0, NULL, NULL, NULL, NULL, '', NULL, 59466),
(@CGUID+259, 182794, 2444, 13644, 13943, '0', 0, 0, 0, -1, 0, 0, 3996.29, 962.897, -1.08022, 0.0253852, 7200, 10, 0, 100, 1, NULL, NULL, NULL, NULL, '', NULL, 59466),
(@CGUID+260, 197844, 2444, 13644, 13943, '0', 0, 0, 0, -1, 0, 0, 3951.52, 1043.8, 0.459538, 0.237806, 7200, 0, 0, 100, 0, NULL, NULL, NULL, NULL, '', NULL, 59466),
(@CGUID+261, 188199, 2444, 13644, 13943, '0', 0, 0, 0, -1, 0, 0, 3948.85, 987.38, 3.18112, 0.90446, 7200, 0, 0, 100, 0, NULL, NULL, NULL, NULL, '', NULL, 59466),
(@CGUID+262, 197844, 2444, 13644, 13943, '0', 0, 0, 0, -1, 0, 0, 3953.07, 987.812, 3.41561, 3.18621, 7200, 0, 0, 100, 0, NULL, NULL, NULL, NULL, '', NULL, 59466),
(@CGUID+263, 197844, 2444, 13644, 13943, '0', 0, 0, 0, -1, 0, 0, 3956.25, 1038.88, 0.13342, 1.50592, 7200, 0, 0, 100, 0, NULL, NULL, NULL, NULL, '', NULL, 59466),
(@CGUID+264, 197844, 2444, 13644, 13943, '0', 0, 0, 0, -1, 0, 0, 3948.25, 990.943, 3.49709, 4.87041, 7200, 0, 0, 100, 0, NULL, NULL, NULL, NULL, '', NULL, 59466),
(@CGUID+265, 197844, 2444, 13644, 13943, '0', 0, 0, 0, -1, 0, 0, 3971.74, 976.823, 2.68821, 5.76627, 7200, 10, 0, 100, 1, NULL, NULL, NULL, NULL, '', NULL, 59466),
(@CGUID+266, 189279, 2444, 13644, 13943, '0', 0, 0, 0, -1, 0, 0, 3939.57, 1000.26, 3.3485, 1.56005, 7200, 10, 0, 100, 1, NULL, NULL, NULL, NULL, '', NULL, 59466),
(@CGUID+267, 189306, 2444, 13644, 13943, '0', 0, 0, 0, -1, 0, 0, 3904.15, 1058.66, 1.35411, 2.32753, 7200, 10, 0, 100, 1, NULL, NULL, NULL, NULL, '', NULL, 59466),
(@CGUID+268, 192151, 2444, 13644, 13943, '0', 0, 0, 0, -1, 0, 0, 4080.84, 985.61, -16.578, 0.325211, 7200, 10, 0, 100, 1, NULL, NULL, NULL, NULL, '', NULL, 59466),
(@CGUID+269, 189306, 2444, 13644, 13943, '0', 0, 0, 0, -1, 0, 0, 3953.86, 1013.65, 2.59859, 3.3443, 7200, 10, 0, 100, 1, NULL, NULL, NULL, NULL, '', NULL, 59466),
(@CGUID+270, 189306, 2444, 13644, 13943, '0', 0, 0, 0, -1, 0, 0, 3984.31, 909.288, 6.67045, 0.789542, 7200, 10, 0, 100, 1, NULL, NULL, NULL, NULL, '', NULL, 59466),
(@CGUID+271, 189307, 2444, 13644, 13943, '0', 0, 0, 0, -1, 0, 0, 3961.23, 1001.41, 10.3334, 0.650535, 7200, 10, 0, 100, 1, NULL, NULL, NULL, NULL, '', NULL, 59466),
(@CGUID+272, 189307, 2444, 13644, 13943, '0', 0, 0, 0, -1, 0, 0, 3968.72, 1032.41, 5.47755, 4.43345, 7200, 10, 0, 100, 1, NULL, NULL, NULL, NULL, '', NULL, 59466),
(@CGUID+273, 189307, 2444, 13644, 13943, '0', 0, 0, 0, -1, 0, 0, 3902.61, 1044.66, 15.7705, 4.42162, 7200, 10, 0, 100, 1, NULL, NULL, NULL, NULL, '', NULL, 59466),
(@CGUID+274, 189306, 2444, 13644, 13943, '0', 0, 0, 0, -1, 0, 0, 3964.38, 947.917, 6.76514, 5.62171, 7200, 10, 0, 100, 1, NULL, NULL, NULL, NULL, '', NULL, 59466),
(@CGUID+275, 189306, 2444, 13644, 13943, '0', 0, 0, 0, -1, 0, 0, 3971.65, 975.855, 2.73479, 4.31994, 7200, 10, 0, 100, 1, NULL, NULL, NULL, NULL, '', NULL, 59466),
(@CGUID+276, 192151, 2444, 13644, 13943, '0', 0, 0, 0, -1, 0, 0, 4138.49, 1038.72, -37.2864, 3.96774, 7200, 10, 0, 100, 1, NULL, NULL, NULL, NULL, '', NULL, 59466),
(@CGUID+277, 189307, 2444, 13644, 13943, '0', 0, 0, 0, -1, 0, 0, 4016.77, 949.591, 9.17969, 0.585202, 7200, 10, 0, 100, 1, NULL, NULL, NULL, NULL, '', NULL, 59466),
(@CGUID+278, 192059, 2444, 13644, 13943, '0', 0, 0, 0, -1, 0, 0, 3981.31, 895.705, 11.3982, 0, 7200, 0, 0, 100, 0, NULL, NULL, NULL, NULL, '', NULL, 59466),
(@CGUID+279, 189307, 2444, 13644, 13943, '0', 0, 0, 0, -1, 0, 0, 3977.7, 1038.71, 7.08309, 0.248302, 7200, 10, 0, 100, 1, NULL, NULL, NULL, NULL, '', NULL, 59466),
(@CGUID+280, 197844, 2444, 13644, 13943, '0', 0, 0, 0, -1, 0, 0, 3993.83, 1036.07, 3.63715, 2.16814, 7200, 0, 0, 100, 0, NULL, NULL, NULL, NULL, '', NULL, 59466),
(@CGUID+281, 197842, 2444, 13644, 13943, '0', 0, 0, 0, -1, 0, 0, 3997.34, 1040.38, 5.18197, 2.15797, 7200, 0, 0, 100, 0, NULL, NULL, NULL, NULL, '', NULL, 59466),
(@CGUID+282, 197844, 2444, 13644, 13943, '0', 0, 0, 0, -1, 0, 0, 4003.55, 1008.45, 0.396715, 5.50268, 7200, 0, 0, 100, 0, NULL, NULL, NULL, NULL, '', NULL, 59466),
(@CGUID+283, 197841, 2444, 13644, 13943, '0', 0, 0, 0, -1, 0, 0, 3995.89, 1024.35, 3.61362, 5.211, 7200, 0, 0, 100, 0, NULL, NULL, NULL, NULL, '', NULL, 59466),
(@CGUID+284, 182794, 2444, 13644, 13943, '0', 0, 0, 0, -1, 0, 0, 3936.3, 1052.79, -0.0981854, 3.37146, 7200, 10, 0, 100, 1, NULL, NULL, NULL, NULL, '', NULL, 59466),
(@CGUID+285, 196795, 2444, 13644, 13943, '0', 0, 0, 0, -1, 0, 0, 3999.62, 1034.71, 3.48392, 0, 7200, 0, 0, 100, 0, NULL, NULL, NULL, NULL, '', NULL, 59466),
(@CGUID+286, 189307, 2444, 13644, 13943, '0', 0, 0, 0, -1, 0, 0, 3997.66, 1052.55, 8.24871, 4.5573, 7200, 10, 0, 100, 1, NULL, NULL, NULL, NULL, '', NULL, 59466),
(@CGUID+287, 182794, 2444, 13644, 13943, '0', 0, 0, 0, -1, 0, 0, 4016.88, 1003.17, -1.49502, 0.33225, 7200, 10, 0, 100, 1, NULL, NULL, NULL, NULL, '', NULL, 59466),
(@CGUID+288, 192047, 2444, 13644, 13943, '0', 0, 0, 0, -1, 0, 0, 3995.49, 1010.59, 3.67405, 3.08607, 7200, 0, 0, 100, 0, NULL, NULL, NULL, NULL, '', NULL, 59466),
(@CGUID+289, 198835, 2444, 13644, 13943, '0', 0, 0, 0, -1, 0, 0, 4002.32, 1031.58, 3.56824, 3.83882, 7200, 0, 0, 100, 0, NULL, NULL, NULL, NULL, '', NULL, 59466),
(@CGUID+290, 197844, 2444, 13644, 13943, '0', 0, 0, 0, -1, 0, 0, 3995.09, 1038.8, 3.69777, 2.22212, 7200, 0, 0, 100, 0, NULL, NULL, NULL, NULL, '', NULL, 59466),
(@CGUID+291, 192151, 2444, 13644, 13943, '0', 0, 0, 0, -1, 0, 0, 3948.12, 1176.74, -17.8264, 4.15178, 7200, 10, 0, 100, 1, NULL, NULL, NULL, NULL, '', NULL, 59466),
(@CGUID+292, 192151, 2444, 13644, 13943, '0', 0, 0, 0, -1, 0, 0, 4045.38, 1124.47, -26.7023, 5.77361, 7200, 10, 0, 100, 1, NULL, NULL, NULL, NULL, '', NULL, 59466),
(@CGUID+293, 194524, 2444, 13644, 13943, '0', 0, 0, 0, -1, 0, 0, 3529.33, 905.342, 270.44, 4.57627, 7200, 0, 0, 100, 0, NULL, NULL, NULL, NULL, '', NULL, 59466),
(@CGUID+294, 194517, 2444, 13644, 13943, '0', 0, 0, 0, -1, 0, 0, 3691.29, 532.653, 79.3788, 5.04775, 7200, 0, 0, 100, 0, NULL, NULL, NULL, NULL, '', NULL, 59466),
(@CGUID+295, 194517, 2444, 13644, 13943, '0', 0, 0, 0, -1, 0, 0, 3688.39, 546.601, 79.2579, 1.92257, 7200, 0, 0, 100, 0, NULL, NULL, NULL, NULL, '', NULL, 59466),
(@CGUID+296, 194517, 2444, 13644, 13943, '0', 0, 0, 0, -1, 0, 0, 3655.14, 506.953, 43.0615, 1.54639, 7200, 0, 0, 100, 0, NULL, NULL, NULL, NULL, '', NULL, 59466),
(@CGUID+297, 191812, 2444, 13644, 13943, '0', 0, 0, 0, -1, 0, 0, 3689.46, 510.236, 77.2351, 4.96944, 7200, 0, 0, 100, 0, NULL, NULL, NULL, NULL, '', NULL, 59466),
(@CGUID+298, 194517, 2444, 13644, 13943, '0', 0, 0, 0, -1, 0, 0, 3655.53, 431.575, 36.4916, 1.56298, 7200, 0, 0, 100, 0, NULL, NULL, NULL, NULL, '', NULL, 59466),
(@CGUID+299, 194517, 2444, 13644, 13943, '0', 0, 0, 0, -1, 0, 0, 3696.57, 418.345, 69.8289, 2.2438, 7200, 0, 0, 100, 0, NULL, NULL, NULL, NULL, '', NULL, 59466),
(@CGUID+300, 194517, 2444, 13644, 13943, '0', 0, 0, 0, -1, 0, 0, 3699.33, 419.697, 70.1784, 4.40886, 7200, 0, 0, 100, 0, NULL, NULL, NULL, NULL, '', NULL, 59466),
(@CGUID+301, 191812, 2444, 13644, 13943, '0', 0, 0, 0, -1, 0, 0, 3663.22, 437.061, 38.215, 5.9357, 7200, 0, 0, 100, 0, NULL, NULL, NULL, NULL, '', NULL, 59466),
(@CGUID+302, 194517, 2444, 13644, 13943, '0', 0, 0, 0, -1, 0, 0, 3656.51, 369.355, 38.4914, 4.84752, 7200, 0, 0, 100, 0, NULL, NULL, NULL, NULL, '', NULL, 59466),
(@CGUID+303, 198122, 2444, 13644, 13943, '0', 0, 0, 0, -1, 0, 0, 3247.61, 756.08, 169.1, 1.50137, 7200, 0, 0, 100, 0, NULL, NULL, NULL, NULL, '', NULL, 59466),
(@CGUID+304, 191809, 2444, 13644, 13943, '0', 0, 0, 0, -1, 0, 0, 3309.3, 779.844, 82.1388, 6.13028, 7200, 0, 0, 100, 0, NULL, NULL, NULL, NULL, '', NULL, 59466),
(@CGUID+305, 191827, 2444, 13644, 13943, '0', 0, 0, 0, -1, 0, 0, 3244.82, 889.486, 100.558, 2.1374, 7200, 0, 0, 100, 0, NULL, NULL, NULL, NULL, '', NULL, 59466),
(@CGUID+306, 191624, 2444, 13644, 13943, '0', 0, 0, 0, -1, 0, 0, 3233.82, 870.625, 84.1842, 6.02401, 7200, 0, 0, 100, 0, NULL, NULL, NULL, NULL, '', NULL, 59466),
(@CGUID+307, 192186, 2444, 13644, 13943, '0', 0, 0, 0, -1, 0, 0, 3266.03, 910.083, 110.884, 4.89396, 7200, 0, 0, 100, 0, NULL, NULL, NULL, NULL, '', NULL, 59466),
(@CGUID+308, 191827, 2444, 13644, 13943, '0', 0, 0, 0, -1, 0, 0, 3246.8, 957.434, 93.9767, 4.57108, 7200, 0, 0, 100, 0, NULL, NULL, NULL, NULL, '', NULL, 59466),
(@CGUID+309, 194517, 2444, 13644, 13943, '0', 0, 0, 0, -1, 0, 0, 3441.29, 964.745, 194.035, 5.73981, 7200, 0, 0, 100, 0, NULL, NULL, NULL, NULL, '', NULL, 59466),
(@CGUID+310, 191827, 2444, 13644, 13943, '0', 0, 0, 0, -1, 0, 0, 3382.87, 1008.24, 123.41, 1.11748, 7200, 0, 0, 100, 0, NULL, NULL, NULL, NULL, '', NULL, 59466),
(@CGUID+311, 191812, 2444, 13644, 13943, '0', 0, 0, 0, -1, 0, 0, 3686.74, 416.777, 68.1545, 1.65199, 7200, 0, 0, 100, 0, NULL, NULL, NULL, NULL, '', NULL, 59466),
(@CGUID+312, 191818, 2444, 13644, 13943, '0', 0, 0, 0, -1, 0, 0, 3703.14, 365.041, 75.4904, 6.17361, 7200, 0, 0, 100, 0, NULL, NULL, NULL, NULL, '', NULL, 59466),
(@CGUID+313, 191812, 2444, 13644, 13943, '0', 0, 0, 0, -1, 0, 0, 3725.14, 398.592, 93.757, 2.01049, 7200, 0, 0, 100, 0, NULL, NULL, NULL, NULL, '', NULL, 59466),
(@CGUID+314, 191812, 2444, 13644, 13943, '0', 0, 0, 0, -1, 0, 0, 3716.35, 426.434, 80.1363, 0, 7200, 0, 0, 100, 0, NULL, NULL, NULL, NULL, '', NULL, 59466),
(@CGUID+315, 194517, 2444, 13644, 13943, '0', 0, 0, 0, -1, 0, 0, 3740.52, 486.196, 85.2649, 0.592853, 7200, 0, 0, 100, 0, NULL, NULL, NULL, NULL, '', NULL, 59466),
(@CGUID+316, 194517, 2444, 13644, 13943, '0', 0, 0, 0, -1, 0, 0, 3721.4, 375.027, 78.2215, 0.201735, 7200, 10, 0, 100, 1, NULL, NULL, NULL, NULL, '', NULL, 59466),
(@CGUID+317, 192058, 2444, 13644, 13943, '0', 0, 0, 0, -1, 0, 0, 3710.58, 436.591, 70.1432, 4.1147, 7200, 0, 0, 100, 0, NULL, NULL, NULL, NULL, '', NULL, 59466),
(@CGUID+318, 191812, 2444, 13644, 13943, '0', 0, 0, 0, -1, 0, 0, 3753.34, 438.139, 110.685, 0, 7200, 0, 0, 100, 0, NULL, NULL, NULL, NULL, '', NULL, 59466),
(@CGUID+319, 191818, 2444, 13644, 13943, '0', 0, 0, 0, -1, 0, 0, 3725.04, 325.112, 78.2505, 4.9713, 7200, 10, 0, 100, 1, NULL, NULL, NULL, NULL, '', NULL, 59466),
(@CGUID+320, 191818, 2444, 13644, 13943, '0', 0, 0, 0, -1, 0, 0, 3743.13, 301.01, 77.5973, 4.68115, 7200, 10, 0, 100, 1, NULL, NULL, NULL, NULL, '', NULL, 59466),
(@CGUID+321, 192058, 2444, 13644, 13943, '0', 0, 0, 0, -1, 0, 0, 3748.93, 389.444, 100.995, 0.103752, 7200, 0, 0, 100, 0, NULL, NULL, NULL, NULL, '', NULL, 59466),
(@CGUID+322, 194517, 2444, 13644, 13943, '0', 0, 0, 0, -1, 0, 0, 3660.22, 326.898, 27.7742, 5.01231, 7200, 10, 0, 100, 1, NULL, NULL, NULL, NULL, '', NULL, 59466),
(@CGUID+323, 191629, 2444, 13644, 13943, '0', 0, 0, 0, -1, 0, 0, 3760.7, 211.896, 83.1075, 1.1491, 7200, 10, 0, 100, 1, NULL, NULL, NULL, NULL, '', NULL, 59466),
(@CGUID+324, 192137, 2444, 13644, 13943, '0', 0, 0, 0, -1, 0, 0, 3777.52, 216.105, 83.3624, 2.59531, 7200, 10, 0, 100, 1, NULL, NULL, NULL, NULL, '', NULL, 59466),
(@CGUID+325, 191629, 2444, 13644, 13943, '0', 0, 0, 0, -1, 0, 0, 3759.07, 207.236, 84.4433, 0.874376, 7200, 10, 0, 100, 1, NULL, NULL, NULL, NULL, '', NULL, 59466),
(@CGUID+326, 191818, 2444, 13644, 13943, '0', 0, 0, 0, -1, 0, 0, 3792.73, 275.347, 79.3476, 4.67389, 7200, 10, 0, 100, 1, NULL, NULL, NULL, NULL, '', NULL, 59466),
(@CGUID+327, 191553, 2444, 13644, 13943, '0', 0, 0, 0, -1, 0, 0, 3764.02, 297.773, 83.257, 2.18696, 7200, 10, 0, 100, 1, NULL, NULL, NULL, NULL, '', NULL, 59466),
(@CGUID+328, 191629, 2444, 13644, 13943, '0', 0, 0, 0, -1, 0, 0, 3748.66, 206.383, 85.1296, 4.13513, 7200, 10, 0, 100, 1, NULL, NULL, NULL, NULL, '', NULL, 59466),
(@CGUID+329, 191629, 2444, 13644, 13943, '0', 0, 0, 0, -1, 0, 0, 3800.03, 183.166, 98.5487, 3.23384, 7200, 10, 0, 100, 1, NULL, NULL, NULL, NULL, '', NULL, 59466),
(@CGUID+330, 191818, 2444, 13644, 13943, '0', 0, 0, 0, -1, 0, 0, 3845.78, 210.719, 83.4531, 1.02905, 7200, 10, 0, 100, 1, NULL, NULL, NULL, NULL, '', NULL, 59466),
(@CGUID+331, 191628, 2444, 13644, 13943, '0', 0, 0, 0, -1, 0, 0, 3791.45, 208.533, 84.1054, 2.63601, 7200, 10, 0, 100, 1, NULL, NULL, NULL, NULL, '', NULL, 59466),
(@CGUID+332, 192137, 2444, 13644, 13943, '0', 0, 0, 0, -1, 0, 0, 3748.23, 204.588, 85.7758, 3.09147, 7200, 10, 0, 100, 1, NULL, NULL, NULL, NULL, '', NULL, 59466),
(@CGUID+333, 192137, 2444, 13644, 13943, '0', 0, 0, 0, -1, 0, 0, 3755.02, 178.049, 101.311, 2.06078, 7200, 10, 0, 100, 1, NULL, NULL, NULL, NULL, '', NULL, 59466),
(@CGUID+334, 192137, 2444, 13644, 13943, '0', 0, 0, 0, -1, 0, 0, 3801.85, 217.67, 79.3765, 3.08295, 7200, 10, 0, 100, 1, NULL, NULL, NULL, NULL, '', NULL, 59466),
(@CGUID+335, 191628, 2444, 13644, 13943, '0', 0, 0, 0, -1, 0, 0, 3769.76, 184.741, 93.5946, 1.35842, 7200, 10, 0, 100, 1, NULL, NULL, NULL, NULL, '', NULL, 59466),
(@CGUID+336, 192137, 2444, 13644, 13943, '0', 0, 0, 0, -1, 0, 0, 3802.72, 176.212, 100.081, 5.9573, 7200, 10, 0, 100, 1, NULL, NULL, NULL, NULL, '', NULL, 59466),
(@CGUID+337, 191628, 2444, 13644, 13943, '0', 0, 0, 0, -1, 0, 0, 3765.13, 169.309, 104.855, 2.41771, 7200, 10, 0, 100, 1, NULL, NULL, NULL, NULL, '', NULL, 59466),
(@CGUID+338, 191817, 2444, 13644, 13943, '0', 0, 0, 0, -1, 0, 0, 3896.07, 194.598, 105.509, 0.352942, 7200, 10, 0, 100, 1, NULL, NULL, NULL, NULL, '', NULL, 59466),
(@CGUID+339, 191625, 2444, 13644, 13943, '0', 0, 0, 0, -1, 0, 0, 3919.08, 287.272, 80.9498, 3.93193, 7200, 10, 0, 100, 1, NULL, NULL, NULL, NULL, '', NULL, 59466),
(@CGUID+340, 191624, 2444, 13644, 13943, '0', 0, 0, 0, -1, 0, 0, 3920.47, 285.937, 80.6395, 3.9917, 7200, 10, 0, 100, 1, NULL, NULL, NULL, NULL, '', NULL, 59466),
(@CGUID+341, 191818, 2444, 13644, 13943, '0', 0, 0, 0, -1, 0, 0, 3885.9, 264.358, 79.1141, 0.254121, 7200, 10, 0, 100, 1, NULL, NULL, NULL, NULL, '', NULL, 59466);

-- creature addon
DELETE FROM `creature_addon` WHERE `guid` BETWEEN @CGUID+1 AND @CGUID+341;
INSERT INTO `creature_addon` (`guid`, `PathId`, `mount`, `MountCreatureID`, `StandState`, `AnimTier`, `VisFlags`, `SheathState`, `PvPFlags`, `emote`, `aiAnimKit`, `movementAnimKit`, `meleeAnimKit`, `visibilityDistanceType`, `auras`) VALUES 
(@CGUID+1, 0, 0, 0, 0, 0, 0, 1, 0, 0, 0, 0, 0, 0, '364022'),
(@CGUID+2, 0, 0, 0, 0, 0, 0, 1, 0, 0, 0, 0, 0, 0, ''),
(@CGUID+3, 0, 0, 0, 0, 0, 0, 1, 0, 0, 0, 0, 0, 0, '377717'),
(@CGUID+4, 0, 0, 0, 0, 0, 0, 1, 0, 0, 0, 0, 0, 0, ''),
(@CGUID+5, 0, 0, 0, 0, 0, 0, 1, 0, 0, 0, 0, 0, 0, ''),
(@CGUID+6, 0, 0, 0, 0, 0, 0, 1, 0, 0, 0, 0, 0, 0, '364022'),
(@CGUID+7, 0, 0, 0, 0, 0, 0, 1, 0, 0, 0, 0, 0, 0, '364022'),
(@CGUID+8, 0, 0, 0, 0, 0, 0, 1, 0, 0, 0, 0, 0, 0, ''),
(@CGUID+9, 0, 0, 0, 0, 0, 0, 1, 0, 0, 0, 0, 0, 0, ''),
(@CGUID+10, 0, 0, 0, 0, 0, 0, 1, 0, 0, 0, 0, 0, 0, ''),
(@CGUID+11, 0, 0, 0, 0, 3, 0, 1, 0, 0, 0, 0, 0, 0, ''),
(@CGUID+12, 0, 0, 0, 0, 0, 0, 1, 0, 0, 0, 0, 0, 0, ''),
(@CGUID+13, 0, 0, 0, 0, 0, 0, 1, 0, 0, 0, 0, 0, 0, ''),
(@CGUID+14, 0, 0, 0, 0, 3, 0, 1, 0, 0, 0, 0, 0, 0, ''),
(@CGUID+15, 0, 0, 0, 0, 0, 0, 1, 0, 0, 0, 0, 0, 0, ''),
(@CGUID+16, 0, 0, 0, 0, 0, 0, 1, 0, 0, 0, 0, 0, 0, ''),
(@CGUID+17, 0, 0, 0, 0, 0, 0, 1, 0, 0, 0, 0, 0, 0, ''),
(@CGUID+18, 0, 0, 0, 0, 0, 0, 1, 0, 0, 0, 0, 0, 0, ''),
(@CGUID+19, 0, 0, 0, 0, 0, 0, 1, 0, 0, 0, 0, 0, 0, ''),
(@CGUID+20, 0, 0, 0, 0, 0, 0, 1, 0, 0, 0, 0, 0, 0, ''),
(@CGUID+21, 0, 0, 0, 0, 0, 0, 1, 0, 0, 0, 0, 0, 0, ''),
(@CGUID+22, 0, 0, 0, 0, 0, 0, 1, 0, 0, 0, 0, 0, 0, ''),
(@CGUID+23, 0, 0, 0, 0, 0, 0, 1, 0, 0, 0, 0, 0, 0, '377717'),
(@CGUID+24, 0, 0, 0, 0, 0, 0, 1, 0, 438, 0, 0, 0, 0, ''),
(@CGUID+25, 0, 0, 0, 0, 0, 0, 1, 0, 0, 0, 0, 0, 0, ''),
(@CGUID+26, 0, 0, 0, 0, 0, 0, 1, 0, 0, 0, 0, 0, 0, ''),
(@CGUID+27, 0, 0, 0, 0, 0, 0, 1, 0, 0, 0, 0, 0, 0, ''),
(@CGUID+28, 0, 0, 0, 0, 0, 0, 1, 0, 0, 0, 0, 0, 0, ''),
(@CGUID+29, 0, 0, 0, 0, 0, 0, 1, 0, 0, 0, 0, 0, 0, ''),
(@CGUID+30, 0, 0, 0, 0, 0, 0, 1, 0, 0, 0, 0, 0, 0, ''),
(@CGUID+31, 0, 0, 0, 0, 0, 0, 1, 0, 0, 0, 0, 0, 0, '364022'),
(@CGUID+32, 0, 0, 0, 0, 0, 0, 1, 0, 0, 0, 0, 0, 0, ''),
(@CGUID+33, 0, 0, 0, 0, 0, 0, 1, 0, 0, 0, 0, 0, 0, ''),
(@CGUID+34, 0, 0, 0, 0, 0, 0, 1, 0, 0, 0, 0, 0, 0, ''),
(@CGUID+35, 0, 0, 0, 0, 0, 0, 1, 0, 0, 0, 0, 0, 0, ''),
(@CGUID+36, 0, 0, 0, 0, 0, 0, 1, 0, 0, 0, 0, 0, 0, ''),
(@CGUID+37, 0, 0, 0, 0, 0, 0, 1, 0, 0, 0, 0, 0, 0, ''),
(@CGUID+38, 0, 0, 0, 0, 0, 0, 1, 0, 0, 0, 0, 0, 0, ''),
(@CGUID+39, 0, 0, 0, 0, 0, 0, 1, 0, 0, 0, 0, 0, 0, ''),
(@CGUID+40, 0, 0, 0, 0, 0, 0, 1, 0, 0, 0, 0, 0, 0, ''),
(@CGUID+41, 0, 0, 0, 0, 0, 0, 1, 0, 0, 0, 0, 0, 0, ''),
(@CGUID+42, 0, 0, 0, 0, 0, 0, 1, 0, 0, 0, 0, 0, 0, ''),
(@CGUID+43, 0, 0, 0, 0, 0, 0, 1, 0, 0, 0, 0, 0, 0, ''),
(@CGUID+44, 0, 0, 0, 0, 0, 0, 1, 0, 0, 0, 0, 0, 0, ''),
(@CGUID+45, 0, 0, 0, 0, 0, 0, 1, 0, 0, 0, 0, 0, 0, '377717'),
(@CGUID+46, 0, 0, 0, 0, 0, 0, 1, 0, 0, 0, 0, 0, 0, ''),
(@CGUID+47, 0, 0, 0, 0, 0, 0, 1, 0, 0, 0, 0, 0, 0, ''),
(@CGUID+48, 0, 0, 0, 0, 0, 0, 1, 0, 0, 0, 0, 0, 0, ''),
(@CGUID+49, 0, 0, 0, 0, 0, 0, 1, 0, 0, 0, 0, 0, 0, ''),
(@CGUID+50, 0, 0, 0, 0, 0, 0, 1, 0, 0, 0, 0, 0, 0, ''),
(@CGUID+51, 0, 0, 0, 0, 0, 0, 1, 0, 0, 0, 0, 0, 0, ''),
(@CGUID+52, 0, 0, 0, 0, 0, 0, 1, 0, 418, 0, 0, 0, 0, ''),
(@CGUID+53, 0, 0, 0, 0, 0, 0, 1, 0, 0, 0, 0, 0, 0, ''),
(@CGUID+54, 0, 0, 0, 0, 0, 0, 1, 0, 418, 0, 0, 0, 0, ''),
(@CGUID+55, 0, 0, 0, 0, 0, 0, 1, 0, 0, 0, 0, 0, 0, ''),
(@CGUID+56, 0, 0, 0, 0, 0, 0, 1, 0, 0, 0, 0, 0, 0, '364022'),
(@CGUID+57, 0, 0, 0, 0, 0, 0, 1, 0, 0, 0, 0, 0, 0, ''),
(@CGUID+58, 0, 0, 0, 0, 0, 0, 1, 0, 0, 0, 0, 0, 0, ''),
(@CGUID+59, 0, 0, 0, 0, 0, 0, 1, 0, 0, 0, 0, 0, 0, ''),
(@CGUID+60, 0, 0, 0, 0, 0, 0, 1, 0, 0, 0, 0, 0, 0, ''),
(@CGUID+61, 0, 0, 0, 0, 0, 0, 1, 0, 0, 0, 0, 0, 0, ''),
(@CGUID+62, 0, 0, 0, 0, 0, 0, 1, 0, 0, 0, 0, 0, 0, ''),
(@CGUID+63, 0, 0, 0, 0, 0, 0, 1, 0, 0, 0, 0, 0, 0, ''),
(@CGUID+64, 0, 0, 0, 0, 0, 0, 1, 0, 0, 0, 0, 0, 0, ''),
(@CGUID+65, 0, 0, 0, 0, 0, 0, 1, 0, 0, 0, 0, 0, 0, '261943'),
(@CGUID+66, 0, 0, 0, 0, 0, 0, 1, 0, 0, 0, 0, 0, 0, '395824 261943'),
(@CGUID+67, 0, 0, 0, 0, 0, 0, 1, 0, 0, 0, 0, 0, 0, '261943'),
(@CGUID+68, 0, 0, 0, 0, 0, 0, 1, 0, 0, 0, 0, 0, 0, ''),
(@CGUID+69, 0, 0, 0, 0, 3, 0, 1, 0, 0, 0, 0, 0, 0, ''),
(@CGUID+70, 0, 0, 0, 0, 3, 0, 1, 0, 0, 0, 0, 0, 0, ''),
(@CGUID+71, 0, 0, 0, 0, 0, 0, 1, 0, 0, 0, 0, 0, 0, ''),
(@CGUID+72, 0, 0, 0, 0, 0, 0, 1, 0, 0, 0, 0, 0, 0, ''),
(@CGUID+73, 0, 0, 0, 0, 0, 0, 1, 0, 0, 0, 0, 0, 0, ''),
(@CGUID+74, 0, 0, 0, 0, 0, 0, 1, 0, 0, 0, 0, 0, 0, ''),
(@CGUID+75, 0, 0, 0, 0, 0, 0, 1, 0, 0, 0, 0, 0, 0, ''),
(@CGUID+76, 0, 0, 0, 0, 0, 0, 1, 0, 0, 0, 0, 0, 0, ''),
(@CGUID+77, 0, 0, 0, 0, 0, 0, 1, 0, 0, 0, 0, 0, 0, ''),
(@CGUID+78, 0, 0, 0, 0, 3, 0, 1, 0, 0, 0, 0, 0, 0, ''),
(@CGUID+79, 0, 0, 0, 0, 0, 0, 1, 0, 0, 0, 0, 0, 0, ''),
(@CGUID+80, 0, 0, 0, 0, 3, 0, 1, 0, 0, 0, 0, 0, 0, ''),
(@CGUID+81, 0, 0, 0, 0, 3, 0, 1, 0, 0, 0, 0, 0, 0, '403743'),
(@CGUID+82, 0, 0, 0, 0, 3, 0, 1, 0, 0, 0, 0, 0, 0, '403743'),
(@CGUID+83, 0, 0, 0, 0, 3, 0, 1, 0, 0, 0, 0, 0, 0, '403743'),
(@CGUID+84, 0, 0, 0, 0, 3, 0, 1, 0, 0, 0, 0, 0, 0, '403743'),
(@CGUID+85, 0, 0, 0, 0, 3, 0, 1, 0, 0, 0, 0, 0, 0, '403743'),
(@CGUID+86, 0, 0, 0, 0, 3, 0, 1, 0, 0, 0, 0, 0, 0, ''),
(@CGUID+87, 0, 0, 0, 0, 3, 0, 1, 0, 0, 0, 0, 0, 0, '403743'),
(@CGUID+88, 0, 0, 0, 0, 0, 0, 1, 0, 0, 0, 0, 0, 0, ''),
(@CGUID+89, 0, 0, 0, 0, 3, 0, 1, 0, 0, 0, 0, 0, 0, '403743'),
(@CGUID+90, 0, 0, 0, 0, 3, 0, 1, 0, 0, 0, 0, 0, 0, '403743'),
(@CGUID+91, 0, 0, 0, 0, 3, 0, 1, 0, 0, 0, 0, 0, 0, '403743'),
(@CGUID+92, 0, 0, 0, 0, 3, 0, 1, 0, 0, 0, 0, 0, 0, '403743'),
(@CGUID+93, 0, 0, 0, 0, 3, 0, 1, 0, 0, 0, 0, 0, 0, '403743'),
(@CGUID+94, 0, 0, 0, 0, 3, 0, 1, 0, 0, 0, 0, 0, 0, ''),
(@CGUID+95, 0, 0, 0, 0, 3, 0, 1, 0, 0, 0, 0, 0, 0, '403743'),
(@CGUID+96, 0, 0, 0, 0, 3, 0, 1, 0, 0, 0, 0, 0, 0, '403743'),
(@CGUID+97, 0, 0, 0, 0, 0, 0, 1, 0, 0, 0, 0, 0, 0, ''),
(@CGUID+98, 0, 0, 0, 0, 0, 0, 1, 0, 418, 0, 0, 0, 0, ''),
(@CGUID+99, 0, 0, 0, 0, 3, 0, 1, 0, 0, 0, 0, 0, 0, ''),
(@CGUID+100, 0, 0, 0, 0, 0, 0, 1, 0, 0, 0, 0, 0, 0, ''),
(@CGUID+101, 0, 0, 0, 0, 3, 0, 1, 0, 0, 0, 0, 0, 0, ''),
(@CGUID+102, 0, 0, 0, 0, 0, 0, 1, 0, 418, 0, 0, 0, 0, ''),
(@CGUID+103, 0, 0, 0, 0, 3, 0, 1, 0, 0, 0, 0, 0, 0, '403743'),
(@CGUID+104, 0, 0, 0, 0, 3, 0, 1, 0, 0, 0, 0, 0, 0, '403743'),
(@CGUID+105, 0, 0, 0, 0, 0, 0, 1, 0, 0, 0, 0, 0, 0, '375572'),
(@CGUID+106, 0, 0, 0, 0, 3, 0, 1, 0, 0, 0, 0, 0, 0, '403743'),
(@CGUID+107, 0, 0, 0, 0, 0, 0, 1, 0, 0, 0, 0, 0, 0, ''),
(@CGUID+108, 0, 0, 0, 0, 0, 0, 1, 0, 0, 0, 0, 0, 0, '375572'),
(@CGUID+109, 0, 0, 0, 0, 3, 0, 1, 0, 0, 0, 0, 0, 0, '403743'),
(@CGUID+110, 0, 0, 0, 0, 0, 0, 1, 0, 0, 0, 0, 0, 0, '375572'),
(@CGUID+111, 0, 0, 0, 0, 3, 0, 1, 0, 0, 0, 0, 0, 0, '403743'),
(@CGUID+112, 0, 0, 0, 0, 3, 0, 1, 0, 0, 0, 0, 0, 0, '403743'),
(@CGUID+113, 0, 0, 0, 0, 3, 0, 1, 0, 0, 0, 0, 0, 0, '403743'),
(@CGUID+114, 0, 0, 0, 0, 0, 0, 1, 0, 0, 0, 0, 0, 0, ''),
(@CGUID+115, 0, 0, 0, 0, 0, 0, 1, 0, 0, 0, 0, 0, 0, ''),
(@CGUID+116, 0, 0, 0, 0, 3, 0, 1, 0, 0, 0, 0, 0, 0, '403743'),
(@CGUID+117, 0, 0, 0, 0, 0, 0, 1, 0, 0, 0, 0, 0, 0, '375572'),
(@CGUID+118, 0, 0, 0, 0, 3, 0, 1, 0, 0, 0, 0, 0, 0, '403743'),
(@CGUID+119, 0, 0, 0, 0, 3, 0, 1, 0, 0, 0, 0, 0, 0, '403743'),
(@CGUID+120, 0, 0, 0, 0, 3, 0, 1, 0, 0, 0, 0, 0, 0, '403743'),
(@CGUID+121, 0, 0, 0, 0, 3, 0, 1, 0, 0, 0, 0, 0, 0, '403743'),
(@CGUID+122, 0, 0, 0, 0, 3, 0, 1, 0, 0, 0, 0, 0, 0, ''),
(@CGUID+123, 0, 0, 0, 0, 3, 0, 1, 0, 0, 0, 0, 0, 0, ''),
(@CGUID+124, 0, 0, 0, 0, 0, 0, 1, 0, 0, 0, 0, 0, 0, '375572'),
(@CGUID+125, 0, 0, 0, 0, 0, 0, 1, 0, 0, 0, 0, 0, 0, '375572'),
(@CGUID+126, 0, 0, 0, 0, 0, 0, 1, 0, 0, 0, 0, 0, 0, ''),
(@CGUID+127, 0, 0, 0, 0, 0, 0, 1, 0, 0, 0, 0, 0, 0, '375572'),
(@CGUID+128, 0, 0, 0, 0, 0, 0, 1, 0, 0, 0, 0, 0, 0, ''),
(@CGUID+129, 0, 0, 0, 0, 0, 0, 1, 0, 0, 0, 0, 0, 0, '375572'),
(@CGUID+130, 0, 0, 0, 0, 0, 0, 1, 0, 0, 0, 0, 0, 0, ''),
(@CGUID+131, 0, 0, 0, 0, 0, 0, 1, 0, 0, 0, 0, 0, 0, ''),
(@CGUID+132, 0, 0, 0, 0, 0, 0, 1, 0, 0, 0, 0, 0, 0, ''),
(@CGUID+133, 0, 0, 0, 0, 0, 0, 1, 0, 0, 0, 0, 0, 0, ''),
(@CGUID+134, 0, 0, 0, 0, 0, 0, 1, 0, 0, 0, 0, 0, 0, ''),
(@CGUID+135, 0, 0, 0, 0, 0, 0, 1, 0, 0, 0, 0, 0, 0, '375572'),
(@CGUID+136, 0, 0, 0, 0, 0, 0, 1, 0, 0, 0, 0, 0, 0, ''),
(@CGUID+137, 0, 0, 0, 0, 0, 0, 1, 0, 0, 0, 0, 0, 0, ''),
(@CGUID+138, 0, 0, 0, 0, 0, 0, 1, 0, 0, 0, 0, 0, 0, ''),
(@CGUID+139, 0, 0, 0, 0, 0, 0, 1, 0, 0, 0, 0, 0, 0, ''),
(@CGUID+140, 0, 0, 0, 0, 0, 0, 1, 0, 567, 0, 0, 0, 0, ''),
(@CGUID+141, 0, 0, 0, 0, 0, 0, 1, 0, 567, 0, 0, 0, 0, ''),
(@CGUID+142, 0, 0, 0, 0, 0, 0, 1, 0, 0, 0, 0, 0, 0, ''),
(@CGUID+143, 0, 0, 0, 0, 0, 0, 1, 0, 0, 0, 0, 0, 0, '375572'),
(@CGUID+144, 0, 0, 0, 0, 0, 0, 1, 0, 0, 0, 0, 0, 0, '375572'),
(@CGUID+145, 0, 0, 0, 0, 3, 0, 1, 0, 0, 0, 0, 0, 0, ''),
(@CGUID+146, 0, 0, 0, 0, 0, 0, 1, 0, 0, 0, 0, 0, 0, '375572'),
(@CGUID+147, 0, 0, 0, 0, 0, 0, 1, 0, 0, 0, 0, 0, 0, '375572'),
(@CGUID+148, 0, 0, 0, 0, 0, 0, 1, 0, 0, 0, 0, 0, 0, ''),
(@CGUID+149, 0, 0, 0, 0, 0, 0, 1, 0, 0, 0, 0, 0, 0, ''),
(@CGUID+150, 0, 0, 0, 0, 0, 0, 1, 0, 0, 0, 0, 0, 0, '375572'),
(@CGUID+151, 0, 0, 0, 0, 0, 0, 1, 0, 0, 0, 0, 0, 0, '375572'),
(@CGUID+152, 0, 0, 0, 0, 0, 0, 1, 0, 0, 0, 0, 0, 0, '375572'),
(@CGUID+153, 0, 0, 0, 0, 0, 0, 1, 0, 0, 0, 0, 0, 0, ''),
(@CGUID+154, 0, 0, 0, 0, 0, 0, 1, 0, 0, 0, 0, 0, 0, ''),
(@CGUID+155, 0, 0, 0, 0, 0, 0, 1, 0, 0, 0, 0, 0, 0, ''),
(@CGUID+156, 0, 0, 0, 0, 0, 0, 1, 0, 0, 0, 0, 0, 0, ''),
(@CGUID+157, 0, 0, 0, 0, 0, 0, 1, 0, 0, 0, 0, 0, 0, '375572'),
(@CGUID+158, 0, 0, 0, 0, 0, 0, 1, 0, 0, 0, 0, 0, 0, '391254'),
(@CGUID+159, 0, 0, 0, 0, 0, 0, 1, 0, 0, 0, 0, 0, 0, '375572'),
(@CGUID+160, 0, 0, 0, 0, 0, 0, 1, 0, 0, 0, 0, 0, 0, '375572'),
(@CGUID+161, 0, 0, 0, 0, 0, 0, 1, 0, 0, 0, 0, 0, 0, '375572'),
(@CGUID+162, 0, 0, 0, 0, 0, 0, 1, 0, 567, 0, 0, 0, 0, ''),
(@CGUID+163, 0, 0, 0, 0, 0, 0, 1, 0, 0, 0, 0, 0, 0, ''),
(@CGUID+164, 0, 0, 0, 0, 0, 0, 1, 0, 0, 0, 0, 0, 0, ''),
(@CGUID+165, 0, 0, 0, 0, 0, 0, 1, 0, 0, 0, 0, 0, 0, ''),
(@CGUID+166, 0, 0, 0, 0, 0, 0, 1, 0, 0, 0, 0, 0, 0, '375572'),
(@CGUID+167, 0, 0, 0, 0, 0, 0, 1, 0, 0, 0, 0, 0, 0, '375572'),
(@CGUID+168, 0, 0, 0, 0, 0, 0, 1, 0, 0, 0, 0, 0, 0, '375572'),
(@CGUID+169, 0, 0, 0, 0, 0, 0, 1, 0, 0, 0, 0, 0, 0, '375572'),
(@CGUID+170, 0, 0, 0, 1, 0, 0, 1, 0, 0, 0, 0, 0, 0, ''),
(@CGUID+171, 0, 0, 0, 0, 0, 0, 1, 0, 0, 0, 0, 0, 0, '375572'),
(@CGUID+172, 0, 0, 0, 0, 0, 0, 1, 0, 0, 0, 0, 0, 0, '375572'),
(@CGUID+173, 0, 0, 0, 0, 0, 0, 1, 0, 0, 0, 0, 0, 0, '375572'),
(@CGUID+174, 0, 0, 0, 0, 0, 0, 1, 0, 0, 0, 0, 0, 0, '375572'),
(@CGUID+175, 0, 0, 0, 0, 0, 0, 1, 0, 0, 0, 0, 0, 0, '375572'),
(@CGUID+176, 0, 0, 0, 0, 0, 0, 1, 0, 0, 0, 0, 0, 0, ''),
(@CGUID+177, 0, 0, 0, 0, 3, 0, 1, 0, 0, 0, 0, 0, 0, ''),
(@CGUID+178, 0, 0, 0, 0, 0, 0, 1, 0, 0, 0, 0, 0, 0, ''),
(@CGUID+179, 0, 0, 0, 0, 0, 0, 1, 0, 0, 0, 0, 0, 0, ''),
(@CGUID+180, 0, 0, 0, 0, 0, 0, 1, 0, 567, 0, 0, 0, 0, ''),
(@CGUID+181, 0, 0, 0, 0, 0, 0, 1, 0, 0, 0, 0, 0, 0, ''),
(@CGUID+182, 0, 0, 0, 0, 0, 0, 1, 0, 0, 0, 0, 0, 0, '375572'),
(@CGUID+183, 0, 0, 0, 0, 0, 0, 1, 0, 0, 0, 0, 0, 0, ''),
(@CGUID+184, 0, 0, 0, 0, 0, 0, 1, 0, 0, 0, 0, 0, 0, ''),
(@CGUID+185, 0, 0, 0, 0, 0, 0, 1, 0, 0, 0, 0, 0, 0, ''),
(@CGUID+186, 0, 0, 0, 0, 0, 0, 1, 0, 0, 0, 0, 0, 0, ''),
(@CGUID+187, 0, 0, 0, 0, 0, 0, 1, 0, 0, 0, 0, 0, 0, '375572'),
(@CGUID+188, 0, 0, 0, 0, 0, 0, 1, 0, 0, 0, 0, 0, 0, ''),
(@CGUID+189, 0, 0, 0, 0, 0, 0, 1, 0, 0, 0, 0, 0, 0, '375572'),
(@CGUID+190, 0, 0, 0, 0, 0, 0, 1, 0, 567, 0, 0, 0, 0, ''),
(@CGUID+191, 0, 0, 0, 0, 0, 0, 1, 0, 0, 0, 0, 0, 0, '375572'),
(@CGUID+192, 0, 0, 0, 0, 0, 0, 1, 0, 567, 0, 0, 0, 0, ''),
(@CGUID+193, 0, 0, 0, 0, 0, 0, 1, 0, 0, 0, 0, 0, 0, ''),
(@CGUID+194, 0, 0, 0, 0, 0, 0, 1, 0, 0, 0, 0, 0, 0, ''),
(@CGUID+195, 0, 0, 0, 0, 0, 0, 1, 0, 0, 0, 0, 0, 0, ''),
(@CGUID+196, 0, 0, 0, 0, 0, 0, 1, 0, 0, 0, 0, 0, 0, '375572'),
(@CGUID+197, 0, 0, 0, 0, 3, 0, 1, 0, 0, 0, 0, 0, 0, ''),
(@CGUID+198, 0, 0, 0, 0, 0, 0, 1, 0, 0, 0, 0, 0, 0, ''),
(@CGUID+199, 0, 0, 0, 0, 3, 0, 1, 0, 0, 0, 0, 0, 0, ''),
(@CGUID+200, 0, 0, 0, 0, 0, 0, 1, 0, 0, 0, 0, 0, 0, ''),
(@CGUID+201, 0, 0, 0, 0, 0, 0, 1, 0, 0, 0, 0, 0, 0, ''),
(@CGUID+202, 0, 0, 0, 0, 0, 0, 1, 0, 0, 0, 0, 0, 0, ''),
(@CGUID+203, 0, 0, 0, 0, 3, 0, 1, 0, 0, 0, 0, 0, 0, ''),
(@CGUID+204, 0, 0, 0, 0, 3, 0, 1, 0, 0, 0, 0, 0, 0, ''),
(@CGUID+205, 0, 0, 0, 0, 0, 0, 1, 0, 0, 0, 0, 0, 0, ''),
(@CGUID+206, 0, 0, 0, 0, 3, 0, 1, 0, 0, 0, 0, 0, 0, ''),
(@CGUID+207, 0, 0, 0, 0, 3, 0, 1, 0, 0, 0, 0, 0, 0, ''),
(@CGUID+208, 0, 0, 0, 0, 0, 0, 1, 0, 0, 0, 0, 0, 0, ''),
(@CGUID+209, 0, 0, 0, 0, 3, 0, 1, 0, 0, 0, 0, 0, 0, ''),
(@CGUID+210, 0, 0, 0, 0, 0, 0, 1, 0, 0, 0, 0, 0, 0, ''),
(@CGUID+211, 0, 0, 0, 0, 0, 0, 1, 0, 0, 0, 0, 0, 0, ''),
(@CGUID+212, 0, 0, 0, 0, 3, 0, 1, 0, 0, 0, 0, 0, 0, ''),
(@CGUID+213, 0, 0, 0, 0, 0, 0, 1, 0, 0, 0, 0, 0, 0, ''),
(@CGUID+214, 0, 0, 0, 0, 0, 0, 1, 0, 0, 0, 0, 0, 0, ''),
(@CGUID+215, 0, 0, 0, 0, 0, 0, 1, 0, 0, 0, 0, 0, 0, ''),
(@CGUID+216, 0, 0, 0, 0, 0, 0, 1, 0, 438, 0, 0, 0, 0, ''),
(@CGUID+217, 0, 0, 0, 0, 0, 0, 1, 0, 0, 0, 0, 0, 0, ''),
(@CGUID+218, 0, 0, 0, 1, 0, 0, 1, 0, 0, 0, 0, 0, 0, ''),
(@CGUID+219, 0, 0, 0, 1, 0, 0, 1, 0, 0, 0, 0, 0, 0, ''),
(@CGUID+220, 0, 0, 0, 0, 0, 0, 1, 0, 0, 0, 0, 0, 0, ''),
(@CGUID+221, 0, 0, 0, 0, 0, 0, 1, 0, 0, 0, 0, 0, 0, ''),
(@CGUID+222, 0, 0, 0, 0, 0, 0, 1, 0, 0, 0, 0, 0, 0, ''),
(@CGUID+223, 0, 0, 0, 1, 0, 0, 1, 0, 0, 0, 0, 0, 0, ''),
(@CGUID+224, 0, 0, 0, 0, 0, 0, 1, 0, 0, 0, 0, 0, 0, ''),
(@CGUID+225, 0, 0, 0, 0, 0, 0, 1, 0, 0, 0, 0, 0, 0, ''),
(@CGUID+226, 0, 0, 0, 0, 0, 0, 1, 0, 732, 0, 0, 0, 0, ''),
(@CGUID+227, 0, 0, 0, 1, 0, 0, 1, 0, 0, 0, 0, 0, 0, ''),
(@CGUID+228, 0, 0, 0, 0, 0, 0, 1, 1, 732, 0, 0, 0, 0, ''),
(@CGUID+229, 0, 0, 0, 0, 0, 0, 1, 1, 601, 0, 0, 0, 0, ''),
(@CGUID+230, 0, 0, 0, 0, 0, 0, 1, 1, 0, 0, 0, 0, 0, '395111'),
(@CGUID+231, 0, 0, 0, 0, 0, 0, 1, 0, 757, 0, 0, 0, 0, ''),
(@CGUID+232, 0, 0, 0, 0, 3, 0, 1, 0, 0, 0, 0, 0, 0, ''),
(@CGUID+233, 0, 0, 0, 0, 0, 0, 1, 0, 0, 18429, 0, 0, 0, '42716'),
(@CGUID+234, 0, 0, 0, 0, 0, 0, 1, 0, 0, 0, 0, 0, 0, ''),
(@CGUID+235, 0, 0, 0, 0, 0, 0, 1, 0, 0, 0, 0, 0, 0, ''),
(@CGUID+236, 0, 0, 0, 0, 0, 0, 1, 0, 0, 0, 0, 0, 0, ''),
(@CGUID+237, 0, 0, 0, 0, 3, 0, 1, 0, 0, 0, 0, 0, 0, ''),
(@CGUID+238, 0, 0, 0, 0, 0, 0, 1, 0, 0, 0, 0, 0, 0, ''),
(@CGUID+239, 0, 0, 0, 0, 0, 0, 1, 0, 0, 0, 0, 0, 0, ''),
(@CGUID+240, 0, 0, 0, 0, 0, 0, 1, 0, 0, 0, 0, 0, 0, ''),
(@CGUID+241, 0, 0, 0, 1, 0, 0, 1, 0, 0, 0, 0, 0, 0, ''),
(@CGUID+242, 0, 0, 0, 0, 0, 0, 1, 0, 0, 0, 0, 0, 0, ''),
(@CGUID+243, 0, 0, 0, 0, 0, 0, 1, 1, 601, 0, 0, 0, 0, ''),
(@CGUID+244, 0, 0, 0, 0, 0, 0, 1, 0, 0, 0, 0, 0, 0, ''),
(@CGUID+245, 0, 0, 0, 0, 0, 0, 1, 0, 0, 0, 0, 0, 0, ''),
(@CGUID+246, 0, 0, 0, 0, 0, 0, 1, 0, 0, 0, 0, 0, 0, ''),
(@CGUID+247, 0, 0, 0, 0, 0, 0, 1, 0, 0, 0, 0, 0, 0, ''),
(@CGUID+248, 0, 0, 0, 0, 0, 0, 1, 0, 0, 0, 0, 0, 0, ''),
(@CGUID+249, 0, 0, 0, 0, 0, 0, 1, 0, 0, 0, 0, 0, 0, ''),
(@CGUID+250, 0, 0, 0, 1, 0, 0, 1, 0, 0, 0, 0, 0, 0, ''),
(@CGUID+251, 0, 0, 0, 0, 3, 0, 1, 0, 0, 0, 0, 0, 0, ''),
(@CGUID+252, 0, 0, 0, 0, 3, 0, 1, 0, 0, 0, 0, 0, 0, ''),
(@CGUID+253, 0, 0, 0, 0, 0, 0, 1, 0, 0, 0, 0, 0, 0, ''),
(@CGUID+254, 0, 0, 0, 1, 0, 0, 1, 0, 0, 0, 0, 0, 0, ''),
(@CGUID+255, 0, 0, 0, 0, 0, 0, 1, 1, 0, 0, 0, 0, 0, '395111'),
(@CGUID+256, 0, 0, 0, 0, 0, 0, 1, 0, 69, 0, 0, 0, 0, ''),
(@CGUID+257, 0, 0, 0, 0, 0, 0, 1, 1, 0, 0, 0, 0, 0, '395111'),
(@CGUID+258, 0, 0, 0, 0, 0, 0, 1, 0, 0, 0, 0, 0, 0, ''),
(@CGUID+259, 0, 0, 0, 0, 0, 0, 1, 0, 0, 0, 0, 0, 0, ''),
(@CGUID+260, 0, 0, 0, 0, 0, 0, 1, 0, 0, 0, 0, 0, 0, ''),
(@CGUID+261, 0, 0, 0, 0, 0, 0, 1, 0, 0, 0, 0, 0, 0, ''),
(@CGUID+262, 0, 0, 0, 1, 0, 0, 1, 0, 0, 0, 0, 0, 0, ''),
(@CGUID+263, 0, 0, 0, 0, 0, 0, 1, 0, 0, 0, 0, 0, 0, ''),
(@CGUID+264, 0, 0, 0, 1, 0, 0, 1, 0, 0, 0, 0, 0, 0, ''),
(@CGUID+265, 0, 0, 0, 0, 0, 0, 1, 0, 0, 0, 0, 0, 0, '392234'),
(@CGUID+266, 0, 0, 0, 0, 0, 0, 1, 0, 0, 0, 15159, 0, 0, ''),
(@CGUID+267, 0, 0, 0, 0, 0, 0, 1, 0, 0, 0, 0, 0, 0, ''),
(@CGUID+268, 0, 0, 0, 0, 0, 0, 1, 0, 0, 0, 0, 0, 0, ''),
(@CGUID+269, 0, 0, 0, 0, 0, 0, 1, 0, 0, 0, 0, 0, 0, ''),
(@CGUID+270, 0, 0, 0, 0, 0, 0, 1, 0, 0, 0, 0, 0, 0, ''),
(@CGUID+271, 0, 0, 0, 0, 3, 0, 1, 0, 0, 0, 0, 0, 0, ''),
(@CGUID+272, 0, 0, 0, 0, 3, 0, 1, 0, 0, 0, 0, 0, 0, ''),
(@CGUID+273, 0, 0, 0, 0, 3, 0, 1, 0, 0, 0, 0, 0, 0, ''),
(@CGUID+274, 0, 0, 0, 0, 0, 0, 1, 0, 0, 0, 0, 0, 0, ''),
(@CGUID+275, 0, 0, 0, 0, 0, 0, 1, 0, 0, 0, 0, 0, 0, ''),
(@CGUID+276, 0, 0, 0, 0, 0, 0, 1, 0, 0, 0, 0, 0, 0, ''),
(@CGUID+277, 0, 0, 0, 0, 3, 0, 1, 0, 0, 0, 0, 0, 0, ''),
(@CGUID+278, 0, 0, 0, 0, 0, 0, 1, 0, 0, 0, 0, 0, 0, ''),
(@CGUID+279, 0, 0, 0, 0, 3, 0, 1, 0, 0, 0, 0, 0, 0, ''),
(@CGUID+280, 0, 0, 0, 0, 0, 0, 1, 0, 0, 0, 0, 0, 0, '260037'),
(@CGUID+281, 0, 0, 0, 1, 0, 0, 1, 0, 0, 0, 0, 0, 0, ''),
(@CGUID+282, 0, 0, 0, 0, 0, 0, 1, 0, 0, 0, 0, 0, 0, '260037'),
(@CGUID+283, 0, 0, 0, 0, 0, 0, 1, 1, 0, 0, 0, 0, 0, '395111'),
(@CGUID+284, 0, 0, 0, 0, 0, 0, 1, 0, 0, 0, 0, 0, 0, ''),
(@CGUID+285, 0, 0, 0, 0, 0, 0, 1, 0, 0, 0, 0, 0, 0, ''),
(@CGUID+286, 0, 0, 0, 0, 3, 0, 1, 0, 0, 0, 0, 0, 0, ''),
(@CGUID+287, 0, 0, 0, 0, 0, 0, 1, 0, 0, 0, 0, 0, 0, ''),
(@CGUID+288, 0, 0, 0, 0, 0, 0, 1, 0, 0, 0, 0, 0, 0, ''),
(@CGUID+289, 0, 0, 0, 0, 0, 0, 1, 0, 0, 0, 0, 0, 0, ''),
(@CGUID+290, 0, 0, 0, 0, 0, 0, 1, 0, 732, 0, 0, 0, 0, ''),
(@CGUID+291, 0, 0, 0, 0, 0, 0, 1, 0, 0, 0, 0, 0, 0, ''),
(@CGUID+292, 0, 0, 0, 0, 0, 0, 1, 0, 0, 0, 0, 0, 0, ''),
(@CGUID+293, 0, 0, 0, 0, 0, 0, 1, 0, 0, 0, 0, 0, 0, ''),
(@CGUID+294, 0, 0, 0, 0, 0, 0, 1, 0, 0, 0, 0, 0, 0, ''),
(@CGUID+295, 0, 0, 0, 0, 0, 0, 1, 0, 0, 0, 0, 0, 0, ''),
(@CGUID+296, 0, 0, 0, 0, 0, 0, 1, 0, 0, 0, 0, 0, 0, ''),
(@CGUID+297, 0, 0, 0, 0, 0, 0, 1, 0, 0, 0, 0, 0, 0, ''),
(@CGUID+298, 0, 0, 0, 0, 0, 0, 1, 0, 0, 0, 0, 0, 0, ''),
(@CGUID+299, 0, 0, 0, 0, 0, 0, 1, 0, 0, 0, 0, 0, 0, ''),
(@CGUID+300, 0, 0, 0, 0, 0, 0, 1, 0, 0, 0, 0, 0, 0, ''),
(@CGUID+301, 0, 0, 0, 0, 0, 0, 1, 0, 0, 0, 0, 0, 0, ''),
(@CGUID+302, 0, 0, 0, 0, 0, 0, 1, 0, 0, 0, 0, 0, 0, ''),
(@CGUID+303, 0, 0, 0, 0, 0, 0, 1, 0, 0, 0, 0, 0, 0, ''),
(@CGUID+304, 0, 0, 0, 0, 3, 0, 1, 0, 0, 0, 0, 0, 0, ''),
(@CGUID+305, 0, 0, 0, 0, 0, 0, 1, 0, 0, 0, 0, 0, 0, ''),
(@CGUID+306, 0, 0, 0, 0, 0, 0, 1, 0, 418, 0, 0, 0, 0, ''),
(@CGUID+307, 0, 0, 0, 0, 3, 0, 1, 0, 0, 0, 0, 0, 0, ''),
(@CGUID+308, 0, 0, 0, 0, 0, 0, 1, 0, 0, 0, 0, 0, 0, ''),
(@CGUID+309, 0, 0, 0, 0, 0, 0, 1, 0, 0, 0, 0, 0, 0, ''),
(@CGUID+310, 0, 0, 0, 0, 0, 0, 1, 0, 0, 0, 0, 0, 0, ''),
(@CGUID+311, 0, 0, 0, 0, 0, 0, 1, 0, 0, 0, 0, 0, 0, ''),
(@CGUID+312, 0, 0, 0, 0, 0, 0, 1, 0, 0, 0, 0, 0, 0, ''),
(@CGUID+313, 0, 0, 0, 0, 0, 0, 1, 0, 0, 0, 0, 0, 0, ''),
(@CGUID+314, 0, 0, 0, 0, 0, 0, 1, 0, 0, 0, 0, 0, 0, ''),
(@CGUID+315, 0, 0, 0, 0, 0, 0, 1, 0, 0, 0, 0, 0, 0, ''),
(@CGUID+316, 0, 0, 0, 0, 0, 0, 1, 0, 0, 0, 0, 0, 0, ''),
(@CGUID+317, 0, 0, 0, 0, 0, 0, 1, 0, 0, 0, 0, 0, 0, ''),
(@CGUID+318, 0, 0, 0, 0, 0, 0, 1, 0, 0, 0, 0, 0, 0, ''),
(@CGUID+319, 0, 0, 0, 0, 0, 0, 1, 0, 0, 0, 0, 0, 0, ''),
(@CGUID+320, 0, 0, 0, 0, 0, 0, 1, 0, 0, 0, 0, 0, 0, ''),
(@CGUID+321, 0, 0, 0, 0, 0, 0, 1, 0, 0, 0, 0, 0, 0, ''),
(@CGUID+322, 0, 0, 0, 0, 0, 0, 1, 0, 0, 0, 0, 0, 0, ''),
(@CGUID+323, 0, 0, 0, 0, 0, 0, 1, 0, 0, 0, 0, 0, 0, ''),
(@CGUID+324, 0, 0, 0, 0, 0, 0, 1, 0, 0, 0, 0, 0, 0, ''),
(@CGUID+325, 0, 0, 0, 0, 0, 0, 1, 0, 0, 0, 0, 0, 0, ''),
(@CGUID+326, 0, 0, 0, 0, 0, 0, 1, 0, 0, 0, 0, 0, 0, ''),
(@CGUID+327, 0, 0, 0, 0, 0, 0, 1, 0, 0, 0, 0, 0, 0, ''),
(@CGUID+328, 0, 0, 0, 0, 0, 0, 1, 0, 0, 0, 0, 0, 0, ''),
(@CGUID+329, 0, 0, 0, 0, 0, 0, 1, 0, 0, 0, 0, 0, 0, ''),
(@CGUID+330, 0, 0, 0, 0, 0, 0, 1, 0, 0, 0, 0, 0, 0, ''),
(@CGUID+331, 0, 0, 0, 0, 0, 0, 1, 0, 0, 0, 0, 0, 0, ''),
(@CGUID+332, 0, 0, 0, 0, 0, 0, 1, 0, 0, 0, 0, 0, 0, ''),
(@CGUID+333, 0, 0, 0, 0, 0, 0, 1, 0, 0, 0, 0, 0, 0, ''),
(@CGUID+334, 0, 0, 0, 0, 0, 0, 1, 0, 0, 0, 0, 0, 0, ''),
(@CGUID+335, 0, 0, 0, 0, 0, 0, 1, 0, 0, 0, 0, 0, 0, ''),
(@CGUID+336, 0, 0, 0, 0, 0, 0, 1, 0, 0, 0, 0, 0, 0, ''),
(@CGUID+337, 0, 0, 0, 0, 0, 0, 1, 0, 0, 0, 0, 0, 0, ''),
(@CGUID+338, 0, 0, 0, 0, 0, 0, 1, 0, 0, 0, 0, 0, 0, ''),
(@CGUID+339, 0, 0, 0, 0, 0, 0, 1, 0, 0, 0, 0, 0, 0, ''),
(@CGUID+340, 0, 0, 0, 0, 0, 0, 1, 0, 0, 0, 0, 0, 0, ''),
(@CGUID+341, 0, 0, 0, 0, 0, 0, 1, 0, 0, 0, 0, 0, 0, '');

-- creature template addon
DELETE FROM `creature_template_addon` WHERE `entry` IN(61325,180377,182602,182794,183335,185344,186143,186144,186146,187442,188199,188334,189279,189305,189306,189307,189455,190267,190660,191553,191554,191624,191625,191628,191629,191797,191798,191809,191812,191817,191818,191820,191823,191824,191827,192047,192049,192058,192059,192104,192136,192137,192151,192181,192186,192472,194517,194523,194524,196553,196554,196557,196795,197841,197842,197844,197845,197846,197849,197854,198122,198835,199439);
INSERT INTO `creature_template_addon` (`entry`, `PathId`, `mount`, `MountCreatureID`, `StandState`, `AnimTier`, `VisFlags`, `SheathState`, `PvPFlags`, `emote`, `aiAnimKit`, `movementAnimKit`, `meleeAnimKit`, `visibilityDistanceType`, `auras`) VALUES 
(61325, 0, 0, 0, 0, 0, 0, 1, 0, 0, 0, 0, 0, 0, ''),
(180377, 0, 0, 0, 0, 3, 0, 1, 0, 0, 0, 0, 0, 0, '403743'),
(182602, 0, 0, 0, 0, 0, 0, 1, 0, 0, 0, 0, 0, 0, ''),
(182794, 0, 0, 0, 0, 0, 0, 1, 0, 0, 0, 0, 0, 0, ''),
(183335, 0, 0, 0, 0, 3, 0, 1, 0, 0, 0, 0, 0, 0, '403743'),
(185344, 0, 0, 0, 0, 3, 0, 1, 0, 0, 0, 0, 0, 0, '403743'),
(186143, 0, 0, 0, 0, 3, 0, 1, 0, 0, 0, 0, 0, 0, '403743'),
(186144, 0, 0, 0, 0, 3, 0, 1, 0, 0, 0, 0, 0, 0, '403743'),
(186146, 0, 0, 0, 0, 3, 0, 1, 0, 0, 0, 0, 0, 0, '403743'),
(187442, 0, 0, 0, 0, 0, 0, 1, 0, 0, 0, 0, 0, 0, ''),
(188199, 0, 0, 0, 0, 0, 0, 1, 0, 0, 0, 0, 0, 0, ''),
(188334, 0, 0, 0, 0, 0, 0, 1, 0, 0, 0, 0, 0, 0, ''),
(189279, 0, 0, 0, 0, 0, 0, 1, 0, 0, 0, 15159, 0, 0, ''),
(189305, 0, 0, 0, 0, 0, 0, 1, 0, 0, 0, 0, 0, 0, ''),
(189306, 0, 0, 0, 0, 0, 0, 1, 0, 0, 0, 0, 0, 0, ''),
(189307, 0, 0, 0, 0, 3, 0, 1, 0, 0, 0, 0, 0, 0, ''),
(189455, 0, 0, 0, 0, 0, 0, 1, 0, 0, 0, 0, 0, 0, '375572'),
(190267, 0, 0, 0, 1, 0, 0, 1, 0, 0, 0, 0, 0, 0, ''),
(190660, 0, 0, 0, 0, 3, 0, 1, 0, 0, 0, 0, 0, 0, ''),
(191553, 0, 0, 0, 0, 0, 0, 1, 0, 0, 0, 0, 0, 0, ''),
(191554, 0, 0, 0, 0, 0, 0, 1, 0, 0, 0, 0, 0, 0, ''),
(191624, 0, 0, 0, 0, 0, 0, 1, 0, 0, 0, 0, 0, 0, ''),
(191625, 0, 0, 0, 0, 0, 0, 1, 0, 0, 0, 0, 0, 0, ''),
(191628, 0, 0, 0, 0, 0, 0, 1, 0, 0, 0, 0, 0, 0, ''),
(191629, 0, 0, 0, 0, 0, 0, 1, 0, 0, 0, 0, 0, 0, ''),
(191797, 0, 0, 0, 0, 0, 0, 1, 0, 0, 0, 0, 0, 0, ''),
(191798, 0, 0, 0, 0, 0, 0, 1, 0, 0, 0, 0, 0, 0, ''),
(191809, 0, 0, 0, 0, 3, 0, 1, 0, 0, 0, 0, 0, 0, ''),
(191812, 0, 0, 0, 0, 0, 0, 1, 0, 0, 0, 0, 0, 0, ''),
(191817, 0, 0, 0, 0, 0, 0, 1, 0, 0, 0, 0, 0, 0, ''),
(191818, 0, 0, 0, 0, 0, 0, 1, 0, 0, 0, 0, 0, 0, ''),
(191820, 0, 0, 0, 0, 0, 0, 1, 0, 0, 0, 0, 0, 0, ''),
(191823, 0, 0, 0, 0, 0, 0, 1, 0, 0, 0, 0, 0, 0, ''),
(191824, 0, 0, 0, 0, 3, 0, 1, 0, 0, 0, 0, 0, 0, ''),
(191827, 0, 0, 0, 0, 0, 0, 1, 0, 0, 0, 0, 0, 0, ''),
(192047, 0, 0, 0, 0, 0, 0, 1, 0, 0, 0, 0, 0, 0, ''),
(192049, 0, 0, 0, 0, 0, 0, 1, 0, 0, 0, 0, 0, 0, ''),
(192058, 0, 0, 0, 0, 0, 0, 1, 0, 0, 0, 0, 0, 0, ''),
(192059, 0, 0, 0, 0, 0, 0, 1, 0, 0, 0, 0, 0, 0, ''),
(192104, 0, 0, 0, 0, 0, 0, 1, 0, 0, 0, 0, 0, 0, ''),
(192136, 0, 0, 0, 0, 0, 0, 1, 0, 0, 0, 0, 0, 0, ''),
(192137, 0, 0, 0, 0, 0, 0, 1, 0, 0, 0, 0, 0, 0, ''),
(192151, 0, 0, 0, 0, 0, 0, 1, 0, 0, 0, 0, 0, 0, ''),
(192181, 0, 0, 0, 0, 0, 0, 1, 0, 0, 0, 0, 0, 0, ''),
(192186, 0, 0, 0, 0, 3, 0, 1, 0, 0, 0, 0, 0, 0, ''),
(192472, 0, 0, 0, 0, 0, 0, 1, 0, 0, 0, 0, 0, 0, ''),
(194517, 0, 0, 0, 0, 0, 0, 1, 0, 0, 0, 0, 0, 0, ''),
(194523, 0, 0, 0, 0, 0, 0, 1, 0, 0, 0, 0, 0, 0, '364022'),
(194524, 0, 0, 0, 0, 0, 0, 1, 0, 0, 0, 0, 0, 0, '377717'),
(196553, 0, 0, 0, 0, 0, 0, 1, 0, 0, 0, 0, 0, 0, '395824 261943'),
(196554, 0, 0, 0, 0, 0, 0, 1, 0, 0, 0, 0, 0, 0, '261943'),
(196557, 0, 0, 0, 0, 0, 0, 1, 0, 0, 0, 0, 0, 0, '261943'),
(196795, 0, 0, 0, 0, 0, 0, 1, 0, 0, 0, 0, 0, 0, ''),
(197841, 0, 0, 0, 0, 0, 0, 1, 1, 0, 0, 0, 0, 0, ''),
(197842, 0, 0, 0, 0, 0, 0, 1, 0, 0, 0, 0, 0, 0, ''),
(197844, 0, 0, 0, 0, 0, 0, 1, 0, 0, 0, 0, 0, 0, ''),
(197845, 0, 0, 0, 0, 0, 0, 1, 0, 0, 0, 0, 0, 0, ''),
(197846, 0, 0, 0, 1, 0, 0, 1, 0, 0, 0, 0, 0, 0, ''),
(197849, 0, 0, 0, 0, 0, 0, 1, 0, 0, 0, 0, 0, 0, ''),
(197854, 0, 0, 0, 0, 0, 0, 1, 0, 0, 0, 0, 0, 0, ''),
(198122, 0, 0, 0, 0, 0, 0, 1, 0, 0, 0, 0, 0, 0, ''),
(198835, 0, 0, 0, 0, 0, 0, 1, 0, 0, 0, 0, 0, 0, ''),
(199439, 0, 0, 0, 0, 0, 0, 1, 0, 0, 18429, 0, 0, 0, '');

-- creature template
UPDATE `creature_template` SET `faction` = 7, `npcflag` = 1073741824, `unit_flags` = 512, `unit_flags2` = 2048, `unit_flags3` = 0, `VehicleId` = 0 WHERE `entry` = 61325;
UPDATE `creature_template` SET `faction` = 35, `npcflag` = 0, `unit_flags` = 768, `unit_flags2` = 67110912, `unit_flags3` = 1090519040, `VehicleId` = 7559 WHERE `entry` = 180377;
UPDATE `creature_template` SET `faction` = 31, `npcflag` = 0, `unit_flags` = 0, `unit_flags2` = 2048, `unit_flags3` = 0, `VehicleId` = 0 WHERE `entry` = 182602;
UPDATE `creature_template` SET `faction` = 188, `npcflag` = 0, `unit_flags` = 0, `unit_flags2` = 2048, `unit_flags3` = 0, `VehicleId` = 0 WHERE `entry` = 182794;
UPDATE `creature_template` SET `faction` = 35, `npcflag` = 0, `unit_flags` = 768, `unit_flags2` = 67110912, `unit_flags3` = 1090519040, `VehicleId` = 7644 WHERE `entry` = 183335;
UPDATE `creature_template` SET `faction` = 35, `npcflag` = 0, `unit_flags` = 768, `unit_flags2` = 67110912, `unit_flags3` = 1090519040, `VehicleId` = 7559 WHERE `entry` = 185344;
UPDATE `creature_template` SET `faction` = 35, `npcflag` = 0, `unit_flags` = 768, `unit_flags2` = 67110912, `unit_flags3` = 1090519040, `VehicleId` = 7559 WHERE `entry` = 186143;
UPDATE `creature_template` SET `faction` = 35, `npcflag` = 0, `unit_flags` = 768, `unit_flags2` = 67110912, `unit_flags3` = 1090519040, `VehicleId` = 7559 WHERE `entry` = 186144;
UPDATE `creature_template` SET `faction` = 35, `npcflag` = 0, `unit_flags` = 768, `unit_flags2` = 67110912, `unit_flags3` = 1090519040, `VehicleId` = 7559 WHERE `entry` = 186146;
UPDATE `creature_template` SET `faction` = 2136, `npcflag` = 0, `unit_flags` = 0, `unit_flags2` = 2048, `unit_flags3` = 67108864, `VehicleId` = 0 WHERE `entry` = 187442;
UPDATE `creature_template` SET `faction` = 1971, `npcflag` = 128, `unit_flags` = 768, `unit_flags2` = 2048, `unit_flags3` = 0, `VehicleId` = 0 WHERE `entry` = 188199;
UPDATE `creature_template` SET `faction` = 14, `npcflag` = 0, `unit_flags` = 0, `unit_flags2` = 2048, `unit_flags3` = 67108864, `VehicleId` = 0 WHERE `entry` = 188334;
UPDATE `creature_template` SET `faction` = 1971, `npcflag` = 0, `unit_flags` = 768, `unit_flags2` = 2048, `unit_flags3` = 0, `VehicleId` = 0 WHERE `entry` = 189279;
UPDATE `creature_template` SET `faction` = 188, `npcflag` = 0, `unit_flags` = 0, `unit_flags2` = 2048, `unit_flags3` = 0, `VehicleId` = 0 WHERE `entry` = 189305;
UPDATE `creature_template` SET `faction` = 188, `npcflag` = 0, `unit_flags` = 0, `unit_flags2` = 2048, `unit_flags3` = 0, `VehicleId` = 0 WHERE `entry` = 189306;
UPDATE `creature_template` SET `faction` = 2575, `npcflag` = 0, `unit_flags` = 0, `unit_flags2` = 2048, `unit_flags3` = 0, `VehicleId` = 0 WHERE `entry` = 189307;
UPDATE `creature_template` SET `faction` = 190, `npcflag` = 0, `unit_flags` = 768, `unit_flags2` = 2048, `unit_flags3` = 0, `VehicleId` = 0 WHERE `entry` = 189455;
UPDATE `creature_template` SET `faction` = 1971, `npcflag` = 0, `unit_flags` = 256, `unit_flags2` = 2048, `unit_flags3` = 0, `VehicleId` = 0 WHERE `entry` = 190267;
UPDATE `creature_template` SET `faction` = 2136, `npcflag` = 0, `unit_flags` = 0, `unit_flags2` = 2048, `unit_flags3` = 67108864, `VehicleId` = 0 WHERE `entry` = 190660;
UPDATE `creature_template` SET `faction` = 2575, `npcflag` = 0, `unit_flags` = 0, `unit_flags2` = 2048, `unit_flags3` = 67108864, `VehicleId` = 0 WHERE `entry` = 191553;
UPDATE `creature_template` SET `faction` = 188, `npcflag` = 0, `unit_flags` = 0, `unit_flags2` = 2048, `unit_flags3` = 67108864, `VehicleId` = 0 WHERE `entry` = 191554;
UPDATE `creature_template` SET `faction` = 190, `npcflag` = 0, `unit_flags` = 0, `unit_flags2` = 2048, `unit_flags3` = 67108864, `VehicleId` = 0 WHERE `entry` = 191624;
UPDATE `creature_template` SET `faction` = 190, `npcflag` = 0, `unit_flags` = 0, `unit_flags2` = 2048, `unit_flags3` = 0, `VehicleId` = 0 WHERE `entry` = 191625;
UPDATE `creature_template` SET `faction` = 190, `npcflag` = 0, `unit_flags` = 0, `unit_flags2` = 2048, `unit_flags3` = 134217728, `VehicleId` = 0 WHERE `entry` = 191628;
UPDATE `creature_template` SET `faction` = 190, `npcflag` = 0, `unit_flags` = 0, `unit_flags2` = 2048, `unit_flags3` = 0, `VehicleId` = 0 WHERE `entry` = 191629;
UPDATE `creature_template` SET `faction` = 188, `npcflag` = 0, `unit_flags` = 0, `unit_flags2` = 2048, `unit_flags3` = 0, `VehicleId` = 0 WHERE `entry` = 191797;
UPDATE `creature_template` SET `faction` = 188, `npcflag` = 0, `unit_flags` = 0, `unit_flags2` = 2048, `unit_flags3` = 0, `VehicleId` = 0 WHERE `entry` = 191798;
UPDATE `creature_template` SET `faction` = 188, `npcflag` = 0, `unit_flags` = 0, `unit_flags2` = 2048, `unit_flags3` = 0, `VehicleId` = 0 WHERE `entry` = 191809;
UPDATE `creature_template` SET `faction` = 188, `npcflag` = 0, `unit_flags` = 0, `unit_flags2` = 2048, `unit_flags3` = 0, `VehicleId` = 0 WHERE `entry` = 191812;
UPDATE `creature_template` SET `faction` = 188, `npcflag` = 0, `unit_flags` = 0, `unit_flags2` = 2048, `unit_flags3` = 0, `VehicleId` = 0 WHERE `entry` = 191817;
UPDATE `creature_template` SET `faction` = 190, `npcflag` = 0, `unit_flags` = 0, `unit_flags2` = 2048, `unit_flags3` = 0, `VehicleId` = 0 WHERE `entry` = 191818;
UPDATE `creature_template` SET `faction` = 16, `npcflag` = 0, `unit_flags` = 64, `unit_flags2` = 2048, `unit_flags3` = 0, `VehicleId` = 0 WHERE `entry` = 191820;
UPDATE `creature_template` SET `faction` = 16, `npcflag` = 0, `unit_flags` = 0, `unit_flags2` = 2048, `unit_flags3` = 0, `VehicleId` = 0 WHERE `entry` = 191823;
UPDATE `creature_template` SET `faction` = 190, `npcflag` = 0, `unit_flags` = 0, `unit_flags2` = 2048, `unit_flags3` = 0, `VehicleId` = 0 WHERE `entry` = 191824;
UPDATE `creature_template` SET `faction` = 190, `npcflag` = 0, `unit_flags` = 0, `unit_flags2` = 2048, `unit_flags3` = 67108864, `VehicleId` = 0 WHERE `entry` = 191827;
UPDATE `creature_template` SET `faction` = 188, `npcflag` = 0, `unit_flags` = 512, `unit_flags2` = 2048, `unit_flags3` = 0, `VehicleId` = 0 WHERE `entry` = 192047;
UPDATE `creature_template` SET `faction` = 188, `npcflag` = 0, `unit_flags` = 512, `unit_flags2` = 2048, `unit_flags3` = 0, `VehicleId` = 0 WHERE `entry` = 192049;
UPDATE `creature_template` SET `faction` = 188, `npcflag` = 0, `unit_flags` = 512, `unit_flags2` = 2048, `unit_flags3` = 0, `VehicleId` = 0 WHERE `entry` = 192058;
UPDATE `creature_template` SET `faction` = 188, `npcflag` = 0, `unit_flags` = 512, `unit_flags2` = 2048, `unit_flags3` = 0, `VehicleId` = 0 WHERE `entry` = 192059;
UPDATE `creature_template` SET `faction` = 188, `npcflag` = 0, `unit_flags` = 512, `unit_flags2` = 2048, `unit_flags3` = 0, `VehicleId` = 0 WHERE `entry` = 192104;
UPDATE `creature_template` SET `faction` = 188, `npcflag` = 0, `unit_flags` = 0, `unit_flags2` = 2048, `unit_flags3` = 0, `VehicleId` = 0 WHERE `entry` = 192136;
UPDATE `creature_template` SET `faction` = 188, `npcflag` = 0, `unit_flags` = 0, `unit_flags2` = 2048, `unit_flags3` = 0, `VehicleId` = 0 WHERE `entry` = 192137;
UPDATE `creature_template` SET `faction` = 190, `npcflag` = 0, `unit_flags` = 64, `unit_flags2` = 2048, `unit_flags3` = 0, `VehicleId` = 0 WHERE `entry` = 192151;
UPDATE `creature_template` SET `faction` = 190, `npcflag` = 0, `unit_flags` = 0, `unit_flags2` = 2048, `unit_flags3` = 67108864, `VehicleId` = 0 WHERE `entry` = 192181;
UPDATE `creature_template` SET `faction` = 190, `npcflag` = 0, `unit_flags` = 0, `unit_flags2` = 2048, `unit_flags3` = 0, `VehicleId` = 0 WHERE `entry` = 192186;
UPDATE `creature_template` SET `faction` = 1971, `npcflag` = 8193, `unit_flags` = 768, `unit_flags2` = 2048, `unit_flags3` = 0, `VehicleId` = 0 WHERE `entry` = 192472;
UPDATE `creature_template` SET `faction` = 16, `npcflag` = 0, `unit_flags` = 0, `unit_flags2` = 2048, `unit_flags3` = 0, `VehicleId` = 0 WHERE `entry` = 194517;
UPDATE `creature_template` SET `faction` = 16, `npcflag` = 0, `unit_flags` = 64, `unit_flags2` = 2048, `unit_flags3` = 0, `VehicleId` = 0 WHERE `entry` = 194523;
UPDATE `creature_template` SET `faction` = 3306, `npcflag` = 0, `unit_flags` = 64, `unit_flags2` = 2048, `unit_flags3` = 0, `VehicleId` = 0 WHERE `entry` = 194524;
UPDATE `creature_template` SET `faction` = 2136, `npcflag` = 0, `unit_flags` = 64, `unit_flags2` = 2048, `unit_flags3` = 0, `VehicleId` = 0 WHERE `entry` = 196553;
UPDATE `creature_template` SET `faction` = 2136, `npcflag` = 0, `unit_flags` = 64, `unit_flags2` = 2048, `unit_flags3` = 0, `VehicleId` = 0 WHERE `entry` = 196554;
UPDATE `creature_template` SET `faction` = 2136, `npcflag` = 0, `unit_flags` = 64, `unit_flags2` = 2048, `unit_flags3` = 0, `VehicleId` = 0 WHERE `entry` = 196557;
UPDATE `creature_template` SET `faction` = 35, `npcflag` = 0, `unit_flags` = 33555200, `unit_flags2` = 67110912, `unit_flags3` = 1073741825, `VehicleId` = 0 WHERE `entry` = 196795;
UPDATE `creature_template` SET `faction` = 1971, `npcflag` = 0, `unit_flags` = 0, `unit_flags2` = 2048, `unit_flags3` = 8388608, `VehicleId` = 0 WHERE `entry` = 197841;
UPDATE `creature_template` SET `faction` = 1971, `npcflag` = 0, `unit_flags` = 768, `unit_flags2` = 2048, `unit_flags3` = 0, `VehicleId` = 0 WHERE `entry` = 197842;
UPDATE `creature_template` SET `faction` = 1971, `npcflag` = 0, `unit_flags` = 768, `unit_flags2` = 2048, `unit_flags3` = 0, `VehicleId` = 0 WHERE `entry` = 197844;
UPDATE `creature_template` SET `faction` = 1971, `npcflag` = 0, `unit_flags` = 768, `unit_flags2` = 2048, `unit_flags3` = 0, `VehicleId` = 0 WHERE `entry` = 197845;
UPDATE `creature_template` SET `faction` = 1971, `npcflag` = 0, `unit_flags` = 768, `unit_flags2` = 2048, `unit_flags3` = 0, `VehicleId` = 0 WHERE `entry` = 197846;
UPDATE `creature_template` SET `faction` = 1971, `npcflag` = 65665, `unit_flags` = 768, `unit_flags2` = 2048, `unit_flags3` = 0, `VehicleId` = 0 WHERE `entry` = 197849;
UPDATE `creature_template` SET `faction` = 1971, `npcflag` = 4224, `unit_flags` = 768, `unit_flags2` = 2048, `unit_flags3` = 0, `VehicleId` = 0 WHERE `entry` = 197854;
UPDATE `creature_template` SET `faction` = 35, `npcflag` = 16777216, `unit_flags` = 768, `unit_flags2` = 67110912, `unit_flags3` = 1090519040, `VehicleId` = 0 WHERE `entry` = 198122;
UPDATE `creature_template` SET `faction` = 35, `npcflag` = 0, `unit_flags` = 768, `unit_flags2` = 2048, `unit_flags3` = 0, `VehicleId` = 0 WHERE `entry` = 198835;
UPDATE `creature_template` SET `faction` = 190, `npcflag` = 16777216, `unit_flags` = 768, `unit_flags2` = 67110912, `unit_flags3` = 16809984, `VehicleId` = 0 WHERE `entry` = 199439;

-- creature template difficulty
UPDATE `creature_template_difficulty` SET `ContentTuningID` = 371, `StaticFlags1` = 268435456, `StaticFlags2` = 0, `StaticFlags3` = 0 WHERE `Entry` = 61325;
UPDATE `creature_template_difficulty` SET `ContentTuningID` = 2078, `StaticFlags1` = 536871168, `StaticFlags2` = 0, `StaticFlags3` = 33554432 WHERE `Entry` = 180377;
UPDATE `creature_template_difficulty` SET `ContentTuningID` = 81, `StaticFlags1` = 268435456, `StaticFlags2` = 0, `StaticFlags3` = 0 WHERE `Entry` = 182602;
UPDATE `creature_template_difficulty` SET `ContentTuningID` = 81, `StaticFlags1` = 268435456, `StaticFlags2` = 0, `StaticFlags3` = 0 WHERE `Entry` = 182794;
UPDATE `creature_template_difficulty` SET `ContentTuningID` = 2078, `StaticFlags1` = 536871168, `StaticFlags2` = 0, `StaticFlags3` = 33554432 WHERE `Entry` = 183335;
UPDATE `creature_template_difficulty` SET `ContentTuningID` = 2078, `StaticFlags1` = 536871168, `StaticFlags2` = 0, `StaticFlags3` = 33554432 WHERE `Entry` = 185344;
UPDATE `creature_template_difficulty` SET `ContentTuningID` = 2078, `StaticFlags1` = 536871168, `StaticFlags2` = 0, `StaticFlags3` = 33554432 WHERE `Entry` = 186143;
UPDATE `creature_template_difficulty` SET `ContentTuningID` = 2078, `StaticFlags1` = 536871168, `StaticFlags2` = 0, `StaticFlags3` = 33554432 WHERE `Entry` = 186144;
UPDATE `creature_template_difficulty` SET `ContentTuningID` = 2078, `StaticFlags1` = 536871168, `StaticFlags2` = 0, `StaticFlags3` = 33554432 WHERE `Entry` = 186146;
UPDATE `creature_template_difficulty` SET `ContentTuningID` = 2151, `StaticFlags1` = 268435456, `StaticFlags2` = 0, `StaticFlags3` = 0 WHERE `Entry` = 187442;
UPDATE `creature_template_difficulty` SET `ContentTuningID` = 2518, `StaticFlags1` = 268435456, `StaticFlags2` = 0, `StaticFlags3` = 0 WHERE `Entry` = 188199;
UPDATE `creature_template_difficulty` SET `ContentTuningID` = 2306, `StaticFlags1` = 268435456, `StaticFlags2` = 0, `StaticFlags3` = 0 WHERE `Entry` = 188334;
UPDATE `creature_template_difficulty` SET `ContentTuningID` = 81, `StaticFlags1` = 268435456, `StaticFlags2` = 0, `StaticFlags3` = 0 WHERE `Entry` = 189279;
UPDATE `creature_template_difficulty` SET `ContentTuningID` = 81, `StaticFlags1` = 268435456, `StaticFlags2` = 0, `StaticFlags3` = 0 WHERE `Entry` = 189305;
UPDATE `creature_template_difficulty` SET `ContentTuningID` = 81, `StaticFlags1` = 268435456, `StaticFlags2` = 0, `StaticFlags3` = 0 WHERE `Entry` = 189306;
UPDATE `creature_template_difficulty` SET `ContentTuningID` = 81, `StaticFlags1` = 805306368, `StaticFlags2` = 0, `StaticFlags3` = 0 WHERE `Entry` = 189307;
UPDATE `creature_template_difficulty` SET `ContentTuningID` = 2306, `StaticFlags1` = 268435456, `StaticFlags2` = 0, `StaticFlags3` = 0 WHERE `Entry` = 189455;
UPDATE `creature_template_difficulty` SET `ContentTuningID` = 2306, `StaticFlags1` = 0, `StaticFlags2` = 0, `StaticFlags3` = 0 WHERE `Entry` = 190267;
UPDATE `creature_template_difficulty` SET `ContentTuningID` = 2306, `StaticFlags1` = 805306368, `StaticFlags2` = 0, `StaticFlags3` = 0 WHERE `Entry` = 190660;
UPDATE `creature_template_difficulty` SET `ContentTuningID` = 2151, `StaticFlags1` = 268435456, `StaticFlags2` = 0, `StaticFlags3` = 0 WHERE `Entry` = 191553;
UPDATE `creature_template_difficulty` SET `ContentTuningID` = 2151, `StaticFlags1` = 268435456, `StaticFlags2` = 0, `StaticFlags3` = 0 WHERE `Entry` = 191554;
UPDATE `creature_template_difficulty` SET `ContentTuningID` = 2151, `StaticFlags1` = 268435456, `StaticFlags2` = 0, `StaticFlags3` = 0 WHERE `Entry` = 191624;
UPDATE `creature_template_difficulty` SET `ContentTuningID` = 2151, `StaticFlags1` = 268435456, `StaticFlags2` = 0, `StaticFlags3` = 0 WHERE `Entry` = 191625;
UPDATE `creature_template_difficulty` SET `ContentTuningID` = 2151, `StaticFlags1` = 268435456, `StaticFlags2` = 0, `StaticFlags3` = 0 WHERE `Entry` = 191628;
UPDATE `creature_template_difficulty` SET `ContentTuningID` = 2151, `StaticFlags1` = 268435456, `StaticFlags2` = 0, `StaticFlags3` = 0 WHERE `Entry` = 191629;
UPDATE `creature_template_difficulty` SET `ContentTuningID` = 81, `StaticFlags1` = 268435456, `StaticFlags2` = 0, `StaticFlags3` = 0 WHERE `Entry` = 191797;
UPDATE `creature_template_difficulty` SET `ContentTuningID` = 81, `StaticFlags1` = 268435456, `StaticFlags2` = 0, `StaticFlags3` = 0 WHERE `Entry` = 191798;
UPDATE `creature_template_difficulty` SET `ContentTuningID` = 81, `StaticFlags1` = 805306368, `StaticFlags2` = 0, `StaticFlags3` = 0 WHERE `Entry` = 191809;
UPDATE `creature_template_difficulty` SET `ContentTuningID` = 81, `StaticFlags1` = 268435456, `StaticFlags2` = 0, `StaticFlags3` = 0 WHERE `Entry` = 191812;
UPDATE `creature_template_difficulty` SET `ContentTuningID` = 81, `StaticFlags1` = 268435456, `StaticFlags2` = 0, `StaticFlags3` = 0 WHERE `Entry` = 191817;
UPDATE `creature_template_difficulty` SET `ContentTuningID` = 81, `StaticFlags1` = 268435456, `StaticFlags2` = 0, `StaticFlags3` = 0 WHERE `Entry` = 191818;
UPDATE `creature_template_difficulty` SET `ContentTuningID` = 2151, `StaticFlags1` = 268435456, `StaticFlags2` = 0, `StaticFlags3` = 0 WHERE `Entry` = 191820;
UPDATE `creature_template_difficulty` SET `ContentTuningID` = 2151, `StaticFlags1` = 268435456, `StaticFlags2` = 0, `StaticFlags3` = 0 WHERE `Entry` = 191823;
UPDATE `creature_template_difficulty` SET `ContentTuningID` = 2151, `StaticFlags1` = 805306368, `StaticFlags2` = 0, `StaticFlags3` = 0 WHERE `Entry` = 191824;
UPDATE `creature_template_difficulty` SET `ContentTuningID` = 2151, `StaticFlags1` = 268435456, `StaticFlags2` = 0, `StaticFlags3` = 0 WHERE `Entry` = 191827;
UPDATE `creature_template_difficulty` SET `ContentTuningID` = 371, `StaticFlags1` = 268435456, `StaticFlags2` = 0, `StaticFlags3` = 0 WHERE `Entry` = 192047;
UPDATE `creature_template_difficulty` SET `ContentTuningID` = 371, `StaticFlags1` = 268435456, `StaticFlags2` = 0, `StaticFlags3` = 0 WHERE `Entry` = 192049;
UPDATE `creature_template_difficulty` SET `ContentTuningID` = 371, `StaticFlags1` = 268435456, `StaticFlags2` = 0, `StaticFlags3` = 0 WHERE `Entry` = 192058;
UPDATE `creature_template_difficulty` SET `ContentTuningID` = 371, `StaticFlags1` = 268435456, `StaticFlags2` = 0, `StaticFlags3` = 0 WHERE `Entry` = 192059;
UPDATE `creature_template_difficulty` SET `ContentTuningID` = 371, `StaticFlags1` = 268435456, `StaticFlags2` = 0, `StaticFlags3` = 0 WHERE `Entry` = 192104;
UPDATE `creature_template_difficulty` SET `ContentTuningID` = 81, `StaticFlags1` = 268435456, `StaticFlags2` = 0, `StaticFlags3` = 0 WHERE `Entry` = 192136;
UPDATE `creature_template_difficulty` SET `ContentTuningID` = 81, `StaticFlags1` = 268435456, `StaticFlags2` = 0, `StaticFlags3` = 0 WHERE `Entry` = 192137;
UPDATE `creature_template_difficulty` SET `ContentTuningID` = 2151, `StaticFlags1` = 268435456, `StaticFlags2` = 0, `StaticFlags3` = 0 WHERE `Entry` = 192151;
UPDATE `creature_template_difficulty` SET `ContentTuningID` = 2151, `StaticFlags1` = 268435456, `StaticFlags2` = 0, `StaticFlags3` = 0 WHERE `Entry` = 192181;
UPDATE `creature_template_difficulty` SET `ContentTuningID` = 2151, `StaticFlags1` = 805306368, `StaticFlags2` = 0, `StaticFlags3` = 0 WHERE `Entry` = 192186;
UPDATE `creature_template_difficulty` SET `ContentTuningID` = 2518, `StaticFlags1` = 268435456, `StaticFlags2` = 0, `StaticFlags3` = 0 WHERE `Entry` = 192472;
UPDATE `creature_template_difficulty` SET `ContentTuningID` = 2272, `StaticFlags1` = 268435456, `StaticFlags2` = 0, `StaticFlags3` = 0 WHERE `Entry` = 194517;
UPDATE `creature_template_difficulty` SET `ContentTuningID` = 2272, `StaticFlags1` = 268435456, `StaticFlags2` = 0, `StaticFlags3` = 0 WHERE `Entry` = 194523;
UPDATE `creature_template_difficulty` SET `ContentTuningID` = 2272, `StaticFlags1` = 268435456, `StaticFlags2` = 0, `StaticFlags3` = 0 WHERE `Entry` = 194524;
UPDATE `creature_template_difficulty` SET `ContentTuningID` = 2151, `StaticFlags1` = 268435456, `StaticFlags2` = 0, `StaticFlags3` = 0 WHERE `Entry` = 196553;
UPDATE `creature_template_difficulty` SET `ContentTuningID` = 2151, `StaticFlags1` = 268435456, `StaticFlags2` = 0, `StaticFlags3` = 0 WHERE `Entry` = 196554;
UPDATE `creature_template_difficulty` SET `ContentTuningID` = 2151, `StaticFlags1` = 268435456, `StaticFlags2` = 0, `StaticFlags3` = 0 WHERE `Entry` = 196557;
UPDATE `creature_template_difficulty` SET `ContentTuningID` = 2078, `StaticFlags1` = 536871168, `StaticFlags2` = 0, `StaticFlags3` = 0 WHERE `Entry` = 196795;
UPDATE `creature_template_difficulty` SET `ContentTuningID` = 2456, `StaticFlags1` = 268435456, `StaticFlags2` = 0, `StaticFlags3` = 0 WHERE `Entry` = 197841;
UPDATE `creature_template_difficulty` SET `ContentTuningID` = 2518, `StaticFlags1` = 268435456, `StaticFlags2` = 0, `StaticFlags3` = 0 WHERE `Entry` = 197842;
UPDATE `creature_template_difficulty` SET `ContentTuningID` = 2518, `StaticFlags1` = 268435456, `StaticFlags2` = 0, `StaticFlags3` = 0 WHERE `Entry` = 197844;
UPDATE `creature_template_difficulty` SET `ContentTuningID` = 2518, `StaticFlags1` = 268435456, `StaticFlags2` = 0, `StaticFlags3` = 0 WHERE `Entry` = 197845;
UPDATE `creature_template_difficulty` SET `ContentTuningID` = 2518, `StaticFlags1` = 268435456, `StaticFlags2` = 0, `StaticFlags3` = 0 WHERE `Entry` = 197846;
UPDATE `creature_template_difficulty` SET `ContentTuningID` = 2518, `StaticFlags1` = 268435456, `StaticFlags2` = 0, `StaticFlags3` = 0 WHERE `Entry` = 197849;
UPDATE `creature_template_difficulty` SET `ContentTuningID` = 2518, `StaticFlags1` = 268435456, `StaticFlags2` = 0, `StaticFlags3` = 0 WHERE `Entry` = 197854;
UPDATE `creature_template_difficulty` SET `ContentTuningID` = 2151, `StaticFlags1` = 536871168, `StaticFlags2` = 0, `StaticFlags3` = 0 WHERE `Entry` = 198122;
UPDATE `creature_template_difficulty` SET `ContentTuningID` = 2266, `StaticFlags1` = 268435456, `StaticFlags2` = 0, `StaticFlags3` = 0 WHERE `Entry` = 198835;
UPDATE `creature_template_difficulty` SET `ContentTuningID` = 882, `StaticFlags1` = 256, `StaticFlags2` = 0, `StaticFlags3` = 0 WHERE `Entry` = 199439;
