-- DB/WakingShores Map 2444 (Dragon Isles) Zone: 13644 (The Waking Shores) Area: 13717 (Obsidian Citadel)

SET @CGUID := 9015800;
SET @OGUID := 9015800;

-- creature
DELETE FROM `creature` WHERE `guid` BETWEEN @CGUID+1 AND @CGUID+181;
INSERT INTO `creature` (`guid`, `id`, `map`, `zoneId`, `areaId`, `spawnDifficulties`, `phaseUseFlags`, `PhaseId`, `PhaseGroup`, `terrainSwapMap`, `modelid`, `equipment_id`, `position_x`, `position_y`, `position_z`, `orientation`, `spawntimesecs`, `wander_distance`, `currentwaypoint`, `curHealthPct`, `MovementType`, `npcflag`, `unit_flags`, `unit_flags2`, `unit_flags3`, `ScriptName`, `StringId`, `VerifiedBuild`) VALUES 
(@CGUID+1, 192137, 2444, 13644, 13717, '0', 0, 0, 0, -1, 0, 0, 2101.34, 2671.23, 207.389, 3.76297, 7200, 10, 0, 100, 1, NULL, NULL, NULL, NULL, '', NULL, 59466),
(@CGUID+2, 189875, 2444, 13644, 13717, '0', 0, 0, 0, -1, 0, 0, 2075.05, 2660.45, 207.476, 0.333508, 7200, 10, 0, 100, 1, NULL, NULL, NULL, NULL, '', NULL, 59466),
(@CGUID+3, 196336, 2444, 13644, 13717, '0', 0, 0, 0, -1, 0, 0, 2143.69, 2744.52, 113.002, 3.88552, 7200, 0, 0, 100, 0, NULL, NULL, NULL, NULL, '', NULL, 59466),
(@CGUID+4, 192356, 2444, 13644, 13717, '0', 0, 0, 0, -1, 0, 0, 2125.68, 2732.6, 257.618, 1.99812, 7200, 10, 0, 100, 1, NULL, NULL, NULL, NULL, '', NULL, 59466),
(@CGUID+5, 187600, 2444, 13644, 13717, '0', 0, 0, 0, -1, 0, 0, 2070.49, 2468.95, 173.99, 2.88499, 7200, 0, 0, 100, 0, NULL, NULL, NULL, NULL, '', NULL, 59466),
(@CGUID+6, 194916, 2444, 13644, 13717, '0', 0, 0, 0, -1, 0, 0, 2315.05, 2635.23, 229.951, 4.90242, 7200, 0, 0, 100, 0, NULL, NULL, NULL, NULL, '', NULL, 59466),
(@CGUID+7, 192323, 2444, 13644, 13717, '0', 0, 0, 0, -1, 0, 0, 2100.15, 2648.79, 258.481, 4.29696, 7200, 10, 0, 100, 1, NULL, NULL, NULL, NULL, '', NULL, 59466),
(@CGUID+8, 192356, 2444, 13644, 13717, '0', 0, 0, 0, -1, 0, 0, 2118.54, 2714.22, 254.592, 1.43775, 7200, 10, 0, 100, 1, NULL, NULL, NULL, NULL, '', NULL, 59466),
(@CGUID+9, 196336, 2444, 13644, 13717, '0', 0, 0, 0, -1, 0, 0, 2125.6, 2750, 112.992, 4.67611, 7200, 0, 0, 100, 0, NULL, NULL, NULL, NULL, '', NULL, 59466),
(@CGUID+10, 190983, 2444, 13644, 13717, '0', 0, 0, 0, -1, 0, 0, 2145.36, 2791.73, 112.992, 1.57709, 7200, 0, 0, 100, 0, NULL, NULL, NULL, NULL, '', NULL, 59466),
(@CGUID+11, 192356, 2444, 13644, 13717, '0', 0, 0, 0, -1, 0, 0, 2125.5, 2740.06, 256.866, 5.43853, 7200, 10, 0, 100, 1, NULL, NULL, NULL, NULL, '', NULL, 59466),
(@CGUID+12, 187813, 2444, 13644, 13717, '0', 0, 0, 0, -1, 0, 0, 2250.6, 2750.52, 112.99, 5.33544, 7200, 0, 0, 100, 0, NULL, NULL, NULL, NULL, '', NULL, 59466),
(@CGUID+13, 192323, 2444, 13644, 13717, '0', 0, 0, 0, -1, 0, 0, 2073.3, 2681.66, 259.124, 0.43017, 7200, 10, 0, 100, 1, NULL, NULL, NULL, NULL, '', NULL, 59466),
(@CGUID+14, 192356, 2444, 13644, 13717, '0', 0, 0, 0, -1, 0, 0, 2120.75, 2788.4, 256.191, 0, 7200, 0, 0, 100, 0, NULL, NULL, NULL, NULL, '', NULL, 59466),
(@CGUID+15, 192356, 2444, 13644, 13717, '0', 0, 0, 0, -1, 0, 0, 2120.22, 2769.14, 256.046, 0, 7200, 0, 0, 100, 0, NULL, NULL, NULL, NULL, '', NULL, 59466),
(@CGUID+16, 196336, 2444, 13644, 13717, '0', 0, 0, 0, -1, 0, 0, 2121.7, 2783.78, 112.992, 2.4843, 7200, 0, 0, 100, 0, NULL, NULL, NULL, NULL, '', NULL, 59466),
(@CGUID+17, 192325, 2444, 13644, 13717, '0', 0, 0, 0, -1, 0, 0, 1995.14, 2610.13, 305.549, 6.11837, 7200, 0, 0, 100, 0, NULL, NULL, NULL, NULL, '', NULL, 59466),
(@CGUID+18, 187867, 2444, 13644, 13717, '0', 0, 0, 0, -1, 0, 0, 2210.08, 2775.98, 112.991, 0.855813, 7200, 0, 0, 100, 0, NULL, NULL, NULL, NULL, '', NULL, 59466),
(@CGUID+19, 192356, 2444, 13644, 13717, '0', 0, 0, 0, -1, 0, 0, 2123.57, 2743.2, 256.797, 3.13953, 7200, 10, 0, 100, 1, NULL, NULL, NULL, NULL, '', NULL, 59466),
(@CGUID+20, 199298, 2444, 13644, 13717, '0', 0, 0, 0, -1, 0, 0, 2238.33, 2782.8, 115.017, 5.92989, 7200, 0, 0, 100, 0, NULL, NULL, NULL, NULL, '', NULL, 59466),
(@CGUID+21, 192323, 2444, 13644, 13717, '0', 0, 0, 0, -1, 0, 0, 2063.11, 2620.68, 308.032, 3.42398, 7200, 10, 0, 100, 1, NULL, NULL, NULL, NULL, '', NULL, 59466),
(@CGUID+22, 192323, 2444, 13644, 13717, '0', 0, 0, 0, -1, 0, 0, 2062.94, 2605.74, 260.26, 0.923579, 7200, 10, 0, 100, 1, NULL, NULL, NULL, NULL, '', NULL, 59466),
(@CGUID+23, 187554, 2444, 13644, 13717, '0', 0, 0, 0, -1, 0, 0, 2043.19, 2530.96, 174.151, 5.16132, 7200, 0, 0, 100, 0, NULL, NULL, NULL, NULL, '', NULL, 59466),
(@CGUID+24, 190983, 2444, 13644, 13717, '0', 0, 0, 0, -1, 0, 0, 2301.73, 2714.86, 123.353, 1.17108, 7200, 0, 0, 100, 0, NULL, NULL, NULL, NULL, '', NULL, 59466),
(@CGUID+25, 189822, 2444, 13644, 13717, '0', 0, 0, 0, -1, 0, 0, 2325.9, 2756.38, 123.514, 4.00472, 7200, 0, 0, 100, 0, NULL, NULL, NULL, NULL, '', NULL, 59466),
(@CGUID+26, 189811, 2444, 13644, 13717, '0', 0, 0, 0, -1, 0, 0, 2338.07, 2647.14, 118.695, 5.47364, 7200, 10, 0, 100, 1, NULL, NULL, NULL, NULL, '', NULL, 59466),
(@CGUID+27, 187813, 2444, 13644, 13717, '0', 0, 0, 0, -1, 0, 0, 2239.71, 2804.56, 115.101, 4.63869, 7200, 0, 0, 100, 0, NULL, NULL, NULL, NULL, '', NULL, 59466),
(@CGUID+28, 190983, 2444, 13644, 13717, '0', 0, 0, 0, -1, 0, 0, 2295.02, 2719.87, 123.353, 0.97428, 7200, 0, 0, 100, 0, NULL, NULL, NULL, NULL, '', NULL, 59466),
(@CGUID+29, 189811, 2444, 13644, 13717, '0', 0, 0, 0, -1, 0, 0, 2321.74, 2665.8, 117.705, 4.2648, 7200, 10, 0, 100, 1, NULL, NULL, NULL, NULL, '', NULL, 59466),
(@CGUID+30, 189811, 2444, 13644, 13717, '0', 0, 0, 0, -1, 0, 0, 2377.54, 2566.81, 113.085, 2.24149, 7200, 0, 0, 100, 0, NULL, NULL, NULL, NULL, '', NULL, 59466),
(@CGUID+31, 189811, 2444, 13644, 13717, '0', 0, 0, 0, -1, 0, 0, 2350.52, 2663.31, 113.678, 3.34807, 7200, 10, 0, 100, 1, NULL, NULL, NULL, NULL, '', NULL, 59466),
(@CGUID+32, 189811, 2444, 13644, 13717, '0', 0, 0, 0, -1, 0, 0, 2374.95, 2570.08, 113.079, 1.89059, 7200, 0, 0, 100, 0, NULL, NULL, NULL, NULL, '', NULL, 59466),
(@CGUID+33, 187599, 2444, 13644, 13717, '0', 0, 0, 0, -1, 0, 0, 2237.83, 2429.64, 155.589, 0.672395, 7200, 0, 0, 100, 0, NULL, NULL, NULL, NULL, '', NULL, 59466),
(@CGUID+34, 189811, 2444, 13644, 13717, '0', 0, 0, 0, -1, 0, 0, 2371.6, 2586.87, 113.198, 5.11922, 7200, 10, 0, 100, 1, NULL, NULL, NULL, NULL, '', NULL, 59466),
(@CGUID+35, 192323, 2444, 13644, 13717, '0', 0, 0, 0, -1, 0, 0, 2385.65, 2576.28, 264.121, 1.49383, 7200, 10, 0, 100, 1, NULL, NULL, NULL, NULL, '', NULL, 59466),
(@CGUID+36, 187813, 2444, 13644, 13717, '0', 0, 0, 0, -1, 0, 0, 2408.54, 2474.75, 216.048, 2.49604, 7200, 0, 0, 100, 0, NULL, NULL, NULL, NULL, '', NULL, 59466),
(@CGUID+37, 189811, 2444, 13644, 13717, '0', 0, 0, 0, -1, 0, 0, 2417.11, 2593.15, 113.145, 0.169089, 7200, 10, 0, 100, 1, NULL, NULL, NULL, NULL, '', NULL, 59466),
(@CGUID+38, 196814, 2444, 13644, 13717, '0', 0, 0, 0, -1, 0, 0, 2349.82, 2626.18, 229.951, 0, 7200, 0, 0, 100, 0, NULL, NULL, NULL, NULL, '', NULL, 59466),
(@CGUID+39, 187600, 2444, 13644, 13717, '0', 0, 0, 0, -1, 0, 0, 2390.57, 2692.45, 115.1, 4.89445, 7200, 0, 0, 100, 0, NULL, NULL, NULL, NULL, '', NULL, 59466),
(@CGUID+40, 189811, 2444, 13644, 13717, '0', 0, 0, 0, -1, 0, 0, 2385.92, 2668.88, 114.451, 4.80494, 7200, 10, 0, 100, 1, NULL, NULL, NULL, NULL, '', NULL, 59466),
(@CGUID+41, 190983, 2444, 13644, 13717, '0', 0, 0, 0, -1, 0, 0, 2430.21, 2574.01, 113.05, 5.88053, 7200, 0, 0, 100, 0, NULL, NULL, NULL, NULL, '', NULL, 59466),
(@CGUID+42, 192323, 2444, 13644, 13717, '0', 0, 0, 0, -1, 0, 0, 2271.82, 2490.1, 264.885, 2.2328, 7200, 0, 0, 100, 0, NULL, NULL, NULL, NULL, '', NULL, 59466),
(@CGUID+43, 213636, 2444, 13644, 13717, '0', 0, 0, 0, -1, 0, 0, 2373.64, 2615.77, 229.951, 4.03559, 7200, 0, 0, 100, 0, NULL, NULL, NULL, NULL, '', NULL, 59466),
(@CGUID+44, 187600, 2444, 13644, 13717, '0', 0, 0, 0, -1, 0, 0, 2396.84, 2578.88, 112.992, 1.49717, 7200, 0, 0, 100, 0, NULL, NULL, NULL, NULL, '', NULL, 59466),
(@CGUID+45, 189811, 2444, 13644, 13717, '0', 0, 0, 0, -1, 0, 0, 2406.04, 2615.23, 113.065, 2.55198, 7200, 10, 0, 100, 1, NULL, NULL, NULL, NULL, '', NULL, 59466),
(@CGUID+46, 190983, 2444, 13644, 13717, '0', 0, 0, 0, -1, 0, 0, 2405.85, 2686.59, 115.224, 2.85231, 7200, 10, 0, 100, 1, NULL, NULL, NULL, NULL, '', NULL, 59466),
(@CGUID+47, 189811, 2444, 13644, 13717, '0', 0, 0, 0, -1, 0, 0, 2448.49, 2673.64, 113.06, 0.451488, 7200, 10, 0, 100, 1, NULL, NULL, NULL, NULL, '', NULL, 59466),
(@CGUID+48, 187600, 2444, 13644, 13717, '0', 0, 0, 0, -1, 0, 0, 2447.72, 2654.93, 115.195, 2.9243, 7200, 0, 0, 100, 0, NULL, NULL, NULL, NULL, '', NULL, 59466),
(@CGUID+49, 192323, 2444, 13644, 13717, '0', 0, 0, 0, -1, 0, 0, 2000.97, 2609.45, 308.434, 4.74651, 7200, 0, 0, 100, 0, NULL, NULL, NULL, NULL, '', NULL, 59466),
(@CGUID+50, 186451, 2444, 13644, 13717, '0', 0, 0, 0, -1, 0, 0, 2078.91, 2514.67, 173.906, 5.96687, 7200, 0, 0, 100, 0, NULL, NULL, NULL, NULL, '', NULL, 59466),
(@CGUID+51, 187599, 2444, 13644, 13717, '0', 0, 0, 0, -1, 0, 0, 2088.29, 2438.32, 173.991, 5.29538, 7200, 0, 0, 100, 0, NULL, NULL, NULL, NULL, '', NULL, 59466),
(@CGUID+52, 191014, 2444, 13644, 13717, '0', 0, 0, 0, -1, 0, 0, 2056.36, 2545.04, 174.126, 4.68311, 7200, 0, 0, 100, 0, NULL, NULL, NULL, NULL, '', NULL, 59466),
(@CGUID+53, 186451, 2444, 13644, 13717, '0', 0, 0, 0, -1, 0, 0, 2086.73, 2524.14, 174.148, 0.360709, 7200, 0, 0, 100, 0, NULL, NULL, NULL, NULL, '', NULL, 59466),
(@CGUID+54, 199020, 2444, 13644, 13717, '0', 0, 0, 0, -1, 0, 0, 2047.62, 2541.22, 174.126, 5.34898, 7200, 0, 0, 100, 0, NULL, NULL, NULL, NULL, '', NULL, 59466),
(@CGUID+55, 187791, 2444, 13644, 13717, '0', 0, 0, 0, -1, 0, 0, 2152.69, 2383.69, 155.264, 3.15564, 7200, 0, 0, 100, 0, NULL, NULL, NULL, NULL, '', NULL, 59466),
(@CGUID+56, 186451, 2444, 13644, 13717, '0', 0, 0, 0, -1, 0, 0, 2092.99, 2483.53, 173.646, 0.181066, 7200, 0, 0, 100, 0, NULL, NULL, NULL, NULL, '', NULL, 59466),
(@CGUID+57, 186451, 2444, 13644, 13717, '0', 0, 0, 0, -1, 0, 0, 2085.17, 2507.9, 174.27, 4.75466, 7200, 0, 0, 100, 0, NULL, NULL, NULL, NULL, '', NULL, 59466),
(@CGUID+58, 186451, 2444, 13644, 13717, '0', 0, 0, 0, -1, 0, 0, 2092.8, 2491.24, 173.821, 6.14708, 7200, 0, 0, 100, 0, NULL, NULL, NULL, NULL, '', NULL, 59466),
(@CGUID+59, 186451, 2444, 13644, 13717, '0', 0, 0, 0, -1, 0, 0, 2064.25, 2475.18, 173.893, 5.88604, 7200, 0, 0, 100, 0, NULL, NULL, NULL, NULL, '', NULL, 59466),
(@CGUID+60, 186451, 2444, 13644, 13717, '0', 0, 0, 0, -1, 0, 0, 2063.78, 2470.71, 173.906, 0.0567873, 7200, 0, 0, 100, 0, NULL, NULL, NULL, NULL, '', NULL, 59466),
(@CGUID+61, 192137, 2444, 13644, 13717, '0', 0, 0, 0, -1, 0, 0, 2130.44, 2449.44, 173.906, 0.297682, 7200, 10, 0, 100, 1, NULL, NULL, NULL, NULL, '', NULL, 59466),
(@CGUID+62, 187602, 2444, 13644, 13717, '0', 0, 0, 0, -1, 0, 0, 2125.54, 2353.13, 155.264, 5.28024, 7200, 0, 0, 100, 0, NULL, NULL, NULL, NULL, '', NULL, 59466),
(@CGUID+63, 186451, 2444, 13644, 13717, '0', 0, 0, 0, -1, 0, 0, 2092.94, 2431.26, 174.114, 1.05536, 7200, 0, 0, 100, 0, NULL, NULL, NULL, NULL, '', NULL, 59466),
(@CGUID+64, 196336, 2444, 13644, 13717, '0', 0, 0, 0, -1, 0, 0, 2244.8, 2420.52, 155.358, 4.34449, 7200, 0, 0, 100, 0, NULL, NULL, NULL, NULL, '', NULL, 59466),
(@CGUID+65, 186451, 2444, 13644, 13717, '0', 0, 0, 0, -1, 0, 0, 2089.33, 2448.57, 173.957, 4.61064, 7200, 0, 0, 100, 0, NULL, NULL, NULL, NULL, '', NULL, 59466),
(@CGUID+66, 199298, 2444, 13644, 13717, '0', 0, 0, 0, -1, 0, 0, 2160.54, 2352.05, 155.267, 1.14198, 7200, 10, 0, 100, 1, NULL, NULL, NULL, NULL, '', NULL, 59466),
(@CGUID+67, 187599, 2444, 13644, 13717, '0', 0, 0, 0, -1, 0, 0, 2168.01, 2352.01, 155.326, 1.37133, 7200, 0, 0, 100, 0, NULL, NULL, NULL, NULL, '', NULL, 59466),
(@CGUID+68, 196336, 2444, 13644, 13717, '0', 0, 0, 0, -1, 0, 0, 2196.82, 2365.42, 155.569, 5.03593, 7200, 0, 0, 100, 0, NULL, NULL, NULL, NULL, '', NULL, 59466),
(@CGUID+69, 192325, 2444, 13644, 13717, '0', 0, 0, 0, -1, 0, 0, 2097.58, 2316.27, 243.465, 5.25624, 7200, 0, 0, 100, 0, NULL, NULL, NULL, NULL, '', NULL, 59466),
(@CGUID+70, 199298, 2444, 13644, 13717, '0', 0, 0, 0, -1, 0, 0, 2141.33, 2335.88, 155.18, 4.39795, 7200, 10, 0, 100, 1, NULL, NULL, NULL, NULL, '', NULL, 59466),
(@CGUID+71, 192371, 2444, 13644, 13717, '0', 0, 0, 0, -1, 0, 0, 2063.26, 2306.11, 242.842, 0.489256, 7200, 0, 0, 100, 0, NULL, NULL, NULL, NULL, '', NULL, 59466),
(@CGUID+72, 192371, 2444, 13644, 13717, '0', 0, 0, 0, -1, 0, 0, 2121.8, 2301.5, 246.507, 0.0077759, 7200, 0, 0, 100, 0, NULL, NULL, NULL, NULL, '', NULL, 59466),
(@CGUID+73, 192325, 2444, 13644, 13717, '0', 0, 0, 0, -1, 0, 0, 2129.49, 2300.05, 248.575, 3.99397, 7200, 0, 0, 100, 0, NULL, NULL, NULL, NULL, '', NULL, 59466),
(@CGUID+74, 187600, 2444, 13644, 13717, '0', 0, 0, 0, -1, 0, 0, 2121.77, 2337.18, 155.265, 0.700227, 7200, 0, 0, 100, 0, NULL, NULL, NULL, NULL, '', NULL, 59466),
(@CGUID+75, 192371, 2444, 13644, 13717, '0', 0, 0, 0, -1, 0, 0, 2076.95, 2306.09, 242.844, 0.687128, 7200, 10, 0, 100, 1, NULL, NULL, NULL, NULL, '', NULL, 59466),
(@CGUID+76, 187600, 2444, 13644, 13717, '0', 0, 0, 0, -1, 0, 0, 2195, 2306.66, 136.876, 0.959116, 7200, 10, 0, 100, 1, NULL, NULL, NULL, NULL, '', NULL, 59466),
(@CGUID+77, 187785, 2444, 13644, 13717, '0', 0, 0, 0, -1, 0, 0, 2154.71, 2386.12, 155.433, 2.39775, 7200, 10, 0, 100, 1, NULL, NULL, NULL, NULL, '', NULL, 59466),
(@CGUID+78, 196783, 2444, 13644, 13717, '0', 0, 0, 0, -1, 0, 0, 2178.28, 2400.19, 165.425, 0, 7200, 0, 0, 100, 0, NULL, NULL, NULL, NULL, '', NULL, 59466),
(@CGUID+79, 187785, 2444, 13644, 13717, '0', 0, 0, 0, -1, 0, 0, 2166.22, 2397.12, 155.292, 3.04821, 7200, 10, 0, 100, 1, NULL, NULL, NULL, NULL, '', NULL, 59466),
(@CGUID+80, 196783, 2444, 13644, 13717, '0', 0, 0, 0, -1, 0, 0, 2174.51, 2397.38, 166.005, 0, 7200, 0, 0, 100, 0, NULL, NULL, NULL, NULL, '', NULL, 59466),
(@CGUID+81, 187813, 2444, 13644, 13717, '0', 0, 0, 0, -1, 0, 0, 2204.73, 2321.14, 143.126, 0.979276, 7200, 10, 0, 100, 1, NULL, NULL, NULL, NULL, '', NULL, 59466),
(@CGUID+82, 187599, 2444, 13644, 13717, '0', 0, 0, 0, -1, 0, 0, 2171.47, 2311.37, 136.876, 4.3722, 7200, 10, 0, 100, 1, NULL, NULL, NULL, NULL, '', NULL, 59466),
(@CGUID+83, 196783, 2444, 13644, 13717, '0', 0, 0, 0, -1, 0, 0, 2272.32, 2420.85, 182.096, 0, 7200, 0, 0, 100, 0, NULL, NULL, NULL, NULL, '', NULL, 59466),
(@CGUID+84, 187791, 2444, 13644, 13717, '0', 0, 0, 0, -1, 0, 0, 2277.7, 2285.22, 155.83, 5.44792, 7200, 0, 0, 100, 0, NULL, NULL, NULL, NULL, '', NULL, 59466),
(@CGUID+85, 187785, 2444, 13644, 13717, '0', 0, 0, 0, -1, 0, 0, 2162.37, 2381.84, 155.18, 1.40056, 7200, 10, 0, 100, 1, NULL, NULL, NULL, NULL, '', NULL, 59466),
(@CGUID+86, 187867, 2444, 13644, 13717, '0', 0, 0, 0, -1, 0, 0, 2303.6, 2377.29, 155.263, 0.979882, 7200, 0, 0, 100, 0, NULL, NULL, NULL, NULL, '', NULL, 59466),
(@CGUID+87, 199298, 2444, 13644, 13717, '0', 0, 0, 0, -1, 0, 0, 2255.96, 2278.25, 155.18, 5.58933, 7200, 10, 0, 100, 1, NULL, NULL, NULL, NULL, '', NULL, 59466),
(@CGUID+88, 187868, 2444, 13644, 13717, '0', 0, 0, 0, -1, 0, 0, 2309.4, 2388.12, 155.263, 3.80359, 7200, 0, 0, 100, 0, NULL, NULL, NULL, NULL, '', NULL, 59466),
(@CGUID+89, 196783, 2444, 13644, 13717, '0', 0, 0, 0, -1, 0, 0, 2189.83, 2382.14, 160.149, 0, 7200, 0, 0, 100, 0, NULL, NULL, NULL, NULL, '', NULL, 59466),
(@CGUID+90, 187602, 2444, 13644, 13717, '0', 0, 0, 0, -1, 0, 0, 2335.38, 2391.59, 158.673, 2.56986, 7200, 10, 0, 100, 1, NULL, NULL, NULL, NULL, '', NULL, 59466),
(@CGUID+91, 196783, 2444, 13644, 13717, '0', 0, 0, 0, -1, 0, 0, 2280.27, 2424.32, 182.096, 0, 7200, 0, 0, 100, 0, NULL, NULL, NULL, NULL, '', NULL, 59466),
(@CGUID+92, 187600, 2444, 13644, 13717, '0', 0, 0, 0, -1, 0, 0, 2209.24, 2290.25, 136.855, 3.25582, 7200, 0, 0, 100, 0, NULL, NULL, NULL, NULL, '', NULL, 59466),
(@CGUID+93, 187600, 2444, 13644, 13717, '0', 0, 0, 0, -1, 0, 0, 2290.97, 2330.17, 155.846, 2.84011, 7200, 0, 0, 100, 0, NULL, NULL, NULL, NULL, '', NULL, 59466),
(@CGUID+94, 187868, 2444, 13644, 13717, '0', 0, 0, 0, -1, 0, 0, 2304.82, 2391.18, 155.263, 3.80359, 7200, 0, 0, 100, 0, NULL, NULL, NULL, NULL, '', NULL, 59466),
(@CGUID+95, 187602, 2444, 13644, 13717, '0', 0, 0, 0, -1, 0, 0, 2403.17, 2368.68, 187.829, 5.36059, 7200, 0, 0, 100, 0, NULL, NULL, NULL, NULL, '', NULL, 59466),
(@CGUID+96, 187867, 2444, 13644, 13717, '0', 0, 0, 0, -1, 0, 0, 2322.68, 2296.73, 182.972, 3.28823, 7200, 0, 0, 100, 0, NULL, NULL, NULL, NULL, '', NULL, 59466),
(@CGUID+97, 187600, 2444, 13644, 13717, '0', 0, 0, 0, -1, 0, 0, 2228.53, 2263.46, 155.287, 2.69337, 7200, 10, 0, 100, 1, NULL, NULL, NULL, NULL, '', NULL, 59466),
(@CGUID+98, 187599, 2444, 13644, 13717, '0', 0, 0, 0, -1, 0, 0, 2256.84, 2259.58, 155.267, 1.41632, 7200, 0, 0, 100, 0, NULL, NULL, NULL, NULL, '', NULL, 59466),
(@CGUID+99, 196336, 2444, 13644, 13717, '0', 0, 0, 0, -1, 0, 0, 2391.88, 2370.65, 187.206, 4.97987, 7200, 0, 0, 100, 0, NULL, NULL, NULL, NULL, '', NULL, 59466),
(@CGUID+100, 187919, 2444, 13644, 13717, '0', 0, 0, 0, -1, 0, 0, 2384.91, 2165.4, 189.697, 4.96848, 7200, 10, 0, 100, 1, NULL, NULL, NULL, NULL, '', NULL, 59466),
(@CGUID+101, 187600, 2444, 13644, 13717, '0', 0, 0, 0, -1, 0, 0, 2226.6, 2241.04, 200.097, 2.5146, 7200, 10, 0, 100, 1, NULL, NULL, NULL, NULL, '', NULL, 59466),
(@CGUID+102, 196783, 2444, 13644, 13717, '0', 0, 0, 0, -1, 0, 0, 2288.5, 2427.9, 182.096, 0, 7200, 0, 0, 100, 0, NULL, NULL, NULL, NULL, '', NULL, 59466),
(@CGUID+103, 187813, 2444, 13644, 13717, '0', 0, 0, 0, -1, 0, 0, 2380.66, 2360.44, 186.605, 4.59734, 7200, 0, 0, 100, 0, NULL, NULL, NULL, NULL, '', NULL, 59466),
(@CGUID+104, 196783, 2444, 13644, 13717, '0', 0, 0, 0, -1, 0, 0, 2297.77, 2428.94, 187.828, 0, 7200, 0, 0, 100, 0, NULL, NULL, NULL, NULL, '', NULL, 59466),
(@CGUID+105, 187602, 2444, 13644, 13717, '0', 0, 0, 0, -1, 0, 0, 2265.72, 2263.36, 155.267, 2.70484, 7200, 0, 0, 100, 0, NULL, NULL, NULL, NULL, '', NULL, 59466),
(@CGUID+106, 187868, 2444, 13644, 13717, '0', 0, 0, 0, -1, 0, 0, 2313.74, 2384.57, 155.263, 3.80359, 7200, 0, 0, 100, 0, NULL, NULL, NULL, NULL, '', NULL, 59466),
(@CGUID+107, 192137, 2444, 13644, 13717, '0', 0, 0, 0, -1, 0, 0, 2299.29, 2375.53, 155.185, 5.63972, 7200, 10, 0, 100, 1, NULL, NULL, NULL, NULL, '', NULL, 59466),
(@CGUID+108, 187867, 2444, 13644, 13717, '0', 0, 0, 0, -1, 0, 0, 2361.12, 2344.69, 188.037, 3.28823, 7200, 0, 0, 100, 0, NULL, NULL, NULL, NULL, '', NULL, 59466),
(@CGUID+109, 196783, 2444, 13644, 13717, '0', 0, 0, 0, -1, 0, 0, 2335.42, 2434.1, 182.096, 0, 7200, 0, 0, 100, 0, NULL, NULL, NULL, NULL, '', NULL, 59466),
(@CGUID+110, 187868, 2444, 13644, 13717, '0', 0, 0, 0, -1, 0, 0, 2322.97, 2269.79, 185.577, 0.857467, 7200, 10, 0, 100, 1, NULL, NULL, NULL, NULL, '', NULL, 59466),
(@CGUID+111, 187366, 2444, 13644, 13717, '0', 0, 0, 0, -1, 0, 0, 2455.36, 2159.64, 190.001, 2.00296, 7200, 0, 0, 100, 0, NULL, NULL, NULL, NULL, '', NULL, 59466),
(@CGUID+112, 196783, 2444, 13644, 13717, '0', 0, 0, 0, -1, 0, 0, 2331.56, 2435.62, 177.642, 0, 7200, 0, 0, 100, 0, NULL, NULL, NULL, NULL, '', NULL, 59466),
(@CGUID+113, 187868, 2444, 13644, 13717, '0', 0, 0, 0, -1, 0, 0, 2354.75, 2264.03, 183.806, 1.97431, 7200, 0, 0, 100, 0, NULL, NULL, NULL, NULL, '', NULL, 59466),
(@CGUID+114, 187868, 2444, 13644, 13717, '0', 0, 0, 0, -1, 0, 0, 2371.18, 2230.68, 186.87, 3.05045, 7200, 10, 0, 100, 1, NULL, NULL, NULL, NULL, '', NULL, 59466),
(@CGUID+115, 187785, 2444, 13644, 13717, '0', 0, 0, 0, -1, 0, 0, 2319.83, 2271.8, 184.554, 4.09546, 7200, 10, 0, 100, 1, NULL, NULL, NULL, NULL, '', NULL, 59466),
(@CGUID+116, 192137, 2444, 13644, 13717, '0', 0, 0, 0, -1, 0, 0, 2396.3, 2339.84, 186.803, 3.63956, 7200, 10, 0, 100, 1, NULL, NULL, NULL, NULL, '', NULL, 59466),
(@CGUID+117, 187524, 2444, 13644, 13717, '0', 0, 0, 0, -1, 0, 0, 2383.22, 2413.49, 230.036, 3.37057, 7200, 10, 0, 100, 1, NULL, NULL, NULL, NULL, '', NULL, 59466),
(@CGUID+118, 187785, 2444, 13644, 13717, '0', 0, 0, 0, -1, 0, 0, 2377.62, 2282.17, 186.981, 3.57269, 7200, 10, 0, 100, 1, NULL, NULL, NULL, NULL, '', NULL, 59466),
(@CGUID+119, 187785, 2444, 13644, 13717, '0', 0, 0, 0, -1, 0, 0, 2354.66, 2268.88, 184.101, 5.63119, 7200, 10, 0, 100, 1, NULL, NULL, NULL, NULL, '', NULL, 59466),
(@CGUID+120, 192137, 2444, 13644, 13717, '0', 0, 0, 0, -1, 0, 0, 2375.52, 2291.26, 186.923, 3.67122, 7200, 10, 0, 100, 1, NULL, NULL, NULL, NULL, '', NULL, 59466),
(@CGUID+121, 187785, 2444, 13644, 13717, '0', 0, 0, 0, -1, 0, 0, 2327.69, 2262.5, 187.358, 1.3912, 7200, 10, 0, 100, 1, NULL, NULL, NULL, NULL, '', NULL, 59466),
(@CGUID+122, 187868, 2444, 13644, 13717, '0', 0, 0, 0, -1, 0, 0, 2308.86, 2221.28, 186.149, 3.90049, 7200, 10, 0, 100, 1, NULL, NULL, NULL, NULL, '', NULL, 59466),
(@CGUID+123, 187785, 2444, 13644, 13717, '0', 0, 0, 0, -1, 0, 0, 2373.79, 2282.77, 187.162, 2.43382, 7200, 10, 0, 100, 1, NULL, NULL, NULL, NULL, '', NULL, 59466),
(@CGUID+124, 187868, 2444, 13644, 13717, '0', 0, 0, 0, -1, 0, 0, 2377.5, 2285.69, 187.234, 4.11951, 7200, 10, 0, 100, 1, NULL, NULL, NULL, NULL, '', NULL, 59466),
(@CGUID+125, 187785, 2444, 13644, 13717, '0', 0, 0, 0, -1, 0, 0, 2373.76, 2287.5, 187.092, 1.25739, 7200, 10, 0, 100, 1, NULL, NULL, NULL, NULL, '', NULL, 59466),
(@CGUID+126, 187867, 2444, 13644, 13717, '0', 0, 0, 0, -1, 0, 0, 2297.91, 2181.57, 185.534, 4.61527, 7200, 0, 0, 100, 0, NULL, NULL, NULL, NULL, '', NULL, 59466),
(@CGUID+127, 187785, 2444, 13644, 13717, '0', 0, 0, 0, -1, 0, 0, 2349.79, 2268.27, 184.732, 1.04686, 7200, 10, 0, 100, 1, NULL, NULL, NULL, NULL, '', NULL, 59466),
(@CGUID+128, 187785, 2444, 13644, 13717, '0', 0, 0, 0, -1, 0, 0, 2380.89, 2281.95, 186.599, 2.67832, 7200, 10, 0, 100, 1, NULL, NULL, NULL, NULL, '', NULL, 59466),
(@CGUID+129, 187791, 2444, 13644, 13717, '0', 0, 0, 0, -1, 0, 0, 2526.63, 2326.57, 201.996, 5.44792, 7200, 0, 0, 100, 0, NULL, NULL, NULL, NULL, '', NULL, 59466),
(@CGUID+130, 193001, 2444, 13644, 13717, '0', 0, 0, 0, -1, 0, 0, 2337.62, 2250.56, 185.982, 5.91247, 7200, 10, 0, 100, 1, NULL, NULL, NULL, NULL, '', NULL, 59466),
(@CGUID+131, 187785, 2444, 13644, 13717, '0', 0, 0, 0, -1, 0, 0, 2351.83, 2261.49, 184.128, 1.30895, 7200, 10, 0, 100, 1, NULL, NULL, NULL, NULL, '', NULL, 59466),
(@CGUID+132, 187785, 2444, 13644, 13717, '0', 0, 0, 0, -1, 0, 0, 2385.33, 2248.49, 184.247, 5.72769, 7200, 10, 0, 100, 1, NULL, NULL, NULL, NULL, '', NULL, 59466),
(@CGUID+133, 187785, 2444, 13644, 13717, '0', 0, 0, 0, -1, 0, 0, 2407.75, 2252.63, 185.402, 1.81435, 7200, 10, 0, 100, 1, NULL, NULL, NULL, NULL, '', NULL, 59466),
(@CGUID+134, 187600, 2444, 13644, 13717, '0', 0, 0, 0, -1, 0, 0, 2337.04, 2163.56, 189.112, 1.49189, 7200, 10, 0, 100, 1, NULL, NULL, NULL, NULL, '', NULL, 59466),
(@CGUID+135, 187791, 2444, 13644, 13717, '0', 0, 0, 0, -1, 0, 0, 2387.47, 2145.03, 192.233, 5.44792, 7200, 0, 0, 100, 0, NULL, NULL, NULL, NULL, '', NULL, 59466),
(@CGUID+136, 187867, 2444, 13644, 13717, '0', 0, 0, 0, -1, 0, 0, 2513.81, 2347.46, 200.014, 1.00861, 7200, 0, 0, 100, 0, NULL, NULL, NULL, NULL, '', NULL, 59466),
(@CGUID+137, 197395, 2444, 13644, 13717, '0', 0, 0, 0, -1, 0, 0, 2428.43, 2258.12, 185.245, 1.12439, 7200, 0, 0, 100, 0, NULL, NULL, NULL, NULL, '', NULL, 59466),
(@CGUID+138, 197395, 2444, 13644, 13717, '0', 0, 0, 0, -1, 0, 0, 2426.15, 2259.54, 185.245, 2.34603, 7200, 0, 0, 100, 0, NULL, NULL, NULL, NULL, '', NULL, 59466),
(@CGUID+139, 187785, 2444, 13644, 13717, '0', 0, 0, 0, -1, 0, 0, 2371.83, 2229.88, 187.013, 1.94571, 7200, 10, 0, 100, 1, NULL, NULL, NULL, NULL, '', NULL, 59466),
(@CGUID+140, 187785, 2444, 13644, 13717, '0', 0, 0, 0, -1, 0, 0, 2401.71, 2291.46, 186.986, 2.95798, 7200, 10, 0, 100, 1, NULL, NULL, NULL, NULL, '', NULL, 59466),
(@CGUID+141, 187785, 2444, 13644, 13717, '0', 0, 0, 0, -1, 0, 0, 2364.23, 2235.39, 185.486, 0.411237, 7200, 10, 0, 100, 1, NULL, NULL, NULL, NULL, '', NULL, 59466),
(@CGUID+142, 187379, 2444, 13644, 13717, '0', 0, 0, 0, -1, 0, 0, 2430.71, 2257.49, 186.52, 2.27973, 7200, 0, 0, 100, 0, NULL, NULL, NULL, NULL, '', NULL, 59466),
(@CGUID+143, 187868, 2444, 13644, 13717, '0', 0, 0, 0, -1, 0, 0, 2457.18, 2254.1, 186.311, 4.09243, 7200, 10, 0, 100, 1, NULL, NULL, NULL, NULL, '', NULL, 59466),
(@CGUID+144, 187785, 2444, 13644, 13717, '0', 0, 0, 0, -1, 0, 0, 2372.62, 2230.53, 186.906, 1.46378, 7200, 10, 0, 100, 1, NULL, NULL, NULL, NULL, '', NULL, 59466),
(@CGUID+145, 187379, 2444, 13644, 13717, '0', 0, 0, 0, -1, 0, 0, 2431.29, 2260.57, 185.798, 4.7637, 7200, 0, 0, 100, 0, NULL, NULL, NULL, NULL, '', NULL, 59466),
(@CGUID+146, 187785, 2444, 13644, 13717, '0', 0, 0, 0, -1, 0, 0, 2389.91, 2236.24, 186.256, 6.04718, 7200, 10, 0, 100, 1, NULL, NULL, NULL, NULL, '', NULL, 59466),
(@CGUID+147, 187379, 2444, 13644, 13717, '0', 0, 0, 0, -1, 0, 0, 2424.96, 2258.53, 186.302, 4.13864, 7200, 0, 0, 100, 0, NULL, NULL, NULL, NULL, '', NULL, 59466),
(@CGUID+148, 186783, 2444, 13644, 13717, '0', 0, 0, 0, -1, 0, 0, 2426.17, 2171.01, 190.211, 3.35106, 7200, 10, 0, 100, 1, NULL, NULL, NULL, NULL, '', NULL, 59466),
(@CGUID+149, 187785, 2444, 13644, 13717, '0', 0, 0, 0, -1, 0, 0, 2369.58, 2234.92, 185.813, 3.19356, 7200, 10, 0, 100, 1, NULL, NULL, NULL, NULL, '', NULL, 59466),
(@CGUID+150, 192137, 2444, 13644, 13717, '0', 0, 0, 0, -1, 0, 0, 2364.11, 2225.86, 186.703, 1.23329, 7200, 10, 0, 100, 1, NULL, NULL, NULL, NULL, '', NULL, 59466),
(@CGUID+151, 187813, 2444, 13644, 13717, '0', 0, 0, 0, -1, 0, 0, 2337.69, 2172.53, 189.434, 1.49862, 7200, 10, 0, 100, 1, NULL, NULL, NULL, NULL, '', NULL, 59466),
(@CGUID+152, 196783, 2444, 13644, 13717, '0', 0, 0, 0, -1, 0, 0, 2275.1, 2429.01, 182.096, 0, 7200, 0, 0, 100, 0, NULL, NULL, NULL, NULL, '', NULL, 59466),
(@CGUID+153, 187599, 2444, 13644, 13717, '0', 0, 0, 0, -1, 0, 0, 2167.56, 2246.4, 118.44, 3.43682, 7200, 0, 0, 100, 0, NULL, NULL, NULL, NULL, '', NULL, 59466),
(@CGUID+154, 196336, 2444, 13644, 13717, '0', 0, 0, 0, -1, 0, 0, 2168.4, 2218.1, 199.977, 1.75575, 7200, 0, 0, 100, 0, NULL, NULL, NULL, NULL, '', NULL, 59466),
(@CGUID+155, 187602, 2444, 13644, 13717, '0', 0, 0, 0, -1, 0, 0, 2125.93, 2248.86, 200.09, 5.70484, 7200, 10, 0, 100, 1, NULL, NULL, NULL, NULL, '', NULL, 59466),
(@CGUID+156, 192137, 2444, 13644, 13717, '0', 0, 0, 0, -1, 0, 0, 2186.24, 2304.72, 136.876, 5.99359, 7200, 10, 0, 100, 1, NULL, NULL, NULL, NULL, '', NULL, 59466),
(@CGUID+157, 187813, 2444, 13644, 13717, '0', 0, 0, 0, -1, 0, 0, 2135.53, 2239.52, 118.39, 4.4911, 7200, 0, 0, 100, 0, NULL, NULL, NULL, NULL, '', NULL, 59466),
(@CGUID+158, 186451, 2444, 13644, 13717, '0', 0, 0, 0, -1, 0, 0, 2162.1, 2244.74, 118.667, 0.295224, 7200, 0, 0, 100, 0, NULL, NULL, NULL, NULL, '', NULL, 59466),
(@CGUID+159, 192325, 2444, 13644, 13717, '0', 0, 0, 0, -1, 0, 0, 2072.15, 2271.58, 244.344, 0.472227, 7200, 0, 0, 100, 0, NULL, NULL, NULL, NULL, '', NULL, 59466),
(@CGUID+160, 192371, 2444, 13644, 13717, '0', 0, 0, 0, -1, 0, 0, 2067.61, 2277.88, 243.014, 5.54208, 7200, 0, 0, 100, 0, NULL, NULL, NULL, NULL, '', NULL, 59466),
(@CGUID+161, 192325, 2444, 13644, 13717, '0', 0, 0, 0, -1, 0, 0, 2040.65, 2290.93, 247.259, 1.54965, 7200, 0, 0, 100, 0, NULL, NULL, NULL, NULL, '', NULL, 59466),
(@CGUID+162, 186451, 2444, 13644, 13717, '0', 0, 0, 0, -1, 0, 0, 2144.21, 2241.23, 118.538, 0.193678, 7200, 0, 0, 100, 0, NULL, NULL, NULL, NULL, '', NULL, 59466),
(@CGUID+163, 186451, 2444, 13644, 13717, '0', 0, 0, 0, -1, 0, 0, 2163.37, 2251.68, 118.625, 6.14708, 7200, 0, 0, 100, 0, NULL, NULL, NULL, NULL, '', NULL, 59466),
(@CGUID+164, 192323, 2444, 13644, 13717, '0', 0, 0, 0, -1, 0, 0, 2123.73, 2295.18, 254.066, 2.43774, 7200, 10, 0, 100, 1, NULL, NULL, NULL, NULL, '', NULL, 59466),
(@CGUID+165, 186451, 2444, 13644, 13717, '0', 0, 0, 0, -1, 0, 0, 2134.09, 2233.14, 118.258, 1.34951, 7200, 0, 0, 100, 0, NULL, NULL, NULL, NULL, '', NULL, 59466),
(@CGUID+166, 192137, 2444, 13644, 13717, '0', 0, 0, 0, -1, 0, 0, 2137.68, 2231.39, 118.276, 2.12554, 7200, 0, 0, 100, 0, NULL, NULL, NULL, NULL, '', NULL, 59466),
(@CGUID+167, 192323, 2444, 13644, 13717, '0', 0, 0, 0, -1, 0, 0, 2095.96, 2318.07, 248.956, 0.361555, 7200, 10, 0, 100, 1, NULL, NULL, NULL, NULL, '', NULL, 59466),
(@CGUID+168, 192323, 2444, 13644, 13717, '0', 0, 0, 0, -1, 0, 0, 2078.12, 2272.46, 246.194, 4.92343, 7200, 10, 0, 100, 1, NULL, NULL, NULL, NULL, '', NULL, 59466),
(@CGUID+169, 192323, 2444, 13644, 13717, '0', 0, 0, 0, -1, 0, 0, 2043.22, 2288.51, 251.423, 3.38145, 7200, 10, 0, 100, 1, NULL, NULL, NULL, NULL, '', NULL, 59466),
(@CGUID+170, 181763, 2444, 13644, 13717, '0', 0, 0, 0, -1, 0, 0, 1998.69, 2298.65, 289.026, 5.46713, 7200, 0, 0, 100, 0, NULL, NULL, NULL, NULL, '', NULL, 59466),
(@CGUID+171, 190791, 2444, 13644, 13717, '0', 0, 0, 0, -1, 0, 0, 1620.09, 2378.14, 107.807, 0, 7200, 0, 0, 100, 0, NULL, NULL, NULL, NULL, '', NULL, 59466),
(@CGUID+172, 181763, 2444, 13644, 13717, '0', 0, 0, 0, -1, 0, 0, 1999.04, 2157.1, 101.104, 0.83338, 7200, 10, 0, 100, 1, NULL, NULL, NULL, NULL, '', NULL, 59466),
(@CGUID+173, 191940, 2444, 13644, 13717, '0', 0, 0, 0, -1, 0, 0, 1890.09, 2103.39, 119.781, 3.86769, 7200, 0, 0, 100, 0, NULL, NULL, NULL, NULL, '', NULL, 59466),
(@CGUID+174, 191628, 2444, 13644, 13717, '0', 0, 0, 0, -1, 0, 0, 2137.25, 2075.41, 65.2536, 4.45059, 7200, 0, 0, 100, 0, NULL, NULL, NULL, NULL, '', NULL, 59466),
(@CGUID+175, 186638, 2444, 13644, 13717, '0', 0, 0, 0, -1, 0, 0, 2058.14, 1864.59, 121.993, 1.30613, 7200, 0, 0, 100, 0, NULL, NULL, NULL, NULL, '', NULL, 59466),
(@CGUID+176, 186109, 2444, 13644, 13717, '0', 0, 0, 0, -1, 0, 0, 2165.81, 1826.53, 161.447, 1.77449, 7200, 0, 0, 100, 0, NULL, NULL, NULL, NULL, '', NULL, 59466),
(@CGUID+177, 189557, 2444, 13644, 13717, '0', 0, 0, 0, -1, 0, 0, 2063.97, 1817.03, 121.546, 5.7454, 7200, 0, 0, 100, 0, NULL, NULL, NULL, NULL, '', NULL, 59466),
(@CGUID+178, 191524, 2444, 13644, 13717, '0', 0, 0, 0, -1, 0, 0, 2121, 1734.43, 125.727, 2.36323, 7200, 0, 0, 100, 0, NULL, NULL, NULL, NULL, '', NULL, 59466),
(@CGUID+179, 186109, 2444, 13644, 13717, '0', 0, 0, 0, -1, 0, 0, 2146.06, 1764.67, 130.443, 4.56635, 7200, 0, 0, 100, 0, NULL, NULL, NULL, NULL, '', NULL, 59466),
(@CGUID+180, 191524, 2444, 13644, 13717, '0', 0, 0, 0, -1, 0, 0, 1982.39, 1768.1, 115.179, 6.08374, 7200, 0, 0, 100, 0, NULL, NULL, NULL, NULL, '', NULL, 59466),
(@CGUID+181, 186109, 2444, 13644, 13717, '0', 0, 0, 0, -1, 0, 0, 2191.16, 1674.3, 139.475, 5.07522, 7200, 0, 0, 100, 0, NULL, NULL, NULL, NULL, '', NULL, 59466);

-- creature addon
DELETE FROM `creature_addon` WHERE `guid` BETWEEN @CGUID+1 AND @CGUID+181;
INSERT INTO `creature_addon` (`guid`, `PathId`, `mount`, `MountCreatureID`, `StandState`, `AnimTier`, `VisFlags`, `SheathState`, `PvPFlags`, `emote`, `aiAnimKit`, `movementAnimKit`, `meleeAnimKit`, `visibilityDistanceType`, `auras`) VALUES 
(@CGUID+1, 0, 0, 0, 0, 0, 0, 1, 0, 0, 0, 0, 0, 0, ''),
(@CGUID+2, 0, 0, 0, 0, 0, 0, 1, 0, 0, 0, 0, 0, 0, ''),
(@CGUID+3, 0, 0, 0, 0, 0, 0, 1, 0, 0, 0, 0, 0, 0, ''),
(@CGUID+4, 0, 0, 0, 0, 0, 0, 1, 0, 0, 0, 0, 0, 0, '377399'),
(@CGUID+5, 0, 0, 0, 0, 0, 0, 1, 0, 0, 0, 0, 0, 0, ''),
(@CGUID+6, 0, 0, 0, 0, 0, 0, 1, 0, 0, 0, 0, 0, 0, ''),
(@CGUID+7, 0, 0, 0, 0, 3, 0, 1, 0, 0, 0, 0, 0, 0, ''),
(@CGUID+8, 0, 0, 0, 0, 0, 0, 1, 0, 0, 0, 0, 0, 0, '377399'),
(@CGUID+9, 0, 0, 0, 0, 0, 0, 1, 0, 0, 0, 0, 0, 0, ''),
(@CGUID+10, 0, 0, 0, 0, 0, 0, 1, 0, 0, 0, 0, 0, 0, ''),
(@CGUID+11, 0, 0, 0, 0, 0, 0, 1, 0, 0, 0, 0, 0, 0, '377399'),
(@CGUID+12, 0, 0, 0, 0, 0, 0, 1, 0, 0, 0, 0, 0, 0, ''),
(@CGUID+13, 0, 0, 0, 0, 3, 0, 1, 0, 0, 0, 0, 0, 0, ''),
(@CGUID+14, 0, 0, 0, 0, 0, 0, 1, 0, 0, 0, 0, 0, 0, '377399'),
(@CGUID+15, 0, 0, 0, 0, 0, 0, 1, 0, 0, 0, 0, 0, 0, '377399'),
(@CGUID+16, 0, 0, 0, 0, 0, 0, 1, 0, 0, 0, 0, 0, 0, ''),
(@CGUID+17, 0, 0, 0, 0, 0, 0, 1, 0, 0, 0, 0, 0, 0, ''),
(@CGUID+18, 0, 0, 0, 0, 0, 0, 1, 0, 0, 0, 0, 0, 0, '378432'),
(@CGUID+19, 0, 0, 0, 0, 0, 0, 1, 0, 0, 0, 0, 0, 0, '377399'),
(@CGUID+20, 0, 0, 0, 0, 0, 0, 0, 0, 0, 0, 0, 0, 0, '366376'),
(@CGUID+21, 0, 0, 0, 0, 3, 0, 1, 0, 0, 0, 0, 0, 0, ''),
(@CGUID+22, 0, 0, 0, 0, 3, 0, 1, 0, 0, 0, 0, 0, 0, ''),
(@CGUID+23, 0, 0, 0, 0, 0, 0, 1, 0, 0, 0, 0, 0, 0, ''),
(@CGUID+24, 0, 0, 0, 0, 0, 0, 1, 0, 0, 0, 0, 0, 0, ''),
(@CGUID+25, 0, 0, 0, 0, 0, 0, 1, 0, 0, 0, 0, 0, 0, ''),
(@CGUID+26, 0, 0, 0, 0, 0, 0, 1, 0, 0, 0, 0, 0, 0, ''),
(@CGUID+27, 0, 0, 0, 0, 0, 0, 1, 0, 0, 0, 0, 0, 0, ''),
(@CGUID+28, 0, 0, 0, 0, 0, 0, 1, 0, 0, 0, 0, 0, 0, ''),
(@CGUID+29, 0, 0, 0, 0, 0, 0, 1, 0, 0, 0, 0, 0, 0, ''),
(@CGUID+30, 0, 0, 0, 0, 0, 0, 1, 0, 0, 0, 0, 0, 0, ''),
(@CGUID+31, 0, 0, 0, 0, 0, 0, 1, 0, 0, 0, 0, 0, 0, ''),
(@CGUID+32, 0, 0, 0, 0, 0, 0, 1, 0, 0, 0, 0, 0, 0, ''),
(@CGUID+33, 0, 0, 0, 0, 0, 0, 1, 0, 0, 0, 0, 0, 0, ''),
(@CGUID+34, 0, 0, 0, 0, 0, 0, 1, 0, 0, 0, 0, 0, 0, ''),
(@CGUID+35, 0, 0, 0, 0, 3, 0, 1, 0, 0, 0, 0, 0, 0, ''),
(@CGUID+36, 0, 0, 0, 0, 0, 0, 1, 0, 0, 0, 0, 0, 0, ''),
(@CGUID+37, 0, 0, 0, 0, 0, 0, 1, 0, 0, 0, 0, 0, 0, ''),
(@CGUID+38, 0, 0, 0, 0, 0, 0, 1, 0, 0, 0, 0, 0, 0, ''),
(@CGUID+39, 0, 0, 0, 1, 0, 0, 1, 0, 0, 0, 0, 0, 0, ''),
(@CGUID+40, 0, 0, 0, 0, 0, 0, 1, 0, 0, 0, 0, 0, 0, ''),
(@CGUID+41, 0, 0, 0, 0, 0, 0, 1, 0, 0, 0, 0, 0, 0, ''),
(@CGUID+42, 0, 0, 0, 0, 3, 0, 1, 0, 0, 0, 0, 0, 0, ''),
(@CGUID+43, 0, 0, 0, 0, 0, 0, 1, 0, 0, 0, 0, 0, 0, '420130 214027 413766 329535 431605 285707 465 344218'),
(@CGUID+44, 0, 0, 0, 0, 0, 0, 1, 0, 0, 0, 0, 0, 0, ''),
(@CGUID+45, 0, 0, 0, 0, 0, 0, 1, 0, 0, 0, 0, 0, 0, ''),
(@CGUID+46, 0, 0, 0, 0, 0, 0, 1, 0, 0, 0, 0, 0, 0, '364674'),
(@CGUID+47, 0, 0, 0, 0, 0, 0, 1, 0, 0, 0, 0, 0, 0, ''),
(@CGUID+48, 0, 0, 0, 0, 0, 0, 1, 0, 0, 0, 0, 0, 0, ''),
(@CGUID+49, 0, 0, 0, 0, 3, 0, 1, 0, 0, 0, 0, 0, 0, ''),
(@CGUID+50, 0, 0, 0, 0, 0, 0, 1, 0, 0, 0, 0, 0, 0, ''),
(@CGUID+51, 0, 0, 0, 0, 0, 0, 1, 0, 0, 0, 0, 0, 0, ''),
(@CGUID+52, 0, 0, 0, 0, 0, 0, 1, 0, 0, 0, 0, 0, 0, ''),
(@CGUID+53, 0, 0, 0, 0, 0, 0, 1, 0, 0, 0, 0, 0, 0, ''),
(@CGUID+54, 0, 0, 0, 0, 0, 0, 1, 0, 505, 0, 0, 0, 0, ''),
(@CGUID+55, 0, 0, 0, 0, 0, 0, 1, 0, 0, 0, 0, 0, 0, '370634 65220'),
(@CGUID+56, 0, 0, 0, 0, 0, 0, 1, 0, 0, 0, 0, 0, 0, ''),
(@CGUID+57, 0, 0, 0, 0, 0, 0, 1, 0, 0, 0, 0, 0, 0, ''),
(@CGUID+58, 0, 0, 0, 0, 0, 0, 1, 0, 0, 0, 0, 0, 0, ''),
(@CGUID+59, 0, 0, 0, 0, 0, 0, 1, 0, 505, 0, 0, 0, 0, ''),
(@CGUID+60, 0, 0, 0, 0, 0, 0, 1, 0, 0, 0, 0, 0, 0, ''),
(@CGUID+61, 0, 0, 0, 0, 0, 0, 1, 0, 0, 0, 0, 0, 0, ''),
(@CGUID+62, 0, 0, 0, 0, 0, 0, 1, 0, 505, 0, 0, 0, 0, '395824'),
(@CGUID+63, 0, 0, 0, 0, 0, 0, 1, 0, 0, 0, 0, 0, 0, ''),
(@CGUID+64, 0, 0, 0, 1, 0, 0, 0, 0, 0, 0, 0, 0, 0, '391245'),
(@CGUID+65, 0, 0, 0, 0, 0, 0, 1, 0, 0, 0, 0, 0, 0, ''),
(@CGUID+66, 0, 0, 0, 0, 0, 0, 0, 0, 0, 0, 0, 0, 0, '366385'),
(@CGUID+67, 0, 0, 0, 0, 0, 0, 0, 0, 0, 0, 0, 0, 0, ''),
(@CGUID+68, 0, 0, 0, 0, 0, 0, 1, 0, 505, 0, 0, 0, 0, ''),
(@CGUID+69, 0, 0, 0, 0, 0, 0, 1, 0, 0, 0, 0, 0, 0, ''),
(@CGUID+70, 0, 0, 0, 0, 0, 0, 0, 0, 0, 0, 0, 0, 0, '366385'),
(@CGUID+71, 0, 0, 0, 0, 0, 0, 1, 0, 0, 0, 0, 0, 0, '364682'),
(@CGUID+72, 0, 0, 0, 0, 0, 0, 1, 0, 0, 0, 0, 0, 0, ''),
(@CGUID+73, 0, 0, 0, 0, 0, 0, 1, 0, 0, 0, 0, 0, 0, ''),
(@CGUID+74, 0, 0, 0, 1, 0, 0, 0, 0, 0, 0, 0, 0, 0, ''),
(@CGUID+75, 0, 0, 0, 0, 0, 0, 1, 0, 0, 0, 0, 0, 0, ''),
(@CGUID+76, 0, 0, 0, 0, 0, 0, 1, 0, 505, 0, 0, 0, 0, ''),
(@CGUID+77, 0, 0, 0, 0, 0, 0, 1, 0, 0, 0, 0, 0, 0, '370034'),
(@CGUID+78, 0, 0, 0, 0, 3, 0, 1, 0, 0, 0, 0, 0, 0, ''),
(@CGUID+79, 0, 0, 0, 0, 0, 0, 1, 0, 0, 0, 0, 0, 0, '370034'),
(@CGUID+80, 0, 0, 0, 0, 3, 0, 1, 0, 0, 0, 0, 0, 0, ''),
(@CGUID+81, 0, 0, 0, 0, 0, 0, 1, 0, 505, 0, 0, 0, 0, ''),
(@CGUID+82, 0, 0, 0, 0, 0, 0, 1, 0, 505, 0, 0, 0, 0, ''),
(@CGUID+83, 0, 0, 0, 0, 3, 0, 1, 0, 0, 0, 0, 0, 0, ''),
(@CGUID+84, 0, 0, 0, 0, 0, 0, 1, 0, 0, 0, 0, 0, 0, '370634 65220'),
(@CGUID+85, 0, 0, 0, 0, 0, 0, 1, 0, 0, 0, 0, 0, 0, '370034'),
(@CGUID+86, 0, 0, 0, 0, 0, 0, 1, 0, 0, 0, 0, 0, 0, '358413 391245'),
(@CGUID+87, 0, 0, 0, 0, 0, 0, 1, 0, 0, 0, 0, 0, 0, '366385'),
(@CGUID+88, 0, 0, 0, 0, 0, 0, 1, 0, 0, 0, 0, 0, 0, '370034'),
(@CGUID+89, 0, 0, 0, 0, 3, 0, 1, 0, 0, 0, 0, 0, 0, ''),
(@CGUID+90, 0, 0, 0, 0, 0, 0, 1, 0, 505, 0, 0, 0, 0, '395824'),
(@CGUID+91, 0, 0, 0, 0, 3, 0, 1, 0, 0, 0, 0, 0, 0, ''),
(@CGUID+92, 0, 0, 0, 0, 0, 0, 1, 0, 505, 0, 0, 0, 0, ''),
(@CGUID+93, 0, 0, 0, 0, 0, 0, 0, 0, 0, 0, 0, 0, 0, ''),
(@CGUID+94, 0, 0, 0, 0, 0, 0, 1, 0, 0, 0, 0, 0, 0, '370034'),
(@CGUID+95, 0, 0, 0, 0, 0, 0, 1, 0, 505, 0, 0, 0, 0, '395824'),
(@CGUID+96, 0, 0, 0, 0, 0, 0, 1, 0, 0, 0, 0, 0, 0, ''),
(@CGUID+97, 0, 0, 0, 0, 0, 0, 0, 0, 0, 0, 0, 0, 0, ''),
(@CGUID+98, 0, 0, 0, 0, 0, 0, 1, 0, 0, 0, 0, 0, 0, ''),
(@CGUID+99, 0, 0, 0, 1, 0, 0, 0, 0, 0, 0, 0, 0, 0, ''),
(@CGUID+100, 0, 0, 0, 0, 0, 0, 1, 0, 0, 0, 0, 0, 3, ''),
(@CGUID+101, 0, 0, 0, 0, 0, 0, 1, 0, 0, 0, 0, 0, 0, ''),
(@CGUID+102, 0, 0, 0, 0, 3, 0, 1, 0, 0, 0, 0, 0, 0, ''),
(@CGUID+103, 0, 0, 0, 0, 0, 0, 1, 0, 505, 0, 0, 0, 0, ''),
(@CGUID+104, 0, 0, 0, 0, 3, 0, 1, 0, 0, 0, 0, 0, 0, ''),
(@CGUID+105, 0, 0, 0, 0, 0, 0, 1, 0, 0, 0, 0, 0, 0, '395824'),
(@CGUID+106, 0, 0, 0, 0, 0, 0, 1, 0, 0, 0, 0, 0, 0, '370034'),
(@CGUID+107, 0, 0, 0, 0, 0, 0, 1, 0, 0, 0, 0, 0, 0, ''),
(@CGUID+108, 0, 0, 0, 0, 0, 0, 1, 0, 0, 0, 0, 0, 0, '378432'),
(@CGUID+109, 0, 0, 0, 0, 3, 0, 1, 0, 0, 0, 0, 0, 0, ''),
(@CGUID+110, 0, 0, 0, 0, 0, 0, 1, 0, 0, 0, 0, 0, 0, '370034'),
(@CGUID+111, 0, 0, 0, 0, 0, 0, 1, 0, 0, 0, 0, 0, 3, ''),
(@CGUID+112, 0, 0, 0, 0, 3, 0, 1, 0, 0, 0, 0, 0, 0, ''),
(@CGUID+113, 0, 0, 0, 0, 0, 0, 1, 0, 0, 0, 0, 0, 0, '370034'),
(@CGUID+114, 0, 0, 0, 0, 0, 0, 1, 0, 0, 0, 0, 0, 0, '370034'),
(@CGUID+115, 0, 0, 0, 0, 0, 0, 1, 0, 0, 0, 0, 0, 0, '370034'),
(@CGUID+116, 0, 0, 0, 0, 0, 0, 1, 0, 0, 0, 0, 0, 0, ''),
(@CGUID+117, 0, 0, 0, 0, 3, 0, 1, 0, 0, 0, 0, 0, 0, ''),
(@CGUID+118, 0, 0, 0, 0, 0, 0, 1, 0, 0, 0, 0, 0, 0, '370034'),
(@CGUID+119, 0, 0, 0, 0, 0, 0, 1, 0, 0, 0, 0, 0, 0, '370034'),
(@CGUID+120, 0, 0, 0, 0, 0, 0, 1, 0, 0, 0, 0, 0, 0, ''),
(@CGUID+121, 0, 0, 0, 0, 0, 0, 1, 0, 0, 0, 0, 0, 0, '370034'),
(@CGUID+122, 0, 0, 0, 0, 0, 0, 1, 0, 0, 0, 0, 0, 0, '370034'),
(@CGUID+123, 0, 0, 0, 0, 0, 0, 1, 0, 0, 0, 0, 0, 0, '370034'),
(@CGUID+124, 0, 0, 0, 0, 0, 0, 1, 0, 0, 0, 0, 0, 0, '370034'),
(@CGUID+125, 0, 0, 0, 0, 0, 0, 1, 0, 0, 0, 0, 0, 0, '370034'),
(@CGUID+126, 0, 0, 0, 0, 0, 0, 1, 0, 0, 0, 0, 0, 0, ''),
(@CGUID+127, 0, 0, 0, 0, 0, 0, 1, 0, 0, 0, 0, 0, 0, '370034'),
(@CGUID+128, 0, 0, 0, 0, 0, 0, 1, 0, 0, 0, 0, 0, 0, '370034'),
(@CGUID+129, 0, 0, 0, 0, 0, 0, 1, 0, 0, 0, 0, 0, 0, '370634 65220'),
(@CGUID+130, 0, 0, 0, 0, 0, 0, 1, 0, 0, 0, 0, 0, 0, ''),
(@CGUID+131, 0, 0, 0, 0, 0, 0, 1, 0, 0, 0, 0, 0, 0, '370034'),
(@CGUID+132, 0, 0, 0, 0, 0, 0, 1, 0, 0, 0, 0, 0, 0, '370034'),
(@CGUID+133, 0, 0, 0, 0, 0, 0, 1, 0, 0, 0, 0, 0, 0, '370034'),
(@CGUID+134, 0, 0, 0, 0, 0, 0, 1, 0, 0, 0, 0, 0, 0, ''),
(@CGUID+135, 0, 0, 0, 0, 0, 0, 1, 0, 0, 0, 0, 0, 0, '370634 65220'),
(@CGUID+136, 0, 0, 0, 0, 0, 0, 1, 0, 0, 0, 0, 0, 0, ''),
(@CGUID+137, 0, 0, 0, 0, 0, 0, 1, 0, 0, 0, 0, 0, 0, ''),
(@CGUID+138, 0, 0, 0, 0, 0, 0, 1, 0, 0, 0, 0, 0, 0, ''),
(@CGUID+139, 0, 0, 0, 0, 0, 0, 1, 0, 0, 0, 0, 0, 0, '370034'),
(@CGUID+140, 0, 0, 0, 0, 0, 0, 1, 0, 0, 0, 0, 0, 0, '370034'),
(@CGUID+141, 0, 0, 0, 0, 0, 0, 1, 0, 0, 0, 0, 0, 0, '370034'),
(@CGUID+142, 0, 0, 0, 0, 0, 0, 1, 0, 0, 0, 0, 0, 0, ''),
(@CGUID+143, 0, 0, 0, 0, 0, 0, 1, 0, 0, 0, 0, 0, 0, '370034'),
(@CGUID+144, 0, 0, 0, 0, 0, 0, 1, 0, 0, 0, 0, 0, 0, '370034'),
(@CGUID+145, 0, 0, 0, 0, 0, 0, 1, 0, 0, 0, 0, 0, 0, ''),
(@CGUID+146, 0, 0, 0, 0, 0, 0, 1, 0, 0, 0, 0, 0, 0, '370034'),
(@CGUID+147, 0, 0, 0, 0, 0, 0, 1, 0, 0, 0, 0, 0, 0, ''),
(@CGUID+148, 0, 0, 0, 0, 0, 0, 1, 0, 0, 0, 0, 0, 0, '369685'),
(@CGUID+149, 0, 0, 0, 0, 0, 0, 1, 0, 0, 0, 0, 0, 0, '370034'),
(@CGUID+150, 0, 0, 0, 0, 0, 0, 1, 0, 0, 0, 0, 0, 0, ''),
(@CGUID+151, 0, 0, 0, 0, 0, 0, 1, 0, 0, 0, 0, 0, 0, ''),
(@CGUID+152, 0, 0, 0, 0, 3, 0, 1, 0, 0, 0, 0, 0, 0, ''),
(@CGUID+153, 0, 0, 0, 0, 0, 0, 1, 0, 0, 0, 0, 0, 0, ''),
(@CGUID+154, 0, 0, 0, 0, 0, 0, 1, 0, 0, 0, 0, 0, 0, ''),
(@CGUID+155, 0, 0, 0, 0, 0, 0, 1, 0, 505, 0, 0, 0, 0, '395824'),
(@CGUID+156, 0, 0, 0, 0, 0, 0, 1, 0, 0, 0, 0, 0, 0, ''),
(@CGUID+157, 0, 0, 0, 0, 0, 0, 1, 0, 0, 0, 0, 0, 0, ''),
(@CGUID+158, 0, 0, 0, 0, 0, 0, 1, 0, 0, 0, 0, 0, 0, ''),
(@CGUID+159, 0, 0, 0, 0, 0, 0, 1, 0, 0, 0, 0, 0, 0, ''),
(@CGUID+160, 0, 0, 0, 0, 0, 0, 1, 0, 0, 0, 0, 0, 0, ''),
(@CGUID+161, 0, 0, 0, 0, 0, 0, 1, 0, 0, 0, 0, 0, 0, ''),
(@CGUID+162, 0, 0, 0, 0, 0, 0, 1, 0, 0, 0, 0, 0, 0, ''),
(@CGUID+163, 0, 0, 0, 0, 0, 0, 1, 0, 0, 0, 0, 0, 0, ''),
(@CGUID+164, 0, 0, 0, 0, 3, 0, 1, 0, 0, 0, 0, 0, 0, ''),
(@CGUID+165, 0, 0, 0, 0, 0, 0, 1, 0, 0, 0, 0, 0, 0, ''),
(@CGUID+166, 0, 0, 0, 0, 0, 0, 1, 0, 0, 0, 0, 0, 0, ''),
(@CGUID+167, 0, 0, 0, 0, 3, 0, 1, 0, 0, 0, 0, 0, 0, ''),
(@CGUID+168, 0, 0, 0, 0, 3, 0, 1, 0, 0, 0, 0, 0, 0, ''),
(@CGUID+169, 0, 0, 0, 0, 3, 0, 1, 0, 0, 0, 0, 0, 0, ''),
(@CGUID+170, 0, 0, 0, 0, 3, 0, 1, 0, 0, 0, 0, 0, 0, ''),
(@CGUID+171, 0, 0, 0, 0, 0, 0, 1, 0, 0, 0, 0, 0, 4, ''),
(@CGUID+172, 0, 0, 0, 0, 3, 0, 1, 0, 0, 0, 0, 0, 0, ''),
(@CGUID+173, 0, 0, 0, 3, 0, 0, 1, 0, 0, 0, 0, 0, 0, ''),
(@CGUID+174, 0, 0, 0, 0, 0, 0, 1, 0, 0, 0, 0, 0, 0, ''),
(@CGUID+175, 0, 0, 0, 0, 0, 0, 1, 0, 505, 0, 0, 0, 0, ''),
(@CGUID+176, 0, 0, 0, 0, 0, 0, 1, 0, 0, 0, 0, 0, 0, ''),
(@CGUID+177, 0, 0, 0, 0, 0, 0, 1, 0, 0, 0, 0, 0, 0, ''),
(@CGUID+178, 0, 0, 0, 0, 0, 0, 1, 0, 0, 0, 0, 0, 0, ''),
(@CGUID+179, 0, 0, 0, 0, 0, 0, 0, 0, 0, 0, 0, 0, 0, '391245'),
(@CGUID+180, 0, 0, 0, 0, 0, 0, 1, 0, 0, 0, 0, 0, 0, ''),
(@CGUID+181, 0, 0, 0, 0, 0, 0, 1, 0, 0, 0, 0, 0, 0, '');

-- creature template addon
DELETE FROM `creature_template_addon` WHERE `entry` IN(181763,186109,186451,186638,186783,187366,187379,187524,187554,187599,187600,187602,187785,187791,187813,187867,187868,187919,189557,189811,189822,189875,190791,190983,191014,191524,191628,191940,192137,192323,192325,192356,192371,193001,194916,196336,196783,196814,197395,199020,199298,213636);
INSERT INTO `creature_template_addon` (`entry`, `PathId`, `mount`, `MountCreatureID`, `StandState`, `AnimTier`, `VisFlags`, `SheathState`, `PvPFlags`, `emote`, `aiAnimKit`, `movementAnimKit`, `meleeAnimKit`, `visibilityDistanceType`, `auras`) VALUES 
(181763, 0, 0, 0, 0, 3, 0, 1, 0, 0, 0, 0, 0, 0, ''),
(186109, 0, 0, 0, 0, 0, 0, 1, 0, 0, 0, 0, 0, 0, ''),
(186451, 0, 0, 0, 0, 0, 0, 1, 0, 0, 0, 0, 0, 0, ''),
(186638, 0, 0, 0, 0, 0, 0, 1, 0, 0, 0, 0, 0, 0, ''),
(186783, 0, 0, 0, 0, 0, 0, 1, 0, 0, 0, 0, 0, 0, '369685'),
(187366, 0, 0, 0, 0, 0, 0, 1, 0, 0, 0, 0, 0, 3, ''),
(187379, 0, 0, 0, 0, 0, 0, 1, 0, 0, 0, 0, 0, 0, ''),
(187524, 0, 0, 0, 0, 3, 0, 1, 0, 0, 0, 0, 0, 0, ''),
(187554, 0, 0, 0, 0, 0, 0, 1, 0, 0, 0, 0, 0, 0, ''),
(187599, 0, 0, 0, 0, 0, 0, 1, 0, 0, 0, 0, 0, 0, ''),
(187600, 0, 0, 0, 0, 0, 0, 1, 0, 0, 0, 0, 0, 0, ''),
(187602, 0, 0, 0, 0, 0, 0, 1, 0, 0, 0, 0, 0, 0, '46598 395824'),
(187785, 0, 0, 0, 0, 0, 0, 1, 0, 0, 0, 0, 0, 0, ''),
(187791, 0, 0, 0, 0, 0, 0, 1, 0, 0, 0, 0, 0, 0, '65220 370634'),
(187813, 0, 0, 0, 0, 0, 0, 1, 0, 0, 0, 0, 0, 0, ''),
(187867, 0, 0, 0, 0, 0, 0, 1, 0, 0, 0, 0, 0, 0, ''),
(187868, 0, 0, 0, 0, 0, 0, 1, 0, 0, 0, 0, 0, 0, '370034'),
(187919, 0, 0, 0, 0, 0, 0, 1, 0, 0, 0, 0, 0, 3, ''),
(189557, 0, 0, 0, 0, 0, 0, 1, 0, 0, 0, 0, 0, 0, ''),
(189811, 0, 0, 0, 0, 0, 0, 1, 0, 0, 0, 0, 0, 0, ''),
(189822, 0, 0, 0, 0, 0, 0, 1, 0, 0, 0, 0, 0, 0, ''),
(189875, 0, 0, 0, 0, 0, 0, 1, 0, 0, 0, 0, 0, 0, ''),
(190791, 0, 0, 0, 0, 0, 0, 1, 0, 0, 0, 0, 0, 4, ''),
(190983, 0, 0, 0, 0, 0, 0, 1, 0, 0, 0, 0, 0, 0, ''),
(191014, 0, 0, 0, 0, 0, 0, 1, 0, 0, 0, 0, 0, 0, ''),
(191524, 0, 0, 0, 0, 0, 0, 1, 0, 0, 0, 0, 0, 0, ''),
(191628, 0, 0, 0, 0, 0, 0, 1, 0, 0, 0, 0, 0, 0, ''),
(191940, 0, 0, 0, 3, 0, 0, 1, 0, 0, 0, 0, 0, 0, ''),
(192137, 0, 0, 0, 0, 0, 0, 1, 0, 0, 0, 0, 0, 0, ''),
(192323, 0, 0, 0, 0, 3, 0, 1, 0, 0, 0, 0, 0, 0, ''),
(192325, 0, 0, 0, 0, 0, 0, 1, 0, 0, 0, 0, 0, 0, ''),
(192356, 0, 0, 0, 0, 0, 0, 1, 0, 0, 0, 0, 0, 0, '377399'),
(192371, 0, 0, 0, 0, 0, 0, 1, 0, 0, 0, 0, 0, 0, '364682'),
(193001, 0, 0, 0, 0, 0, 0, 1, 0, 0, 0, 0, 0, 0, ''),
(194916, 0, 0, 0, 0, 0, 0, 1, 0, 0, 0, 0, 0, 0, ''),
(196336, 0, 0, 0, 0, 0, 0, 1, 0, 0, 0, 0, 0, 0, ''),
(196783, 0, 0, 0, 0, 3, 0, 1, 0, 0, 0, 0, 0, 0, ''),
(196814, 0, 0, 0, 0, 0, 0, 1, 0, 0, 0, 0, 0, 0, ''),
(197395, 0, 0, 0, 0, 0, 0, 1, 0, 0, 0, 0, 0, 0, ''),
(199020, 0, 0, 0, 0, 0, 0, 1, 0, 0, 0, 0, 0, 0, ''),
(199298, 0, 0, 0, 0, 0, 0, 0, 0, 0, 0, 0, 0, 0, '366375'),
(213636, 0, 0, 0, 0, 0, 0, 1, 0, 0, 0, 0, 0, 0, '420130 214027 413766 329535 431605 285707 465 344218');

-- creature template
UPDATE `creature_template` SET `faction` = 16, `npcflag` = 0, `unit_flags` = 0, `unit_flags2` = 2048, `unit_flags3` = 67108864, `VehicleId` = 0 WHERE `entry` = 181763;
UPDATE `creature_template` SET `faction` = 3295, `npcflag` = 0, `unit_flags` = 64, `unit_flags2` = 2048, `unit_flags3` = 0, `VehicleId` = 0 WHERE `entry` = 186109;
UPDATE `creature_template` SET `faction` = 3314, `npcflag` = 0, `unit_flags` = 64, `unit_flags2` = 2048, `unit_flags3` = 0, `VehicleId` = 0 WHERE `entry` = 186451;
UPDATE `creature_template` SET `faction` = 3295, `npcflag` = 0, `unit_flags` = 64, `unit_flags2` = 2048, `unit_flags3` = 0, `VehicleId` = 0 WHERE `entry` = 186638;
UPDATE `creature_template` SET `faction` = 3295, `npcflag` = 0, `unit_flags` = 64, `unit_flags2` = 2048, `unit_flags3` = 0, `VehicleId` = 0 WHERE `entry` = 186783;
UPDATE `creature_template` SET `faction` = 14, `npcflag` = 0, `unit_flags` = 0, `unit_flags2` = 2048, `unit_flags3` = 1073741824, `VehicleId` = 0 WHERE `entry` = 187366;
UPDATE `creature_template` SET `faction` = 190, `npcflag` = 0, `unit_flags` = 33555200, `unit_flags2` = 67110912, `unit_flags3` = 1090519041, `VehicleId` = 0 WHERE `entry` = 187379;
UPDATE `creature_template` SET `faction` = 3288, `npcflag` = 0, `unit_flags` = 512, `unit_flags2` = 2048, `unit_flags3` = 1, `VehicleId` = 0 WHERE `entry` = 187524;
UPDATE `creature_template` SET `faction` = 35, `npcflag` = 0, `unit_flags` = 768, `unit_flags2` = 2048, `unit_flags3` = 0, `VehicleId` = 0 WHERE `entry` = 187554;
UPDATE `creature_template` SET `faction` = 3295, `npcflag` = 0, `unit_flags` = 64, `unit_flags2` = 2048, `unit_flags3` = 0, `VehicleId` = 0 WHERE `entry` = 187599;
UPDATE `creature_template` SET `faction` = 3295, `npcflag` = 0, `unit_flags` = 64, `unit_flags2` = 2048, `unit_flags3` = 0, `VehicleId` = 0 WHERE `entry` = 187600;
UPDATE `creature_template` SET `faction` = 3295, `npcflag` = 0, `unit_flags` = 64, `unit_flags2` = 2048, `unit_flags3` = 0, `VehicleId` = 0 WHERE `entry` = 187602;
UPDATE `creature_template` SET `faction` = 2944, `npcflag` = 0, `unit_flags` = 0, `unit_flags2` = 2048, `unit_flags3` = 0, `VehicleId` = 0 WHERE `entry` = 187785;
UPDATE `creature_template` SET `faction` = 35, `npcflag` = 0, `unit_flags` = 832, `unit_flags2` = 2048, `unit_flags3` = 1090519040, `VehicleId` = 0 WHERE `entry` = 187791;
UPDATE `creature_template` SET `faction` = 3295, `npcflag` = 0, `unit_flags` = 64, `unit_flags2` = 2048, `unit_flags3` = 0, `VehicleId` = 0 WHERE `entry` = 187813;
UPDATE `creature_template` SET `faction` = 3295, `npcflag` = 0, `unit_flags` = 64, `unit_flags2` = 2048, `unit_flags3` = 0, `VehicleId` = 0 WHERE `entry` = 187867;
UPDATE `creature_template` SET `faction` = 3307, `npcflag` = 0, `unit_flags` = 64, `unit_flags2` = 2048, `unit_flags3` = 0, `VehicleId` = 0 WHERE `entry` = 187868;
UPDATE `creature_template` SET `faction` = 14, `npcflag` = 0, `unit_flags` = 64, `unit_flags2` = 2048, `unit_flags3` = 0, `VehicleId` = 0 WHERE `entry` = 187919;
UPDATE `creature_template` SET `faction` = 3295, `npcflag` = 0, `unit_flags` = 0, `unit_flags2` = 2048, `unit_flags3` = 0, `VehicleId` = 0 WHERE `entry` = 189557;
UPDATE `creature_template` SET `faction` = 3306, `npcflag` = 0, `unit_flags` = 64, `unit_flags2` = 2048, `unit_flags3` = 0, `VehicleId` = 0 WHERE `entry` = 189811;
UPDATE `creature_template` SET `faction` = 16, `npcflag` = 0, `unit_flags` = 64, `unit_flags2` = 2048, `unit_flags3` = 0, `VehicleId` = 0 WHERE `entry` = 189822;
UPDATE `creature_template` SET `faction` = 14, `npcflag` = 0, `unit_flags` = 0, `unit_flags2` = 2048, `unit_flags3` = 0, `VehicleId` = 0 WHERE `entry` = 189875;
UPDATE `creature_template` SET `faction` = 35, `npcflag` = 0, `unit_flags` = 33555200, `unit_flags2` = 2048, `unit_flags3` = 1090519040, `VehicleId` = 0 WHERE `entry` = 190791;
UPDATE `creature_template` SET `faction` = 3295, `npcflag` = 0, `unit_flags` = 64, `unit_flags2` = 2048, `unit_flags3` = 0, `VehicleId` = 0 WHERE `entry` = 190983;
UPDATE `creature_template` SET `faction` = 3285, `npcflag` = 3, `unit_flags` = 64, `unit_flags2` = 2048, `unit_flags3` = 0, `VehicleId` = 0 WHERE `entry` = 191014;
UPDATE `creature_template` SET `faction` = 3295, `npcflag` = 0, `unit_flags` = 64, `unit_flags2` = 2048, `unit_flags3` = 0, `VehicleId` = 0 WHERE `entry` = 191524;
UPDATE `creature_template` SET `faction` = 190, `npcflag` = 0, `unit_flags` = 0, `unit_flags2` = 2048, `unit_flags3` = 134217728, `VehicleId` = 0 WHERE `entry` = 191628;
UPDATE `creature_template` SET `faction` = 16, `npcflag` = 0, `unit_flags` = 64, `unit_flags2` = 2048, `unit_flags3` = 0, `VehicleId` = 0 WHERE `entry` = 191940;
UPDATE `creature_template` SET `faction` = 188, `npcflag` = 0, `unit_flags` = 0, `unit_flags2` = 2048, `unit_flags3` = 0, `VehicleId` = 0 WHERE `entry` = 192137;
UPDATE `creature_template` SET `faction` = 35, `npcflag` = 0, `unit_flags` = 512, `unit_flags2` = 2048, `unit_flags3` = 1, `VehicleId` = 0 WHERE `entry` = 192323;
UPDATE `creature_template` SET `faction` = 14, `npcflag` = 0, `unit_flags` = 0, `unit_flags2` = 2048, `unit_flags3` = 1073741825, `VehicleId` = 0 WHERE `entry` = 192325;
UPDATE `creature_template` SET `faction` = 16, `npcflag` = 0, `unit_flags` = 0, `unit_flags2` = 2048, `unit_flags3` = 0, `VehicleId` = 0 WHERE `entry` = 192356;
UPDATE `creature_template` SET `faction` = 3295, `npcflag` = 0, `unit_flags` = 64, `unit_flags2` = 2048, `unit_flags3` = 0, `VehicleId` = 0 WHERE `entry` = 192371;
UPDATE `creature_template` SET `faction` = 188, `npcflag` = 0, `unit_flags` = 512, `unit_flags2` = 2048, `unit_flags3` = 0, `VehicleId` = 0 WHERE `entry` = 193001;
UPDATE `creature_template` SET `faction` = 3276, `npcflag` = 1, `unit_flags` = 832, `unit_flags2` = 2048, `unit_flags3` = 0, `VehicleId` = 7779 WHERE `entry` = 194916;
UPDATE `creature_template` SET `faction` = 3295, `npcflag` = 0, `unit_flags` = 64, `unit_flags2` = 2048, `unit_flags3` = 0, `VehicleId` = 0 WHERE `entry` = 196336;
UPDATE `creature_template` SET `faction` = 3276, `npcflag` = 0, `unit_flags` = 256, `unit_flags2` = 2048, `unit_flags3` = 1090551808, `VehicleId` = 0 WHERE `entry` = 196783;
UPDATE `creature_template` SET `faction` = 35, `npcflag` = 0, `unit_flags` = 33555200, `unit_flags2` = 67110912, `unit_flags3` = 1073741825, `VehicleId` = 0 WHERE `entry` = 196814;
UPDATE `creature_template` SET `faction` = 190, `npcflag` = 16777216, `unit_flags` = 768, `unit_flags2` = 2048, `unit_flags3` = 1090519041, `VehicleId` = 0 WHERE `entry` = 197395;
UPDATE `creature_template` SET `faction` = 3285, `npcflag` = 0, `unit_flags` = 0, `unit_flags2` = 2048, `unit_flags3` = 0, `VehicleId` = 0 WHERE `entry` = 199020;
UPDATE `creature_template` SET `faction` = 3295, `npcflag` = 0, `unit_flags` = 0, `unit_flags2` = 2048, `unit_flags3` = 0, `VehicleId` = 0 WHERE `entry` = 199298;
UPDATE `creature_template` SET `faction` = 35, `npcflag` = 1, `unit_flags` = 0, `unit_flags2` = 0, `unit_flags3` = 0, `VehicleId` = 0 WHERE `entry` = 213636;

-- creature template difficulty
UPDATE `creature_template_difficulty` SET `ContentTuningID` = 2151, `StaticFlags1` = 805306368, `StaticFlags2` = 0, `StaticFlags3` = 0 WHERE `Entry` = 181763;
UPDATE `creature_template_difficulty` SET `ContentTuningID` = 2270, `StaticFlags1` = 268435456, `StaticFlags2` = 0, `StaticFlags3` = 0 WHERE `Entry` = 186109;
UPDATE `creature_template_difficulty` SET `ContentTuningID` = 2078, `StaticFlags1` = 268435456, `StaticFlags2` = 0, `StaticFlags3` = 262144 WHERE `Entry` = 186451;
UPDATE `creature_template_difficulty` SET `ContentTuningID` = 2270, `StaticFlags1` = 268435456, `StaticFlags2` = 0, `StaticFlags3` = 0 WHERE `Entry` = 186638;
UPDATE `creature_template_difficulty` SET `ContentTuningID` = 2287, `StaticFlags1` = 268435456, `StaticFlags2` = 0, `StaticFlags3` = 0 WHERE `Entry` = 186783;
UPDATE `creature_template_difficulty` SET `ContentTuningID` = 2305, `StaticFlags1` = 805306624, `StaticFlags2` = 0, `StaticFlags3` = 0 WHERE `Entry` = 187366;
UPDATE `creature_template_difficulty` SET `ContentTuningID` = 837, `StaticFlags1` = 536871168, `StaticFlags2` = 0, `StaticFlags3` = 33554432 WHERE `Entry` = 187379;
UPDATE `creature_template_difficulty` SET `ContentTuningID` = 2150, `StaticFlags1` = 536870912, `StaticFlags2` = 0, `StaticFlags3` = 0 WHERE `Entry` = 187524;
UPDATE `creature_template_difficulty` SET `ContentTuningID` = 2151, `StaticFlags1` = 0, `StaticFlags2` = 0, `StaticFlags3` = 0 WHERE `Entry` = 187554;
UPDATE `creature_template_difficulty` SET `ContentTuningID` = 2287, `StaticFlags1` = 268435456, `StaticFlags2` = 0, `StaticFlags3` = 0 WHERE `Entry` = 187599;
UPDATE `creature_template_difficulty` SET `ContentTuningID` = 2287, `StaticFlags1` = 268435456, `StaticFlags2` = 0, `StaticFlags3` = 0 WHERE `Entry` = 187600;
UPDATE `creature_template_difficulty` SET `ContentTuningID` = 2287, `StaticFlags1` = 805306624, `StaticFlags2` = 0, `StaticFlags3` = 0 WHERE `Entry` = 187602;
UPDATE `creature_template_difficulty` SET `ContentTuningID` = 2305, `StaticFlags1` = 268435456, `StaticFlags2` = 0, `StaticFlags3` = 0 WHERE `Entry` = 187785;
UPDATE `creature_template_difficulty` SET `ContentTuningID` = 2151, `StaticFlags1` = 805306624, `StaticFlags2` = 0, `StaticFlags3` = 0 WHERE `Entry` = 187791;
UPDATE `creature_template_difficulty` SET `ContentTuningID` = 2305, `StaticFlags1` = 268435456, `StaticFlags2` = 0, `StaticFlags3` = 0 WHERE `Entry` = 187813;
UPDATE `creature_template_difficulty` SET `ContentTuningID` = 2305, `StaticFlags1` = 268435456, `StaticFlags2` = 0, `StaticFlags3` = 0 WHERE `Entry` = 187867;
UPDATE `creature_template_difficulty` SET `ContentTuningID` = 2305, `StaticFlags1` = 268435456, `StaticFlags2` = 0, `StaticFlags3` = 0 WHERE `Entry` = 187868;
UPDATE `creature_template_difficulty` SET `ContentTuningID` = 2305, `StaticFlags1` = 268435456, `StaticFlags2` = 0, `StaticFlags3` = 0 WHERE `Entry` = 187919;
UPDATE `creature_template_difficulty` SET `ContentTuningID` = 2151, `StaticFlags1` = 268435456, `StaticFlags2` = 0, `StaticFlags3` = 0 WHERE `Entry` = 189557;
UPDATE `creature_template_difficulty` SET `ContentTuningID` = 2289, `StaticFlags1` = 268435456, `StaticFlags2` = 0, `StaticFlags3` = 0 WHERE `Entry` = 189811;
UPDATE `creature_template_difficulty` SET `ContentTuningID` = 2603, `StaticFlags1` = 268435456, `StaticFlags2` = 0, `StaticFlags3` = 0 WHERE `Entry` = 189822;
UPDATE `creature_template_difficulty` SET `ContentTuningID` = 2289, `StaticFlags1` = 268435456, `StaticFlags2` = 0, `StaticFlags3` = 0 WHERE `Entry` = 189875;
UPDATE `creature_template_difficulty` SET `ContentTuningID` = 2275, `StaticFlags1` = 536871168, `StaticFlags2` = 0, `StaticFlags3` = 0 WHERE `Entry` = 190791;
UPDATE `creature_template_difficulty` SET `ContentTuningID` = 2287, `StaticFlags1` = 268435456, `StaticFlags2` = 0, `StaticFlags3` = 0 WHERE `Entry` = 190983;
UPDATE `creature_template_difficulty` SET `ContentTuningID` = 2078, `StaticFlags1` = 268435456, `StaticFlags2` = 0, `StaticFlags3` = 0 WHERE `Entry` = 191014;
UPDATE `creature_template_difficulty` SET `ContentTuningID` = 2151, `StaticFlags1` = 268435456, `StaticFlags2` = 0, `StaticFlags3` = 0 WHERE `Entry` = 191524;
UPDATE `creature_template_difficulty` SET `ContentTuningID` = 2151, `StaticFlags1` = 268435456, `StaticFlags2` = 0, `StaticFlags3` = 0 WHERE `Entry` = 191628;
UPDATE `creature_template_difficulty` SET `ContentTuningID` = 2270, `StaticFlags1` = 268435456, `StaticFlags2` = 0, `StaticFlags3` = 0 WHERE `Entry` = 191940;
UPDATE `creature_template_difficulty` SET `ContentTuningID` = 81, `StaticFlags1` = 268435456, `StaticFlags2` = 0, `StaticFlags3` = 0 WHERE `Entry` = 192137;
UPDATE `creature_template_difficulty` SET `ContentTuningID` = 2150, `StaticFlags1` = 536870912, `StaticFlags2` = 0, `StaticFlags3` = 0 WHERE `Entry` = 192323;
UPDATE `creature_template_difficulty` SET `ContentTuningID` = 2287, `StaticFlags1` = 805306624, `StaticFlags2` = 0, `StaticFlags3` = 0 WHERE `Entry` = 192325;
UPDATE `creature_template_difficulty` SET `ContentTuningID` = 2151, `StaticFlags1` = 268435456, `StaticFlags2` = 0, `StaticFlags3` = 0 WHERE `Entry` = 192356;
UPDATE `creature_template_difficulty` SET `ContentTuningID` = 2287, `StaticFlags1` = 268435456, `StaticFlags2` = 0, `StaticFlags3` = 0 WHERE `Entry` = 192371;
UPDATE `creature_template_difficulty` SET `ContentTuningID` = 371, `StaticFlags1` = 268435456, `StaticFlags2` = 0, `StaticFlags3` = 0 WHERE `Entry` = 193001;
UPDATE `creature_template_difficulty` SET `ContentTuningID` = 2151, `StaticFlags1` = 268435456, `StaticFlags2` = 0, `StaticFlags3` = 0 WHERE `Entry` = 194916;
UPDATE `creature_template_difficulty` SET `ContentTuningID` = 2287, `StaticFlags1` = 268435456, `StaticFlags2` = 0, `StaticFlags3` = 0 WHERE `Entry` = 196336;
UPDATE `creature_template_difficulty` SET `ContentTuningID` = 2151, `StaticFlags1` = 536871168, `StaticFlags2` = 0, `StaticFlags3` = 33554432 WHERE `Entry` = 196783;
UPDATE `creature_template_difficulty` SET `ContentTuningID` = 2078, `StaticFlags1` = 536871168, `StaticFlags2` = 0, `StaticFlags3` = 0 WHERE `Entry` = 196814;
UPDATE `creature_template_difficulty` SET `ContentTuningID` = 837, `StaticFlags1` = 536871168, `StaticFlags2` = 0, `StaticFlags3` = 33554432 WHERE `Entry` = 197395;
UPDATE `creature_template_difficulty` SET `ContentTuningID` = 2078, `StaticFlags1` = 268435456, `StaticFlags2` = 0, `StaticFlags3` = 0 WHERE `Entry` = 199020;
UPDATE `creature_template_difficulty` SET `ContentTuningID` = 2305, `StaticFlags1` = 268435456, `StaticFlags2` = 0, `StaticFlags3` = 0 WHERE `Entry` = 199298;
UPDATE `creature_template_difficulty` SET `ContentTuningID` = 2702, `StaticFlags1` = 268435456, `StaticFlags2` = 0, `StaticFlags3` = 0 WHERE `Entry` = 213636;
