-- DB/WakingShores Map 2444 (Dragon Isles) Zone: 13644 (The Waking Shores) Area: 13725 (Life Vault Ruins)

SET @CGUID := 9010300;
SET @OGUID := 9010300;

-- creature
DELETE FROM `creature` WHERE `guid` BETWEEN @CGUID+1 AND @CGUID+160;
INSERT INTO `creature` (`guid`, `id`, `map`, `zoneId`, `areaId`, `spawnDifficulties`, `phaseUseFlags`, `PhaseId`, `PhaseGroup`, `terrainSwapMap`, `modelid`, `equipment_id`, `position_x`, `position_y`, `position_z`, `orientation`, `spawntimesecs`, `wander_distance`, `currentwaypoint`, `curHealthPct`, `MovementType`, `npcflag`, `unit_flags`, `unit_flags2`, `unit_flags3`, `ScriptName`, `StringId`, `VerifiedBuild`) VALUES 
(@CGUID+1, 190363, 2444, 13644, 13725, '0', 0, 0, 0, -1, 0, 0, 2339.51, -644.075, 38.5067, 0, 7200, 0, 0, 100, 0, NULL, NULL, NULL, NULL, '', NULL, 59466),
(@CGUID+2, 194136, 2444, 13644, 13725, '0', 0, 0, 0, -1, 0, 0, 2252.77, -567.889, 61.7833, 6.09656, 7200, 0, 0, 100, 0, NULL, NULL, NULL, NULL, '', NULL, 59466),
(@CGUID+3, 191809, 2444, 13644, 13725, '0', 0, 0, 0, -1, 0, 0, 2311.46, -530.19, 58.7841, 3.94473, 7200, 10, 0, 100, 1, NULL, NULL, NULL, NULL, '', NULL, 59466),
(@CGUID+4, 191809, 2444, 13644, 13725, '0', 0, 0, 0, -1, 0, 0, 2313.4, -535.391, 57.2994, 1.00292, 7200, 10, 0, 100, 1, NULL, NULL, NULL, NULL, '', NULL, 59466),
(@CGUID+5, 192186, 2444, 13644, 13725, '0', 0, 0, 0, -1, 0, 0, 2302.34, -531.243, 96.7975, 5.33106, 7200, 0, 0, 100, 0, NULL, NULL, NULL, NULL, '', NULL, 59466),
(@CGUID+6, 188735, 2444, 13644, 13725, '0', 0, 0, 0, -1, 0, 0, 2279.96, -616.101, 51.6874, 1.81757, 7200, 0, 0, 100, 0, NULL, NULL, NULL, NULL, '', NULL, 59466),
(@CGUID+7, 191809, 2444, 13644, 13725, '0', 0, 0, 0, -1, 0, 0, 2309.76, -525.435, 62.4016, 4.40128, 7200, 10, 0, 100, 1, NULL, NULL, NULL, NULL, '', NULL, 59466),
(@CGUID+8, 193164, 2444, 13644, 13725, '0', 0, 0, 0, -1, 0, 0, 2320.17, -529.156, 54.5343, 5.8188, 7200, 0, 0, 100, 0, NULL, NULL, NULL, NULL, '', NULL, 59466),
(@CGUID+9, 193164, 2444, 13644, 13725, '0', 0, 0, 0, -1, 0, 0, 2317.7, -535.658, 54.5572, 6.22573, 7200, 0, 0, 100, 0, NULL, NULL, NULL, NULL, '', NULL, 59466),
(@CGUID+10, 192186, 2444, 13644, 13725, '0', 0, 0, 0, -1, 0, 0, 2318.15, -524.061, 89.6058, 0.0439203, 7200, 10, 0, 100, 1, NULL, NULL, NULL, NULL, '', NULL, 59466),
(@CGUID+11, 192484, 2444, 13644, 13725, '0', 0, 0, 0, -1, 0, 0, 2321.14, -533.648, 54.5342, 5.8441, 7200, 0, 0, 100, 0, NULL, NULL, NULL, NULL, '', NULL, 59466),
(@CGUID+12, 184812, 2444, 13644, 13725, '0', 0, 0, 0, -1, 0, 0, 2358.99, -612.701, 52.5582, 0, 7200, 10, 0, 100, 1, NULL, NULL, NULL, NULL, '', NULL, 59466),
(@CGUID+13, 192059, 2444, 13644, 13725, '0', 0, 0, 0, -1, 0, 0, 2227.82, -508.639, 4.66715, 3.87576, 7200, 0, 0, 100, 0, NULL, NULL, NULL, NULL, '', NULL, 59466),
(@CGUID+14, 192103, 2444, 13644, 13725, '0', 0, 0, 0, -1, 0, 0, 2355.21, -560.539, 55.3205, 5.07803, 7200, 10, 0, 100, 1, NULL, NULL, NULL, NULL, '', NULL, 59466),
(@CGUID+15, 193174, 2444, 13644, 13725, '0', 0, 0, 0, -1, 0, 0, 2356.55, -621.196, 54.3351, 0, 7200, 0, 0, 100, 0, NULL, NULL, NULL, NULL, '', NULL, 59466),
(@CGUID+16, 193281, 2444, 13644, 13725, '0', 0, 0, 0, -1, 0, 0, 2359.79, -611.2, 52.6416, 5.57252, 7200, 0, 0, 100, 0, NULL, NULL, NULL, NULL, '', NULL, 59466),
(@CGUID+17, 191792, 2444, 13644, 13725, '0', 0, 0, 0, -1, 0, 0, 2342.01, -528.68, 51.9712, 3.65193, 7200, 10, 0, 100, 1, NULL, NULL, NULL, NULL, '', NULL, 59466),
(@CGUID+18, 191792, 2444, 13644, 13725, '0', 0, 0, 0, -1, 0, 0, 2300.25, -472.193, 25.9814, 2.69717, 7200, 10, 0, 100, 1, NULL, NULL, NULL, NULL, '', NULL, 59466),
(@CGUID+19, 192186, 2444, 13644, 13725, '0', 0, 0, 0, -1, 0, 0, 2372.71, -548.221, 90.0914, 0.34464, 7200, 10, 0, 100, 1, NULL, NULL, NULL, NULL, '', NULL, 59466),
(@CGUID+20, 193237, 2444, 13644, 13725, '0', 0, 0, 0, -1, 0, 0, 2361.89, -618.406, 54.5918, 3.73744, 7200, 0, 0, 100, 0, NULL, NULL, NULL, NULL, '', NULL, 59466),
(@CGUID+21, 189554, 2444, 13644, 13725, '0', 0, 0, 0, -1, 0, 0, 2370.33, -587.44, 61.0651, 4.51097, 7200, 10, 0, 100, 1, NULL, NULL, NULL, NULL, '', NULL, 59466),
(@CGUID+22, 192186, 2444, 13644, 13725, '0', 0, 0, 0, -1, 0, 0, 2378.26, -570.045, 70.4411, 3.51155, 7200, 0, 0, 100, 0, NULL, NULL, NULL, NULL, '', NULL, 59466),
(@CGUID+23, 189069, 2444, 13644, 13725, '0', 0, 0, 0, -1, 0, 0, 2385.14, -582.918, 63.871, 4.76909, 7200, 0, 0, 100, 0, NULL, NULL, NULL, NULL, '', NULL, 59466),
(@CGUID+24, 194394, 2444, 13644, 13725, '0', 0, 0, 0, -1, 0, 0, 2389.4, -568.707, 64.0226, 3.06522, 7200, 0, 0, 100, 0, NULL, NULL, NULL, NULL, '', NULL, 59466),
(@CGUID+25, 193013, 2444, 13644, 13725, '0', 0, 0, 0, -1, 0, 0, 2382.7, -587.707, 63.3702, 2.88035, 7200, 0, 0, 100, 0, NULL, NULL, NULL, NULL, '', NULL, 59466),
(@CGUID+26, 191809, 2444, 13644, 13725, '0', 0, 0, 0, -1, 0, 0, 2353.04, -485.723, 58.2282, 2.73252, 7200, 10, 0, 100, 1, NULL, NULL, NULL, NULL, '', NULL, 59466),
(@CGUID+27, 191809, 2444, 13644, 13725, '0', 0, 0, 0, -1, 0, 0, 2360.61, -487.017, 59.2611, 1.7746, 7200, 10, 0, 100, 1, NULL, NULL, NULL, NULL, '', NULL, 59466),
(@CGUID+28, 184813, 2444, 13644, 13725, '0', 0, 0, 0, -1, 0, 0, 2382.68, -562.066, 63.3455, 0.431786, 7200, 0, 0, 100, 0, NULL, NULL, NULL, NULL, '', NULL, 59466),
(@CGUID+29, 187393, 2444, 13644, 13725, '0', 0, 0, 0, -1, 0, 0, 2390.07, -649.688, 70.8062, 2.23053, 7200, 10, 0, 100, 1, NULL, NULL, NULL, NULL, '', NULL, 59466),
(@CGUID+30, 187393, 2444, 13644, 13725, '0', 0, 0, 0, -1, 0, 0, 2393.95, -642.149, 70.0874, 2.44123, 7200, 10, 0, 100, 1, NULL, NULL, NULL, NULL, '', NULL, 59466),
(@CGUID+31, 191792, 2444, 13644, 13725, '0', 0, 0, 0, -1, 0, 0, 2383.96, -534.174, 58.505, 4.99001, 7200, 10, 0, 100, 1, NULL, NULL, NULL, NULL, '', NULL, 59466),
(@CGUID+32, 187196, 2444, 13644, 13725, '0', 0, 0, 0, -1, 0, 0, 2378.74, -589.618, 63.0864, 0.192512, 7200, 0, 0, 100, 0, NULL, NULL, NULL, NULL, '', NULL, 59466),
(@CGUID+33, 187193, 2444, 13644, 13725, '0', 0, 0, 0, -1, 0, 0, 2386.2, -560.444, 63.6194, 3.57338, 7200, 0, 0, 100, 0, NULL, NULL, NULL, NULL, '', NULL, 59466),
(@CGUID+34, 191792, 2444, 13644, 13725, '0', 0, 0, 0, -1, 0, 0, 2381.95, -596.01, 63.0246, 0.126599, 7200, 10, 0, 100, 1, NULL, NULL, NULL, NULL, '', NULL, 59466),
(@CGUID+35, 192186, 2444, 13644, 13725, '0', 0, 0, 0, -1, 0, 0, 2350.43, -628.401, 91.2663, 2.00951, 7200, 0, 0, 100, 0, NULL, NULL, NULL, NULL, '', NULL, 59466),
(@CGUID+36, 189069, 2444, 13644, 13725, '0', 0, 0, 0, -1, 0, 0, 2382.1, -578.271, 63.3663, 3.38998, 7200, 0, 0, 100, 0, NULL, NULL, NULL, NULL, '', NULL, 59466),
(@CGUID+37, 189070, 2444, 13644, 13725, '0', 0, 0, 0, -1, 0, 0, 2380.7, -578.833, 63.2092, 0.382673, 7200, 0, 0, 100, 0, NULL, NULL, NULL, NULL, '', NULL, 59466),
(@CGUID+38, 191817, 2444, 13644, 13725, '0', 0, 0, 0, -1, 0, 0, 2324.83, -444.277, 18.8929, 1.30798, 7200, 10, 0, 100, 1, NULL, NULL, NULL, NULL, '', NULL, 59466),
(@CGUID+39, 191809, 2444, 13644, 13725, '0', 0, 0, 0, -1, 0, 0, 2388.35, -472.295, 60.2578, 0.291168, 7200, 10, 0, 100, 1, NULL, NULL, NULL, NULL, '', NULL, 59466),
(@CGUID+40, 189149, 2444, 13644, 13725, '0', 0, 0, 0, -1, 0, 0, 2436.4, -608.774, 28.7203, 3.89784, 7200, 0, 0, 100, 0, NULL, NULL, NULL, NULL, '', NULL, 59466),
(@CGUID+41, 191624, 2444, 13644, 13725, '0', 0, 0, 0, -1, 0, 0, 2393.59, -427.467, 25.2517, 1.78087, 7200, 0, 0, 100, 0, NULL, NULL, NULL, NULL, '', NULL, 59466),
(@CGUID+42, 192103, 2444, 13644, 13725, '0', 0, 0, 0, -1, 0, 0, 2381.83, -456.303, 60.0715, 0.795046, 7200, 10, 0, 100, 1, NULL, NULL, NULL, NULL, '', NULL, 59466),
(@CGUID+43, 191624, 2444, 13644, 13725, '0', 0, 0, 0, -1, 0, 0, 2434.44, -464.873, -0.194705, 2.83259, 7200, 0, 0, 100, 0, NULL, NULL, NULL, NULL, '', NULL, 59466),
(@CGUID+44, 191817, 2444, 13644, 13725, '0', 0, 0, 0, -1, 0, 0, 2418.9, -523.481, 79.6629, 4.08227, 7200, 10, 0, 100, 1, NULL, NULL, NULL, NULL, '', NULL, 59466),
(@CGUID+45, 189089, 2444, 13644, 13725, '0', 0, 0, 0, -1, 0, 0, 2350.76, -641.205, 77.5319, 0, 7200, 0, 0, 100, 0, NULL, NULL, NULL, NULL, '', NULL, 59466),
(@CGUID+46, 189795, 2444, 13644, 13725, '0', 0, 0, 0, -1, 0, 0, 2383.41, -639.493, 69.8093, 6.07783, 7200, 0, 0, 100, 0, NULL, NULL, NULL, NULL, '', NULL, 59466),
(@CGUID+47, 189795, 2444, 13644, 13725, '0', 0, 0, 0, -1, 0, 0, 2379.09, -641.566, 70.2316, 2.21759, 7200, 10, 0, 100, 1, NULL, NULL, NULL, NULL, '', NULL, 59466),
(@CGUID+48, 189795, 2444, 13644, 13725, '0', 0, 0, 0, -1, 0, 0, 2385.14, -646.038, 70.6358, 0.7135, 7200, 10, 0, 100, 1, NULL, NULL, NULL, NULL, '', NULL, 59466),
(@CGUID+49, 190363, 2444, 13644, 13725, '0', 0, 0, 0, -1, 0, 0, 2345.5, -656.34, 35.8223, 0, 7200, 0, 0, 100, 0, NULL, NULL, NULL, NULL, '', NULL, 59466),
(@CGUID+50, 189752, 2444, 13644, 13725, '0', 0, 0, 0, -1, 0, 0, 2354.94, -668.653, 29.1373, 0, 7200, 0, 0, 100, 0, NULL, NULL, NULL, NULL, '', NULL, 59466),
(@CGUID+51, 189752, 2444, 13644, 13725, '0', 0, 0, 0, -1, 0, 0, 2362.86, -666.703, 29.8015, 0.157809, 7200, 0, 0, 100, 0, NULL, NULL, NULL, NULL, '', NULL, 59466),
(@CGUID+52, 191817, 2444, 13644, 13725, '0', 0, 0, 0, -1, 0, 0, 2429.28, -600.036, 97.5739, 3.63119, 7200, 0, 0, 100, 0, NULL, NULL, NULL, NULL, '', NULL, 59466),
(@CGUID+53, 189783, 2444, 13644, 13725, '0', 0, 0, 0, -1, 0, 0, 2350.75, -674.509, 34.2835, 1.88373, 7200, 0, 0, 100, 0, NULL, NULL, NULL, NULL, '', NULL, 59466),
(@CGUID+54, 189898, 2444, 13644, 13725, '0', 0, 0, 0, -1, 0, 0, 2395.32, -648.84, 28.3132, 0.837758, 7200, 0, 0, 100, 0, NULL, NULL, NULL, NULL, '', NULL, 59466),
(@CGUID+55, 188503, 2444, 13644, 13725, '0', 0, 0, 0, -1, 0, 0, 2387.28, -657.274, 28.2292, 4.64606, 7200, 0, 0, 100, 0, NULL, NULL, NULL, NULL, '', NULL, 59466),
(@CGUID+56, 189089, 2444, 13644, 13725, '0', 0, 0, 0, -1, 0, 0, 2420.15, -618.899, 82.9181, 4.18325, 7200, 0, 0, 100, 0, NULL, NULL, NULL, NULL, '', NULL, 59466),
(@CGUID+57, 187393, 2444, 13644, 13725, '0', 0, 0, 0, -1, 0, 0, 2376.02, -709.589, 26.5716, 0, 7200, 0, 0, 100, 0, NULL, NULL, NULL, NULL, '', NULL, 59466),
(@CGUID+58, 192186, 2444, 13644, 13725, '0', 0, 0, 0, -1, 0, 0, 2340.38, -669.292, 96.0174, 1.50122, 7200, 10, 0, 100, 1, NULL, NULL, NULL, NULL, '', NULL, 59466),
(@CGUID+59, 189784, 2444, 13644, 13725, '0', 0, 0, 0, -1, 0, 0, 2368.11, -674.205, 26.4025, 4.03889, 7200, 0, 0, 100, 0, NULL, NULL, NULL, NULL, '', NULL, 59466),
(@CGUID+60, 189795, 2444, 13644, 13725, '0', 0, 0, 0, -1, 0, 0, 2367.98, -676.656, 26.3874, 0.969907, 7200, 0, 0, 100, 0, NULL, NULL, NULL, NULL, '', NULL, 59466),
(@CGUID+61, 188053, 2444, 13644, 13725, '0', 0, 0, 0, -1, 0, 0, 2390.41, -660.74, 28.2359, 3.28578, 7200, 0, 0, 100, 0, NULL, NULL, NULL, NULL, '', NULL, 59466),
(@CGUID+62, 191817, 2444, 13644, 13725, '0', 0, 0, 0, -1, 0, 0, 2359.97, -671.908, 27.9034, 3.40079, 7200, 10, 0, 100, 1, NULL, NULL, NULL, NULL, '', NULL, 59466),
(@CGUID+63, 189795, 2444, 13644, 13725, '0', 0, 0, 0, -1, 0, 0, 2365.24, -676.302, 26.4359, 0.511965, 7200, 0, 0, 100, 0, NULL, NULL, NULL, NULL, '', NULL, 59466),
(@CGUID+64, 189783, 2444, 13644, 13725, '0', 0, 0, 0, -1, 0, 0, 2420.42, -642.991, 109.234, 5.3482, 7200, 0, 0, 100, 0, NULL, NULL, NULL, NULL, '', NULL, 59466),
(@CGUID+65, 189785, 2444, 13644, 13725, '0', 0, 0, 0, -1, 0, 0, 2421.87, -644.46, 109.232, 2.35143, 7200, 0, 0, 100, 0, NULL, NULL, NULL, NULL, '', NULL, 59466),
(@CGUID+66, 189785, 2444, 13644, 13725, '0', 0, 0, 0, -1, 0, 0, 2374.24, -679.996, 26.3499, 4.02552, 7200, 0, 0, 100, 0, NULL, NULL, NULL, NULL, '', NULL, 59466),
(@CGUID+67, 189795, 2444, 13644, 13725, '0', 0, 0, 0, -1, 0, 0, 2373.17, -682.328, 26.4066, 1.21819, 7200, 0, 0, 100, 0, NULL, NULL, NULL, NULL, '', NULL, 59466),
(@CGUID+68, 192186, 2444, 13644, 13725, '0', 0, 0, 0, -1, 0, 0, 2419.9, -637.668, 136.468, 3.51155, 7200, 0, 0, 100, 0, NULL, NULL, NULL, NULL, '', NULL, 59466),
(@CGUID+69, 187393, 2444, 13644, 13725, '0', 0, 0, 0, -1, 0, 0, 2428.49, -714.064, 33.0119, 1.0541, 7200, 0, 0, 100, 0, NULL, NULL, NULL, NULL, '', NULL, 59466),
(@CGUID+70, 189089, 2444, 13644, 13725, '0', 0, 0, 0, -1, 0, 0, 2448.46, -681.208, 60.5787, 2.02376, 7200, 0, 0, 100, 0, NULL, NULL, NULL, NULL, '', NULL, 59466),
(@CGUID+71, 187393, 2444, 13644, 13725, '0', 0, 0, 0, -1, 0, 0, 2360.7, -749.222, 32.4212, 3.13727, 7200, 10, 0, 100, 1, NULL, NULL, NULL, NULL, '', NULL, 59466),
(@CGUID+72, 189752, 2444, 13644, 13725, '0', 0, 0, 0, -1, 0, 0, 2379.48, -705.615, 27.8426, 0, 7200, 0, 0, 100, 0, NULL, NULL, NULL, NULL, '', NULL, 59466),
(@CGUID+73, 189795, 2444, 13644, 13725, '0', 0, 0, 0, -1, 0, 0, 2407.15, -719.903, 33.5464, 1.89946, 7200, 10, 0, 100, 1, NULL, NULL, NULL, NULL, '', NULL, 59466),
(@CGUID+74, 192186, 2444, 13644, 13725, '0', 0, 0, 0, -1, 0, 0, 2411.67, -666.77, 148.291, 3.78153, 7200, 0, 0, 100, 0, NULL, NULL, NULL, NULL, '', NULL, 59466),
(@CGUID+75, 189752, 2444, 13644, 13725, '0', 0, 0, 0, -1, 0, 0, 2378.73, -712.403, 27.7453, 1.1878, 7200, 0, 0, 100, 0, NULL, NULL, NULL, NULL, '', NULL, 59466),
(@CGUID+76, 189795, 2444, 13644, 13725, '0', 0, 0, 0, -1, 0, 0, 2399.76, -719.843, 34.2877, 1.46407, 7200, 10, 0, 100, 1, NULL, NULL, NULL, NULL, '', NULL, 59466),
(@CGUID+77, 187393, 2444, 13644, 13725, '0', 0, 0, 0, -1, 0, 0, 2312.8, -739.83, 34.7417, 0.848616, 7200, 10, 0, 100, 1, NULL, NULL, NULL, NULL, '', NULL, 59466),
(@CGUID+78, 187393, 2444, 13644, 13725, '0', 0, 0, 0, -1, 0, 0, 2325.27, -755.731, 35.5489, 2.17592, 7200, 0, 0, 100, 0, NULL, NULL, NULL, NULL, '', NULL, 59466),
(@CGUID+79, 189752, 2444, 13644, 13725, '0', 0, 0, 0, -1, 0, 0, 2336.26, -719.882, 31.7977, 5.41177, 7200, 0, 0, 100, 0, NULL, NULL, NULL, NULL, '', NULL, 59466),
(@CGUID+80, 189795, 2444, 13644, 13725, '0', 0, 0, 0, -1, 0, 0, 2404.71, -723.194, 33.6208, 3.17406, 7200, 10, 0, 100, 1, NULL, NULL, NULL, NULL, '', NULL, 59466),
(@CGUID+81, 191817, 2444, 13644, 13725, '0', 0, 0, 0, -1, 0, 0, 2346.35, -720.834, 26.1916, 0.0816847, 7200, 10, 0, 100, 1, NULL, NULL, NULL, NULL, '', NULL, 59466),
(@CGUID+82, 191817, 2444, 13644, 13725, '0', 0, 0, 0, -1, 0, 0, 2440.68, -707.145, 37.0772, 5.45929, 7200, 10, 0, 100, 1, NULL, NULL, NULL, NULL, '', NULL, 59466),
(@CGUID+83, 189089, 2444, 13644, 13725, '0', 0, 0, 0, -1, 0, 0, 2366.6, -739.264, 35.0376, 3.11758, 7200, 0, 0, 100, 0, NULL, NULL, NULL, NULL, '', NULL, 59466),
(@CGUID+84, 191645, 2444, 13644, 13725, '0', 0, 0, 0, -1, 0, 0, 2510.26, -644.396, 210.453, 2.60392, 7200, 0, 0, 100, 0, NULL, NULL, NULL, NULL, '', NULL, 59466),
(@CGUID+85, 187393, 2444, 13644, 13725, '0', 0, 0, 0, -1, 0, 0, 2348.55, -775.889, 31.9051, 1.8232, 7200, 0, 0, 100, 0, NULL, NULL, NULL, NULL, '', NULL, 59466),
(@CGUID+86, 192186, 2444, 13644, 13725, '0', 0, 0, 0, -1, 0, 0, 2313.88, -706.211, 76.1105, 1.10262, 7200, 10, 0, 100, 1, NULL, NULL, NULL, NULL, '', NULL, 59466),
(@CGUID+87, 187393, 2444, 13644, 13725, '0', 0, 0, 0, -1, 0, 0, 2397.72, -786.717, 38.6849, 4.38812, 7200, 0, 0, 100, 0, NULL, NULL, NULL, NULL, '', NULL, 59466),
(@CGUID+88, 189795, 2444, 13644, 13725, '0', 0, 0, 0, -1, 0, 0, 2454.49, -738.512, 39.8154, 4.57807, 7200, 10, 0, 100, 1, NULL, NULL, NULL, NULL, '', NULL, 59466),
(@CGUID+89, 189089, 2444, 13644, 13725, '0', 0, 0, 0, -1, 0, 0, 2451.86, -742.221, 40.1329, 3.13068, 7200, 0, 0, 100, 0, NULL, NULL, NULL, NULL, '', NULL, 59466),
(@CGUID+90, 187393, 2444, 13644, 13725, '0', 0, 0, 0, -1, 0, 0, 2471.55, -776.326, 51.4291, 1.49053, 7200, 0, 0, 100, 0, NULL, NULL, NULL, NULL, '', NULL, 59466),
(@CGUID+91, 189795, 2444, 13644, 13725, '0', 0, 0, 0, -1, 0, 0, 2448.43, -743.44, 39.1333, 5.50665, 7200, 10, 0, 100, 1, NULL, NULL, NULL, NULL, '', NULL, 59466),
(@CGUID+92, 192186, 2444, 13644, 13725, '0', 0, 0, 0, -1, 0, 0, 2403.37, -766.835, 72.7397, 4.79524, 7200, 10, 0, 100, 1, NULL, NULL, NULL, NULL, '', NULL, 59466),
(@CGUID+93, 189795, 2444, 13644, 13725, '0', 0, 0, 0, -1, 0, 0, 2455.83, -736.705, 39.5351, 0.906076, 7200, 10, 0, 100, 1, NULL, NULL, NULL, NULL, '', NULL, 59466),
(@CGUID+94, 189795, 2444, 13644, 13725, '0', 0, 0, 0, -1, 0, 0, 2450.76, -747.062, 40.8555, 0.84893, 7200, 10, 0, 100, 1, NULL, NULL, NULL, NULL, '', NULL, 59466),
(@CGUID+95, 187393, 2444, 13644, 13725, '0', 0, 0, 0, -1, 0, 0, 2294.99, -756.476, 38.2133, 3.83304, 7200, 0, 0, 100, 0, NULL, NULL, NULL, NULL, '', NULL, 59466),
(@CGUID+96, 189795, 2444, 13644, 13725, '0', 0, 0, 0, -1, 0, 0, 2344.25, -768.323, 33.5416, 4.62748, 7200, 10, 0, 100, 1, NULL, NULL, NULL, NULL, '', NULL, 59466),
(@CGUID+97, 187948, 2444, 13644, 13725, '0', 0, 0, 0, -1, 0, 0, 2445.41, -835.643, 4.10581, 3.80988, 7200, 10, 0, 100, 1, NULL, NULL, NULL, NULL, '', NULL, 59466),
(@CGUID+98, 189795, 2444, 13644, 13725, '0', 0, 0, 0, -1, 0, 0, 2471.23, -765.967, 51.1049, 0.817683, 7200, 10, 0, 100, 1, NULL, NULL, NULL, NULL, '', NULL, 59466),
(@CGUID+99, 189795, 2444, 13644, 13725, '0', 0, 0, 0, -1, 0, 0, 2472.55, -772.527, 51.3477, 3.07509, 7200, 10, 0, 100, 1, NULL, NULL, NULL, NULL, '', NULL, 59466),
(@CGUID+100, 189795, 2444, 13644, 13725, '0', 0, 0, 0, -1, 0, 0, 2345.83, -768.75, 33.1106, 0.316312, 7200, 10, 0, 100, 1, NULL, NULL, NULL, NULL, '', NULL, 59466),
(@CGUID+101, 191809, 2444, 13644, 13725, '0', 0, 0, 0, -1, 0, 0, 2460.06, -774.511, 54.0175, 3.70492, 7200, 10, 0, 100, 1, NULL, NULL, NULL, NULL, '', NULL, 59466),
(@CGUID+102, 192186, 2444, 13644, 13725, '0', 0, 0, 0, -1, 0, 0, 2504.46, -743.58, 74.0237, 5.33541, 7200, 10, 0, 100, 1, NULL, NULL, NULL, NULL, '', NULL, 59466),
(@CGUID+103, 189089, 2444, 13644, 13725, '0', 0, 0, 0, -1, 0, 0, 2392.71, -787.727, 38.6487, 0.579272, 7200, 0, 0, 100, 0, NULL, NULL, NULL, NULL, '', NULL, 59466),
(@CGUID+104, 189795, 2444, 13644, 13725, '0', 0, 0, 0, -1, 0, 0, 2466.14, -774.552, 51.3502, 1.58289, 7200, 0, 0, 100, 0, NULL, NULL, NULL, NULL, '', NULL, 59466),
(@CGUID+105, 191817, 2444, 13644, 13725, '0', 0, 0, 0, -1, 0, 0, 2400.62, -783.093, 38.7279, 1.86407, 7200, 10, 0, 100, 1, NULL, NULL, NULL, NULL, '', NULL, 59466),
(@CGUID+106, 189795, 2444, 13644, 13725, '0', 0, 0, 0, -1, 0, 0, 2475.66, -770.038, 51.6635, 5.6274, 7200, 10, 0, 100, 1, NULL, NULL, NULL, NULL, '', NULL, 59466),
(@CGUID+107, 189795, 2444, 13644, 13725, '0', 0, 0, 0, -1, 0, 0, 2345.68, -768.806, 33.1508, 1.56019, 7200, 10, 0, 100, 1, NULL, NULL, NULL, NULL, '', NULL, 59466),
(@CGUID+108, 187683, 2444, 13644, 13725, '0', 0, 0, 0, -1, 0, 0, 2414.33, -818.864, 43.8749, 0.797259, 7200, 10, 0, 100, 1, NULL, NULL, NULL, NULL, '', NULL, 59466),
(@CGUID+109, 189089, 2444, 13644, 13725, '0', 0, 0, 0, -1, 0, 0, 2464.8, -774.646, 51.433, 0.381508, 7200, 0, 0, 100, 0, NULL, NULL, NULL, NULL, '', NULL, 59466),
(@CGUID+110, 192186, 2444, 13644, 13725, '0', 0, 0, 0, -1, 0, 0, 2368.8, -760.628, 116.241, 5.87734, 7200, 10, 0, 100, 1, NULL, NULL, NULL, NULL, '', NULL, 59466),
(@CGUID+111, 189785, 2444, 13644, 13725, '0', 0, 0, 0, -1, 0, 0, 2306.56, -772.28, 62.3571, 5.80833, 7200, 0, 0, 100, 0, NULL, NULL, NULL, NULL, '', NULL, 59466),
(@CGUID+112, 189752, 2444, 13644, 13725, '0', 0, 0, 0, -1, 0, 0, 2322.26, -750.856, 38.2428, 1.16717, 7200, 0, 0, 100, 0, NULL, NULL, NULL, NULL, '', NULL, 59466),
(@CGUID+113, 189089, 2444, 13644, 13725, '0', 0, 0, 0, -1, 0, 0, 2320.55, -755.849, 36.8444, 0.425162, 7200, 0, 0, 100, 0, NULL, NULL, NULL, NULL, '', NULL, 59466),
(@CGUID+114, 187948, 2444, 13644, 13725, '0', 0, 0, 0, -1, 0, 0, 2365.77, -858.675, 4.11273, 4.05126, 7200, 10, 0, 100, 1, NULL, NULL, NULL, NULL, '', NULL, 59466),
(@CGUID+115, 189089, 2444, 13644, 13725, '0', 0, 0, 0, -1, 0, 0, 2288.86, -733.795, 37.1566, 6.26326, 7200, 0, 0, 100, 0, NULL, NULL, NULL, NULL, '', NULL, 59466),
(@CGUID+116, 189752, 2444, 13644, 13725, '0', 0, 0, 0, -1, 0, 0, 2289.67, -760.552, 40.647, 0, 7200, 0, 0, 100, 0, NULL, NULL, NULL, NULL, '', NULL, 59466),
(@CGUID+117, 191809, 2444, 13644, 13725, '0', 0, 0, 0, -1, 0, 0, 2291.23, -715.507, 40.1416, 3.24255, 7200, 10, 0, 100, 1, NULL, NULL, NULL, NULL, '', NULL, 59466),
(@CGUID+118, 189089, 2444, 13644, 13725, '0', 0, 0, 0, -1, 0, 0, 2292.87, -760.934, 38.5737, 1.33572, 7200, 0, 0, 100, 0, NULL, NULL, NULL, NULL, '', NULL, 59466),
(@CGUID+119, 191817, 2444, 13644, 13725, '0', 0, 0, 0, -1, 0, 0, 2283.88, -738.537, 38.5873, 2.6067, 7200, 10, 0, 100, 1, NULL, NULL, NULL, NULL, '', NULL, 59466),
(@CGUID+120, 189795, 2444, 13644, 13725, '0', 0, 0, 0, -1, 0, 0, 2258.69, -722.272, 52.0842, 3.90727, 7200, 10, 0, 100, 1, NULL, NULL, NULL, NULL, '', NULL, 59466),
(@CGUID+121, 189795, 2444, 13644, 13725, '0', 0, 0, 0, -1, 0, 0, 2266.85, -725.135, 52.3461, 1.72544, 7200, 10, 0, 100, 1, NULL, NULL, NULL, NULL, '', NULL, 59466),
(@CGUID+122, 189795, 2444, 13644, 13725, '0', 0, 0, 0, -1, 0, 0, 2262.75, -727.641, 52.0885, 5.39127, 7200, 0, 0, 100, 0, NULL, NULL, NULL, NULL, '', NULL, 59466),
(@CGUID+123, 192186, 2444, 13644, 13725, '0', 0, 0, 0, -1, 0, 0, 2281.89, -761.304, 62.5375, 2.37726, 7200, 0, 0, 100, 0, NULL, NULL, NULL, NULL, '', NULL, 59466),
(@CGUID+124, 191809, 2444, 13644, 13725, '0', 0, 0, 0, -1, 0, 0, 2251.36, -758.17, 70.3291, 1.87915, 7200, 10, 0, 100, 1, NULL, NULL, NULL, NULL, '', NULL, 59466),
(@CGUID+125, 191809, 2444, 13644, 13725, '0', 0, 0, 0, -1, 0, 0, 2240.6, -750.277, 80.4852, 3.95155, 7200, 10, 0, 100, 1, NULL, NULL, NULL, NULL, '', NULL, 59466),
(@CGUID+126, 189752, 2444, 13644, 13725, '0', 0, 0, 0, -1, 0, 0, 2289.83, -765.689, 40.4925, 1.27595, 7200, 0, 0, 100, 0, NULL, NULL, NULL, NULL, '', NULL, 59466),
(@CGUID+127, 189089, 2444, 13644, 13725, '0', 0, 0, 0, -1, 0, 0, 2200.64, -731.78, 53.4171, 0, 7200, 0, 0, 100, 0, NULL, NULL, NULL, NULL, '', NULL, 59466),
(@CGUID+128, 189784, 2444, 13644, 13725, '0', 0, 0, 0, -1, 0, 0, 2272.67, -770.745, 66.4261, 3.39033, 7200, 10, 0, 100, 1, NULL, NULL, NULL, NULL, '', NULL, 59466),
(@CGUID+129, 189784, 2444, 13644, 13725, '0', 0, 0, 0, -1, 0, 0, 2272.33, -773.792, 66.3817, 3.98109, 7200, 0, 0, 100, 0, NULL, NULL, NULL, NULL, '', NULL, 59466),
(@CGUID+130, 192186, 2444, 13644, 13725, '0', 0, 0, 0, -1, 0, 0, 2201.43, -741.588, 75.921, 1.51263, 7200, 10, 0, 100, 1, NULL, NULL, NULL, NULL, '', NULL, 59466),
(@CGUID+131, 189089, 2444, 13644, 13725, '0', 0, 0, 0, -1, 0, 0, 2243.06, -764.385, 56.3822, 1.73357, 7200, 0, 0, 100, 0, NULL, NULL, NULL, NULL, '', NULL, 59466),
(@CGUID+132, 191817, 2444, 13644, 13725, '0', 0, 0, 0, -1, 0, 0, 2262.23, -767.844, 53.876, 5.99025, 7200, 10, 0, 100, 1, NULL, NULL, NULL, NULL, '', NULL, 59466),
(@CGUID+133, 192186, 2444, 13644, 13725, '0', 0, 0, 0, -1, 0, 0, 2310.17, -778.088, 79.9274, 0.056621, 7200, 10, 0, 100, 1, NULL, NULL, NULL, NULL, '', NULL, 59466),
(@CGUID+134, 191817, 2444, 13644, 13725, '0', 0, 0, 0, -1, 0, 0, 2239.44, -769.284, 56.4354, 2.42013, 7200, 10, 0, 100, 1, NULL, NULL, NULL, NULL, '', NULL, 59466),
(@CGUID+135, 187948, 2444, 13644, 13725, '0', 0, 0, 0, -1, 0, 0, 2278.17, -860.169, 4.03631, 1.07249, 7200, 10, 0, 100, 1, NULL, NULL, NULL, NULL, '', NULL, 59466),
(@CGUID+136, 187863, 2444, 13644, 13725, '0', 0, 0, 0, -1, 0, 0, 2200, -758.334, 19.5041, 1.51616, 7200, 0, 0, 100, 0, NULL, NULL, NULL, NULL, '', NULL, 59466),
(@CGUID+137, 187683, 2444, 13644, 13725, '0', 0, 0, 0, -1, 0, 0, 2199.74, -756.613, 19.5087, 4.22953, 7200, 0, 0, 100, 0, NULL, NULL, NULL, NULL, '', NULL, 59466),
(@CGUID+138, 191792, 2444, 13644, 13725, '0', 0, 0, 0, -1, 0, 0, 2181.26, -737.342, 4.31561, 0.675351, 7200, 0, 0, 100, 0, NULL, NULL, NULL, NULL, '', NULL, 59466),
(@CGUID+139, 187683, 2444, 13644, 13725, '0', 0, 0, 0, -1, 0, 0, 2181.47, -757.286, 4.66989, 3.13265, 7200, 0, 0, 100, 0, NULL, NULL, NULL, NULL, '', NULL, 59466),
(@CGUID+140, 191817, 2444, 13644, 13725, '0', 0, 0, 0, -1, 0, 0, 2327.08, -845.834, 5.86362, 4.15379, 7200, 0, 0, 100, 0, NULL, NULL, NULL, NULL, '', NULL, 59466),
(@CGUID+141, 191792, 2444, 13644, 13725, '0', 0, 0, 0, -1, 0, 0, 2374.11, -841.715, 4.51673, 0.982894, 7200, 0, 0, 100, 0, NULL, NULL, NULL, NULL, '', NULL, 59466),
(@CGUID+142, 187948, 2444, 13644, 13725, '0', 0, 0, 0, -1, 0, 0, 2350.22, -877.645, 4.12037, 2.19036, 7200, 0, 0, 100, 0, NULL, NULL, NULL, NULL, '', NULL, 59466),
(@CGUID+143, 187948, 2444, 13644, 13725, '0', 0, 0, 0, -1, 0, 0, 2316.67, -868.75, 4.05443, 3.14159, 7200, 0, 0, 100, 0, NULL, NULL, NULL, NULL, '', NULL, 59466),
(@CGUID+144, 187948, 2444, 13644, 13725, '0', 0, 0, 0, -1, 0, 0, 2415.03, -891.986, 4.04779, 6.12541, 7200, 0, 0, 100, 0, NULL, NULL, NULL, NULL, '', NULL, 59466),
(@CGUID+145, 191817, 2444, 13644, 13725, '0', 0, 0, 0, -1, 0, 0, 2445.31, -822.853, 4.4706, 3.98805, 7200, 0, 0, 100, 0, NULL, NULL, NULL, NULL, '', NULL, 59466),
(@CGUID+146, 191817, 2444, 13644, 13725, '0', 0, 0, 0, -1, 0, 0, 2402.86, -835.474, 8.53969, 4.33889, 7200, 0, 0, 100, 0, NULL, NULL, NULL, NULL, '', NULL, 59466),
(@CGUID+147, 196583, 2444, 13644, 13725, '0', 0, 0, 0, -1, 0, 0, 2601.09, -1193.89, 322.199, 2.68108, 7200, 0, 0, 100, 0, NULL, NULL, NULL, NULL, '', NULL, 59466),
(@CGUID+148, 191615, 2444, 13644, 13725, '0', 0, 0, 0, -1, 0, 0, 2475.45, -874.723, 4.00167, 2.92493, 7200, 0, 0, 100, 0, NULL, NULL, NULL, NULL, '', NULL, 59466),
(@CGUID+149, 194972, 2444, 13644, 13725, '0', 0, 0, 0, -1, 0, 0, 2915.4, -870.696, 258.471, 0, 7200, 0, 0, 100, 0, NULL, NULL, NULL, NULL, '', NULL, 59466),
(@CGUID+150, 191615, 2444, 13644, 13725, '0', 0, 0, 0, -1, 0, 0, 2484.12, -880.281, 5.26923, 2.5563, 7200, 0, 0, 100, 0, NULL, NULL, NULL, NULL, '', NULL, 59466),
(@CGUID+151, 191615, 2444, 13644, 13725, '0', 0, 0, 0, -1, 0, 0, 2514.81, -852.795, 4.14482, 3.91322, 7200, 0, 0, 100, 0, NULL, NULL, NULL, NULL, '', NULL, 59466),
(@CGUID+152, 189307, 2444, 13644, 13725, '0', 0, 0, 0, -1, 0, 0, 2509.79, -804.439, 7.95997, 4.22789, 7200, 0, 0, 100, 0, NULL, NULL, NULL, NULL, '', NULL, 59466),
(@CGUID+153, 189307, 2444, 13644, 13725, '0', 0, 0, 0, -1, 0, 0, 2522.18, -791.634, 10.747, 6.00279, 7200, 0, 0, 100, 0, NULL, NULL, NULL, NULL, '', NULL, 59466),
(@CGUID+154, 198618, 2444, 13644, 13725, '0', 0, 0, 0, -1, 0, 0, 2915.4, -870.696, 258.471, 0, 7200, 0, 0, 100, 0, NULL, NULL, NULL, NULL, '', NULL, 59466),
(@CGUID+155, 191792, 2444, 13644, 13725, '0', 0, 0, 0, -1, 0, 0, 2484.15, -811.928, 4.31929, 0.613528, 7200, 0, 0, 100, 0, NULL, NULL, NULL, NULL, '', NULL, 59466),
(@CGUID+156, 191615, 2444, 13644, 13725, '0', 0, 0, 0, -1, 0, 0, 2498.88, -863.983, 4.53225, 0, 7200, 0, 0, 100, 0, NULL, NULL, NULL, NULL, '', NULL, 59466),
(@CGUID+157, 191615, 2444, 13644, 13725, '0', 0, 0, 0, -1, 0, 0, 2514.32, -864.446, 8.22161, 1.88002, 7200, 0, 0, 100, 0, NULL, NULL, NULL, NULL, '', NULL, 59466),
(@CGUID+158, 191809, 2444, 13644, 13725, '0', 0, 0, 0, -1, 0, 0, 2392.85, -450.425, 62.9224, 5.626, 7200, 0, 0, 100, 0, NULL, NULL, NULL, NULL, '', NULL, 59466),
(@CGUID+159, 191809, 2444, 13644, 13725, '0', 0, 0, 0, -1, 0, 0, 2395.83, -447.451, 70.1, 0.196891, 7200, 0, 0, 100, 0, NULL, NULL, NULL, NULL, '', NULL, 59466),
(@CGUID+160, 191809, 2444, 13644, 13725, '0', 0, 0, 0, -1, 0, 0, 2398.46, -449.332, 63.6306, 4.27799, 7200, 0, 0, 100, 0, NULL, NULL, NULL, NULL, '', NULL, 59466);

-- creature addon
DELETE FROM `creature_addon` WHERE `guid` BETWEEN @CGUID+1 AND @CGUID+160;
INSERT INTO `creature_addon` (`guid`, `PathId`, `mount`, `MountCreatureID`, `StandState`, `AnimTier`, `VisFlags`, `SheathState`, `PvPFlags`, `emote`, `aiAnimKit`, `movementAnimKit`, `meleeAnimKit`, `visibilityDistanceType`, `auras`) VALUES 
(@CGUID+1, 0, 0, 0, 0, 0, 0, 1, 0, 0, 0, 0, 0, 0, ''),
(@CGUID+2, 0, 0, 0, 0, 0, 0, 1, 0, 0, 0, 0, 0, 0, '384023'),
(@CGUID+3, 0, 0, 0, 0, 3, 0, 1, 0, 0, 0, 0, 0, 0, ''),
(@CGUID+4, 0, 0, 0, 0, 3, 0, 1, 0, 0, 0, 0, 0, 0, ''),
(@CGUID+5, 0, 0, 0, 0, 0, 0, 1, 0, 0, 0, 0, 0, 0, '258247'),
(@CGUID+6, 0, 0, 0, 0, 0, 0, 1, 0, 0, 0, 0, 0, 0, ''),
(@CGUID+7, 0, 0, 0, 0, 3, 0, 1, 0, 0, 0, 0, 0, 0, ''),
(@CGUID+8, 0, 0, 0, 0, 0, 0, 1, 1, 0, 0, 0, 0, 0, ''),
(@CGUID+9, 0, 0, 0, 0, 0, 0, 1, 1, 0, 0, 0, 0, 0, ''),
(@CGUID+10, 0, 0, 0, 0, 3, 0, 1, 0, 0, 0, 0, 0, 0, ''),
(@CGUID+11, 0, 0, 0, 0, 0, 0, 1, 0, 0, 0, 0, 0, 0, ''),
(@CGUID+12, 0, 0, 0, 0, 0, 0, 1, 0, 0, 0, 0, 0, 0, ''),
(@CGUID+13, 0, 0, 0, 0, 0, 0, 1, 0, 0, 0, 0, 0, 0, ''),
(@CGUID+14, 0, 0, 0, 0, 0, 0, 1, 0, 0, 0, 0, 0, 0, ''),
(@CGUID+15, 0, 0, 0, 0, 0, 0, 1, 0, 0, 0, 0, 0, 0, ''),
(@CGUID+16, 0, 0, 0, 0, 0, 0, 1, 0, 0, 0, 0, 0, 0, '374210'),
(@CGUID+17, 0, 0, 0, 0, 0, 0, 1, 0, 0, 0, 0, 0, 0, ''),
(@CGUID+18, 0, 0, 0, 0, 0, 0, 1, 0, 0, 0, 0, 0, 0, ''),
(@CGUID+19, 0, 0, 0, 0, 3, 0, 1, 0, 0, 0, 0, 0, 0, ''),
(@CGUID+20, 0, 0, 0, 0, 0, 0, 1, 0, 0, 0, 0, 0, 0, '381296'),
(@CGUID+21, 0, 0, 0, 0, 0, 0, 1, 0, 0, 0, 0, 0, 0, ''),
(@CGUID+22, 0, 0, 0, 0, 0, 0, 1, 0, 0, 0, 0, 0, 0, '258247'),
(@CGUID+23, 0, 0, 0, 0, 0, 0, 1, 0, 0, 0, 0, 0, 0, '227301'),
(@CGUID+24, 0, 0, 0, 0, 0, 0, 1, 0, 0, 0, 0, 0, 0, '374213'),
(@CGUID+25, 0, 0, 0, 0, 0, 0, 1, 1, 0, 0, 0, 0, 0, ''),
(@CGUID+26, 0, 0, 0, 0, 3, 0, 1, 0, 0, 0, 0, 0, 0, ''),
(@CGUID+27, 0, 0, 0, 0, 3, 0, 1, 0, 0, 0, 0, 0, 0, ''),
(@CGUID+28, 0, 0, 0, 0, 0, 0, 1, 0, 0, 0, 0, 0, 0, '370693'),
(@CGUID+29, 0, 0, 0, 0, 0, 0, 1, 0, 0, 0, 0, 0, 0, ''),
(@CGUID+30, 0, 0, 0, 0, 0, 0, 1, 0, 0, 0, 0, 0, 0, ''),
(@CGUID+31, 0, 0, 0, 0, 0, 0, 1, 0, 0, 0, 0, 0, 0, ''),
(@CGUID+32, 0, 0, 0, 0, 0, 0, 1, 0, 0, 0, 0, 0, 0, '227301'),
(@CGUID+33, 0, 0, 0, 0, 0, 0, 1, 0, 0, 0, 0, 0, 0, ''),
(@CGUID+34, 0, 0, 0, 0, 0, 0, 1, 0, 0, 0, 0, 0, 0, ''),
(@CGUID+35, 0, 0, 0, 0, 0, 0, 1, 0, 0, 0, 0, 0, 0, '258247'),
(@CGUID+36, 0, 0, 0, 0, 0, 0, 1, 0, 0, 0, 0, 0, 0, ''),
(@CGUID+37, 0, 0, 0, 0, 0, 0, 1, 0, 0, 0, 0, 0, 0, '371815'),
(@CGUID+38, 0, 0, 0, 0, 0, 0, 1, 0, 0, 0, 0, 0, 0, ''),
(@CGUID+39, 0, 0, 0, 0, 3, 0, 1, 0, 0, 0, 0, 0, 0, ''),
(@CGUID+40, 0, 0, 0, 0, 0, 0, 1, 0, 0, 0, 0, 0, 0, '373165'),
(@CGUID+41, 0, 0, 0, 0, 0, 0, 1, 0, 0, 0, 0, 0, 0, ''),
(@CGUID+42, 0, 0, 0, 0, 0, 0, 1, 0, 0, 0, 0, 0, 0, ''),
(@CGUID+43, 0, 0, 0, 3, 0, 0, 1, 0, 0, 0, 0, 0, 0, ''),
(@CGUID+44, 0, 0, 0, 0, 0, 0, 1, 0, 0, 0, 0, 0, 0, ''),
(@CGUID+45, 0, 0, 0, 0, 0, 0, 1, 0, 431, 0, 0, 0, 0, '392645'),
(@CGUID+46, 0, 0, 0, 0, 0, 0, 1, 0, 0, 0, 0, 0, 0, ''),
(@CGUID+47, 0, 0, 0, 0, 0, 0, 1, 0, 0, 0, 0, 0, 0, ''),
(@CGUID+48, 0, 0, 0, 0, 0, 0, 1, 0, 0, 0, 0, 0, 0, ''),
(@CGUID+49, 0, 0, 0, 0, 0, 0, 1, 0, 0, 0, 0, 0, 0, ''),
(@CGUID+50, 0, 0, 0, 0, 3, 0, 1, 0, 0, 0, 0, 0, 0, ''),
(@CGUID+51, 0, 0, 0, 0, 3, 0, 1, 0, 0, 0, 0, 0, 0, ''),
(@CGUID+52, 0, 0, 0, 0, 0, 0, 1, 0, 0, 0, 0, 0, 0, ''),
(@CGUID+53, 0, 0, 0, 0, 0, 0, 2, 0, 385, 0, 0, 0, 0, ''),
(@CGUID+54, 0, 0, 0, 0, 3, 0, 1, 0, 559, 0, 0, 0, 0, ''),
(@CGUID+55, 0, 0, 0, 0, 0, 0, 1, 0, 0, 0, 0, 0, 0, ''),
(@CGUID+56, 0, 0, 0, 0, 0, 0, 1, 0, 431, 0, 0, 0, 0, '392645'),
(@CGUID+57, 0, 0, 0, 0, 0, 0, 1, 0, 596, 0, 0, 0, 0, ''),
(@CGUID+58, 0, 0, 0, 0, 3, 0, 1, 0, 0, 0, 0, 0, 0, ''),
(@CGUID+59, 0, 0, 0, 0, 0, 0, 1, 0, 0, 0, 0, 0, 0, ''),
(@CGUID+60, 0, 0, 0, 0, 0, 0, 1, 0, 0, 0, 0, 0, 0, ''),
(@CGUID+61, 0, 0, 0, 0, 0, 0, 1, 0, 0, 0, 0, 0, 0, ''),
(@CGUID+62, 0, 0, 0, 0, 0, 0, 1, 0, 0, 0, 0, 0, 0, ''),
(@CGUID+63, 0, 0, 0, 0, 0, 0, 1, 0, 0, 0, 0, 0, 0, ''),
(@CGUID+64, 0, 0, 0, 0, 0, 0, 0, 0, 0, 0, 0, 0, 0, '370693'),
(@CGUID+65, 0, 0, 0, 0, 0, 0, 0, 0, 0, 0, 0, 0, 0, ''),
(@CGUID+66, 0, 0, 0, 0, 0, 0, 1, 0, 0, 0, 0, 0, 0, ''),
(@CGUID+67, 0, 0, 0, 0, 0, 0, 1, 0, 0, 0, 0, 0, 0, ''),
(@CGUID+68, 0, 0, 0, 0, 0, 0, 1, 0, 0, 0, 0, 0, 0, ''),
(@CGUID+69, 0, 0, 0, 0, 0, 0, 1, 0, 438, 0, 0, 0, 0, ''),
(@CGUID+70, 0, 0, 0, 0, 0, 0, 1, 0, 431, 0, 0, 0, 0, '392645'),
(@CGUID+71, 0, 0, 0, 0, 0, 0, 1, 0, 0, 0, 0, 0, 0, ''),
(@CGUID+72, 0, 0, 0, 0, 3, 0, 1, 0, 0, 0, 0, 0, 0, ''),
(@CGUID+73, 0, 0, 0, 0, 0, 0, 1, 0, 0, 0, 0, 0, 0, ''),
(@CGUID+74, 0, 0, 0, 0, 3, 0, 1, 0, 0, 0, 0, 0, 0, ''),
(@CGUID+75, 0, 0, 0, 0, 3, 0, 1, 0, 0, 0, 0, 0, 0, ''),
(@CGUID+76, 0, 0, 0, 0, 0, 0, 1, 0, 0, 0, 0, 0, 0, ''),
(@CGUID+77, 0, 0, 0, 0, 0, 0, 1, 0, 0, 0, 0, 0, 0, ''),
(@CGUID+78, 0, 0, 0, 0, 0, 0, 1, 0, 567, 0, 0, 0, 0, ''),
(@CGUID+79, 0, 0, 0, 0, 3, 0, 1, 0, 0, 0, 0, 0, 0, ''),
(@CGUID+80, 0, 0, 0, 0, 0, 0, 1, 0, 0, 0, 0, 0, 0, ''),
(@CGUID+81, 0, 0, 0, 0, 0, 0, 1, 0, 0, 0, 0, 0, 0, ''),
(@CGUID+82, 0, 0, 0, 0, 0, 0, 1, 0, 0, 0, 0, 0, 0, ''),
(@CGUID+83, 0, 0, 0, 0, 0, 0, 1, 0, 431, 0, 0, 0, 0, '392645'),
(@CGUID+84, 0, 0, 0, 0, 3, 0, 1, 0, 0, 0, 0, 0, 0, ''),
(@CGUID+85, 0, 0, 0, 0, 0, 0, 1, 0, 0, 0, 0, 0, 0, ''),
(@CGUID+86, 0, 0, 0, 0, 3, 0, 1, 0, 0, 0, 0, 0, 0, ''),
(@CGUID+87, 0, 0, 0, 0, 0, 0, 1, 0, 438, 0, 0, 0, 0, ''),
(@CGUID+88, 0, 0, 0, 0, 0, 0, 1, 0, 0, 0, 0, 0, 0, ''),
(@CGUID+89, 0, 0, 0, 0, 0, 0, 1, 0, 431, 0, 0, 0, 0, '392645'),
(@CGUID+90, 0, 0, 0, 0, 0, 0, 1, 0, 0, 0, 0, 0, 0, ''),
(@CGUID+91, 0, 0, 0, 0, 0, 0, 1, 0, 0, 0, 0, 0, 0, ''),
(@CGUID+92, 0, 0, 0, 0, 3, 0, 1, 0, 0, 0, 0, 0, 0, ''),
(@CGUID+93, 0, 0, 0, 0, 0, 0, 1, 0, 0, 0, 0, 0, 0, ''),
(@CGUID+94, 0, 0, 0, 0, 0, 0, 1, 0, 0, 0, 0, 0, 0, ''),
(@CGUID+95, 0, 0, 0, 0, 0, 0, 1, 0, 438, 0, 0, 0, 0, ''),
(@CGUID+96, 0, 0, 0, 0, 0, 0, 1, 0, 0, 0, 0, 0, 0, ''),
(@CGUID+97, 0, 0, 0, 0, 0, 0, 1, 0, 0, 0, 0, 0, 0, ''),
(@CGUID+98, 0, 0, 0, 0, 0, 0, 1, 0, 0, 0, 0, 0, 0, ''),
(@CGUID+99, 0, 0, 0, 0, 0, 0, 1, 0, 0, 0, 0, 0, 0, ''),
(@CGUID+100, 0, 0, 0, 0, 0, 0, 1, 0, 0, 0, 0, 0, 0, ''),
(@CGUID+101, 0, 0, 0, 0, 3, 0, 1, 0, 0, 0, 0, 0, 0, ''),
(@CGUID+102, 0, 0, 0, 0, 3, 0, 1, 0, 0, 0, 0, 0, 0, ''),
(@CGUID+103, 0, 0, 0, 0, 0, 0, 1, 0, 431, 0, 0, 0, 0, '392645'),
(@CGUID+104, 0, 0, 0, 0, 0, 0, 1, 0, 0, 0, 0, 0, 0, ''),
(@CGUID+105, 0, 0, 0, 0, 0, 0, 1, 0, 0, 0, 0, 0, 0, ''),
(@CGUID+106, 0, 0, 0, 0, 0, 0, 1, 0, 0, 0, 0, 0, 0, ''),
(@CGUID+107, 0, 0, 0, 0, 0, 0, 1, 0, 0, 0, 0, 0, 0, ''),
(@CGUID+108, 0, 0, 0, 0, 3, 0, 1, 0, 0, 0, 0, 0, 0, ''),
(@CGUID+109, 0, 0, 0, 0, 0, 0, 1, 0, 431, 0, 0, 0, 0, '392645'),
(@CGUID+110, 0, 0, 0, 0, 3, 0, 1, 0, 0, 0, 0, 0, 0, ''),
(@CGUID+111, 0, 0, 0, 8, 0, 0, 1, 0, 0, 0, 0, 0, 0, ''),
(@CGUID+112, 0, 0, 0, 0, 3, 0, 1, 0, 0, 0, 0, 0, 0, ''),
(@CGUID+113, 0, 0, 0, 0, 0, 0, 1, 0, 431, 0, 0, 0, 0, '392645'),
(@CGUID+114, 0, 0, 0, 0, 0, 0, 1, 0, 0, 0, 0, 0, 0, ''),
(@CGUID+115, 0, 0, 0, 0, 0, 0, 1, 0, 431, 0, 0, 0, 0, '392645'),
(@CGUID+116, 0, 0, 0, 0, 3, 0, 1, 0, 0, 0, 0, 0, 0, ''),
(@CGUID+117, 0, 0, 0, 0, 3, 0, 1, 0, 0, 0, 0, 0, 0, ''),
(@CGUID+118, 0, 0, 0, 0, 0, 0, 1, 0, 431, 0, 0, 0, 0, '392645'),
(@CGUID+119, 0, 0, 0, 0, 0, 0, 1, 0, 0, 0, 0, 0, 0, ''),
(@CGUID+120, 0, 0, 0, 0, 0, 0, 1, 0, 0, 0, 0, 0, 0, ''),
(@CGUID+121, 0, 0, 0, 0, 0, 0, 1, 0, 0, 0, 0, 0, 0, ''),
(@CGUID+122, 0, 0, 0, 0, 0, 0, 1, 0, 0, 0, 0, 0, 0, ''),
(@CGUID+123, 0, 0, 0, 0, 0, 0, 1, 0, 0, 0, 0, 0, 0, '258247'),
(@CGUID+124, 0, 0, 0, 0, 3, 0, 1, 0, 0, 0, 0, 0, 0, ''),
(@CGUID+125, 0, 0, 0, 0, 3, 0, 1, 0, 0, 0, 0, 0, 0, ''),
(@CGUID+126, 0, 0, 0, 0, 3, 0, 1, 0, 0, 0, 0, 0, 0, ''),
(@CGUID+127, 0, 0, 0, 0, 0, 0, 1, 0, 431, 0, 0, 0, 0, '392645'),
(@CGUID+128, 0, 0, 0, 0, 0, 0, 1, 0, 0, 0, 0, 0, 0, ''),
(@CGUID+129, 0, 0, 0, 8, 0, 0, 1, 0, 0, 0, 0, 0, 0, ''),
(@CGUID+130, 0, 0, 0, 0, 3, 0, 1, 0, 0, 0, 0, 0, 0, ''),
(@CGUID+131, 0, 0, 0, 0, 0, 0, 1, 0, 431, 0, 0, 0, 0, '392645'),
(@CGUID+132, 0, 0, 0, 0, 0, 0, 1, 0, 0, 0, 0, 0, 0, ''),
(@CGUID+133, 0, 0, 0, 0, 3, 0, 1, 0, 0, 0, 0, 0, 0, ''),
(@CGUID+134, 0, 0, 0, 0, 0, 0, 1, 0, 0, 0, 0, 0, 0, ''),
(@CGUID+135, 0, 0, 0, 0, 0, 0, 1, 0, 0, 0, 0, 0, 0, ''),
(@CGUID+136, 0, 0, 0, 0, 0, 0, 1, 0, 0, 0, 0, 0, 0, ''),
(@CGUID+137, 0, 0, 0, 0, 0, 0, 1, 0, 0, 0, 0, 0, 0, ''),
(@CGUID+138, 0, 0, 0, 0, 0, 0, 1, 0, 0, 0, 0, 0, 0, ''),
(@CGUID+139, 0, 0, 0, 0, 0, 0, 1, 0, 0, 0, 0, 0, 0, ''),
(@CGUID+140, 0, 0, 0, 0, 0, 0, 1, 0, 0, 0, 0, 0, 0, ''),
(@CGUID+141, 0, 0, 0, 0, 0, 0, 1, 0, 0, 0, 0, 0, 0, ''),
(@CGUID+142, 0, 0, 0, 0, 0, 0, 1, 0, 0, 0, 0, 0, 0, ''),
(@CGUID+143, 0, 0, 0, 0, 0, 0, 1, 0, 0, 0, 0, 0, 0, ''),
(@CGUID+144, 0, 0, 0, 0, 0, 0, 1, 0, 0, 0, 0, 0, 0, ''),
(@CGUID+145, 0, 0, 0, 0, 0, 0, 1, 0, 0, 0, 0, 0, 0, ''),
(@CGUID+146, 0, 0, 0, 0, 0, 0, 1, 0, 0, 0, 0, 0, 0, ''),
(@CGUID+147, 0, 0, 0, 0, 0, 0, 1, 0, 0, 0, 0, 0, 4, ''),
(@CGUID+148, 0, 0, 0, 0, 0, 0, 1, 0, 0, 0, 0, 0, 0, ''),
(@CGUID+149, 0, 0, 0, 0, 3, 0, 1, 0, 0, 0, 0, 0, 4, ''),
(@CGUID+150, 0, 0, 0, 0, 0, 0, 1, 0, 0, 0, 0, 0, 0, ''),
(@CGUID+151, 0, 0, 0, 0, 0, 0, 1, 0, 0, 0, 0, 0, 0, ''),
(@CGUID+152, 0, 0, 0, 0, 3, 0, 1, 0, 0, 0, 0, 0, 0, ''),
(@CGUID+153, 0, 0, 0, 0, 3, 0, 1, 0, 0, 0, 0, 0, 0, ''),
(@CGUID+154, 0, 0, 0, 0, 3, 0, 1, 0, 0, 0, 0, 0, 4, ''),
(@CGUID+155, 0, 0, 0, 0, 0, 0, 1, 0, 0, 0, 0, 0, 0, ''),
(@CGUID+156, 0, 0, 0, 0, 0, 0, 1, 0, 0, 0, 0, 0, 0, ''),
(@CGUID+157, 0, 0, 0, 0, 0, 0, 1, 0, 0, 0, 0, 0, 0, ''),
(@CGUID+158, 0, 0, 0, 0, 3, 0, 1, 0, 0, 0, 0, 0, 0, ''),
(@CGUID+159, 0, 0, 0, 0, 3, 0, 1, 0, 0, 0, 0, 0, 0, ''),
(@CGUID+160, 0, 0, 0, 0, 3, 0, 1, 0, 0, 0, 0, 0, 0, '');

-- creature template addon
DELETE FROM `creature_template_addon` WHERE `entry` IN(184812,184813,187193,187196,187393,187683,187863,187948,188053,188503,188735,189069,189070,189089,189149,189307,189554,189752,189783,189784,189785,189795,189898,190363,191615,191624,191645,191792,191809,191817,192059,192103,192186,192484,193013,193164,193174,193237,193281,194136,194394,194972,196583,198618);
INSERT INTO `creature_template_addon` (`entry`, `PathId`, `mount`, `MountCreatureID`, `StandState`, `AnimTier`, `VisFlags`, `SheathState`, `PvPFlags`, `emote`, `aiAnimKit`, `movementAnimKit`, `meleeAnimKit`, `visibilityDistanceType`, `auras`) VALUES 
(184812, 0, 0, 0, 0, 0, 0, 1, 0, 0, 0, 0, 0, 0, '371801'),
(184813, 0, 0, 0, 0, 0, 0, 1, 0, 0, 0, 0, 0, 0, '370614'),
(187193, 0, 0, 0, 0, 0, 0, 0, 0, 0, 24323, 0, 0, 0, '370693'),
(187196, 0, 0, 0, 0, 0, 0, 1, 0, 0, 0, 0, 0, 0, ''),
(187393, 0, 0, 0, 0, 0, 0, 1, 0, 0, 0, 0, 0, 0, ''),
(187683, 0, 0, 0, 0, 0, 0, 1, 0, 0, 0, 0, 0, 0, ''),
(187863, 0, 0, 0, 0, 0, 0, 1, 0, 0, 0, 0, 0, 0, ''),
(187948, 0, 0, 0, 0, 0, 0, 1, 0, 0, 0, 0, 0, 0, ''),
(188053, 0, 0, 0, 0, 0, 0, 1, 0, 0, 0, 0, 0, 0, ''),
(188503, 0, 0, 0, 0, 0, 0, 1, 0, 0, 0, 0, 0, 0, ''),
(188735, 0, 0, 0, 0, 0, 0, 1, 0, 0, 0, 0, 0, 0, ''),
(189069, 0, 0, 0, 0, 0, 0, 1, 0, 0, 0, 0, 0, 0, ''),
(189070, 0, 0, 0, 0, 0, 0, 1, 0, 0, 0, 0, 0, 0, ''),
(189089, 0, 0, 0, 0, 0, 0, 1, 0, 0, 0, 0, 0, 0, '392645'),
(189149, 0, 0, 0, 0, 0, 0, 1, 0, 0, 0, 0, 0, 0, '373165'),
(189307, 0, 0, 0, 0, 3, 0, 1, 0, 0, 0, 0, 0, 0, ''),
(189554, 0, 0, 0, 0, 0, 0, 1, 0, 0, 0, 0, 0, 0, ''),
(189752, 0, 0, 0, 0, 3, 0, 1, 0, 0, 0, 0, 0, 0, '381573'),
(189783, 0, 0, 0, 0, 0, 0, 2, 0, 0, 0, 0, 0, 0, ''),
(189784, 0, 0, 0, 3, 0, 0, 1, 0, 0, 0, 0, 0, 0, ''),
(189785, 0, 0, 0, 0, 0, 0, 1, 0, 0, 0, 0, 0, 0, ''),
(189795, 0, 0, 0, 0, 0, 0, 1, 0, 0, 0, 0, 0, 0, ''),
(189898, 0, 0, 0, 0, 3, 0, 1, 0, 0, 0, 0, 0, 0, ''),
(190363, 0, 0, 0, 0, 0, 0, 1, 0, 0, 0, 0, 0, 0, ''),
(191615, 0, 0, 0, 0, 0, 0, 1, 0, 0, 0, 0, 0, 0, ''),
(191624, 0, 0, 0, 0, 0, 0, 1, 0, 0, 0, 0, 0, 0, ''),
(191645, 0, 0, 0, 0, 3, 0, 1, 0, 0, 0, 0, 0, 0, ''),
(191792, 0, 0, 0, 0, 0, 0, 1, 0, 0, 0, 0, 0, 0, ''),
(191809, 0, 0, 0, 0, 3, 0, 1, 0, 0, 0, 0, 0, 0, ''),
(191817, 0, 0, 0, 0, 0, 0, 1, 0, 0, 0, 0, 0, 0, ''),
(192059, 0, 0, 0, 0, 0, 0, 1, 0, 0, 0, 0, 0, 0, ''),
(192103, 0, 0, 0, 0, 0, 0, 1, 0, 0, 0, 0, 0, 0, ''),
(192186, 0, 0, 0, 0, 3, 0, 1, 0, 0, 0, 0, 0, 0, ''),
(192484, 0, 0, 0, 0, 0, 0, 1, 0, 0, 0, 0, 0, 0, ''),
(193013, 0, 0, 0, 0, 0, 0, 1, 1, 0, 0, 0, 0, 0, ''),
(193164, 0, 0, 0, 0, 0, 0, 1, 1, 0, 0, 0, 0, 0, ''),
(193174, 0, 0, 0, 0, 0, 0, 1, 0, 0, 0, 0, 0, 0, ''),
(193237, 0, 0, 0, 0, 0, 0, 1, 0, 0, 0, 0, 0, 0, '381296'),
(193281, 0, 0, 0, 0, 0, 0, 1, 0, 0, 0, 0, 0, 0, '374107'),
(194136, 0, 0, 0, 0, 0, 0, 1, 0, 0, 0, 0, 0, 0, '384023'),
(194394, 0, 0, 0, 0, 0, 0, 1, 0, 0, 0, 0, 0, 0, '374213'),
(194972, 0, 0, 0, 0, 3, 0, 1, 0, 0, 0, 0, 0, 4, ''),
(196583, 0, 0, 0, 0, 0, 0, 1, 0, 0, 0, 0, 0, 4, ''),
(198618, 0, 0, 0, 0, 3, 0, 1, 0, 0, 0, 0, 0, 4, '');

-- creature template
UPDATE `creature_template` SET `faction` = 3270, `npcflag` = 0, `unit_flags` = 768, `unit_flags2` = 2048, `unit_flags3` = 0, `VehicleId` = 0 WHERE `entry` = 184812;
UPDATE `creature_template` SET `faction` = 3270, `npcflag` = 0, `unit_flags` = 768, `unit_flags2` = 2048, `unit_flags3` = 0, `VehicleId` = 0 WHERE `entry` = 184813;
UPDATE `creature_template` SET `faction` = 3270, `npcflag` = 0, `unit_flags` = 768, `unit_flags2` = 2048, `unit_flags3` = 0, `VehicleId` = 0 WHERE `entry` = 187193;
UPDATE `creature_template` SET `faction` = 3270, `npcflag` = 0, `unit_flags` = 768, `unit_flags2` = 2048, `unit_flags3` = 0, `VehicleId` = 0 WHERE `entry` = 187196;
UPDATE `creature_template` SET `faction` = 3306, `npcflag` = 0, `unit_flags` = 0, `unit_flags2` = 2048, `unit_flags3` = 0, `VehicleId` = 0 WHERE `entry` = 187393;
UPDATE `creature_template` SET `faction` = 2136, `npcflag` = 0, `unit_flags` = 0, `unit_flags2` = 2048, `unit_flags3` = 67108864, `VehicleId` = 0 WHERE `entry` = 187683;
UPDATE `creature_template` SET `faction` = 188, `npcflag` = 0, `unit_flags` = 0, `unit_flags2` = 2048, `unit_flags3` = 0, `VehicleId` = 0 WHERE `entry` = 187863;
UPDATE `creature_template` SET `faction` = 190, `npcflag` = 0, `unit_flags` = 0, `unit_flags2` = 2048, `unit_flags3` = 0, `VehicleId` = 0 WHERE `entry` = 187948;
UPDATE `creature_template` SET `faction` = 3270, `npcflag` = 3, `unit_flags` = 768, `unit_flags2` = 2048, `unit_flags3` = 0, `VehicleId` = 0 WHERE `entry` = 188053;
UPDATE `creature_template` SET `faction` = 3270, `npcflag` = 3, `unit_flags` = 256, `unit_flags2` = 2048, `unit_flags3` = 0, `VehicleId` = 0 WHERE `entry` = 188503;
UPDATE `creature_template` SET `faction` = 1727, `npcflag` = 3, `unit_flags` = 256, `unit_flags2` = 2048, `unit_flags3` = 0, `VehicleId` = 0 WHERE `entry` = 188735;
UPDATE `creature_template` SET `faction` = 3270, `npcflag` = 0, `unit_flags` = 768, `unit_flags2` = 2048, `unit_flags3` = 0, `VehicleId` = 0 WHERE `entry` = 189069;
UPDATE `creature_template` SET `faction` = 3270, `npcflag` = 0, `unit_flags` = 768, `unit_flags2` = 2048, `unit_flags3` = 0, `VehicleId` = 0 WHERE `entry` = 189070;
UPDATE `creature_template` SET `faction` = 3270, `npcflag` = 1, `unit_flags` = 768, `unit_flags2` = 2048, `unit_flags3` = 0, `VehicleId` = 0 WHERE `entry` = 189089;
UPDATE `creature_template` SET `faction` = 35, `npcflag` = 0, `unit_flags` = 0, `unit_flags2` = 2048, `unit_flags3` = 0, `VehicleId` = 0 WHERE `entry` = 189149;
UPDATE `creature_template` SET `faction` = 2575, `npcflag` = 0, `unit_flags` = 0, `unit_flags2` = 2048, `unit_flags3` = 0, `VehicleId` = 0 WHERE `entry` = 189307;
UPDATE `creature_template` SET `faction` = 3270, `npcflag` = 0, `unit_flags` = 768, `unit_flags2` = 2048, `unit_flags3` = 0, `VehicleId` = 0 WHERE `entry` = 189554;
UPDATE `creature_template` SET `faction` = 35, `npcflag` = 0, `unit_flags` = 768, `unit_flags2` = 67110912, `unit_flags3` = 1090519040, `VehicleId` = 0 WHERE `entry` = 189752;
UPDATE `creature_template` SET `faction` = 3270, `npcflag` = 0, `unit_flags` = 768, `unit_flags2` = 2048, `unit_flags3` = 0, `VehicleId` = 0 WHERE `entry` = 189783;
UPDATE `creature_template` SET `faction` = 3272, `npcflag` = 0, `unit_flags` = 0, `unit_flags2` = 2048, `unit_flags3` = 0, `VehicleId` = 0 WHERE `entry` = 189784;
UPDATE `creature_template` SET `faction` = 3272, `npcflag` = 0, `unit_flags` = 0, `unit_flags2` = 2048, `unit_flags3` = 0, `VehicleId` = 0 WHERE `entry` = 189785;
UPDATE `creature_template` SET `faction` = 3306, `npcflag` = 0, `unit_flags` = 0, `unit_flags2` = 2048, `unit_flags3` = 0, `VehicleId` = 0 WHERE `entry` = 189795;
UPDATE `creature_template` SET `faction` = 35, `npcflag` = 0, `unit_flags` = 33555200, `unit_flags2` = 67110912, `unit_flags3` = 1090519041, `VehicleId` = 0 WHERE `entry` = 189898;
UPDATE `creature_template` SET `faction` = 35, `npcflag` = 0, `unit_flags` = 33555200, `unit_flags2` = 67110912, `unit_flags3` = 1073741825, `VehicleId` = 0 WHERE `entry` = 190363;
UPDATE `creature_template` SET `faction` = 190, `npcflag` = 0, `unit_flags` = 0, `unit_flags2` = 2048, `unit_flags3` = 67108864, `VehicleId` = 0 WHERE `entry` = 191615;
UPDATE `creature_template` SET `faction` = 190, `npcflag` = 0, `unit_flags` = 0, `unit_flags2` = 2048, `unit_flags3` = 67108864, `VehicleId` = 0 WHERE `entry` = 191624;
UPDATE `creature_template` SET `faction` = 16, `npcflag` = 0, `unit_flags` = 64, `unit_flags2` = 2048, `unit_flags3` = 67108864, `VehicleId` = 0 WHERE `entry` = 191645;
UPDATE `creature_template` SET `faction` = 188, `npcflag` = 0, `unit_flags` = 0, `unit_flags2` = 2048, `unit_flags3` = 0, `VehicleId` = 0 WHERE `entry` = 191792;
UPDATE `creature_template` SET `faction` = 188, `npcflag` = 0, `unit_flags` = 0, `unit_flags2` = 2048, `unit_flags3` = 0, `VehicleId` = 0 WHERE `entry` = 191809;
UPDATE `creature_template` SET `faction` = 188, `npcflag` = 0, `unit_flags` = 0, `unit_flags2` = 2048, `unit_flags3` = 0, `VehicleId` = 0 WHERE `entry` = 191817;
UPDATE `creature_template` SET `faction` = 188, `npcflag` = 0, `unit_flags` = 512, `unit_flags2` = 2048, `unit_flags3` = 0, `VehicleId` = 0 WHERE `entry` = 192059;
UPDATE `creature_template` SET `faction` = 188, `npcflag` = 0, `unit_flags` = 512, `unit_flags2` = 2048, `unit_flags3` = 0, `VehicleId` = 0 WHERE `entry` = 192103;
UPDATE `creature_template` SET `faction` = 190, `npcflag` = 0, `unit_flags` = 0, `unit_flags2` = 2048, `unit_flags3` = 0, `VehicleId` = 0 WHERE `entry` = 192186;
UPDATE `creature_template` SET `faction` = 3270, `npcflag` = 8193, `unit_flags` = 768, `unit_flags2` = 2048, `unit_flags3` = 0, `VehicleId` = 0 WHERE `entry` = 192484;
UPDATE `creature_template` SET `faction` = 3270, `npcflag` = 4224, `unit_flags` = 0, `unit_flags2` = 2048, `unit_flags3` = 0, `VehicleId` = 0 WHERE `entry` = 193013;
UPDATE `creature_template` SET `faction` = 3272, `npcflag` = 0, `unit_flags` = 0, `unit_flags2` = 2048, `unit_flags3` = 8388608, `VehicleId` = 0 WHERE `entry` = 193164;
UPDATE `creature_template` SET `faction` = 3270, `npcflag` = 1, `unit_flags` = 768, `unit_flags2` = 2048, `unit_flags3` = 0, `VehicleId` = 0 WHERE `entry` = 193174;
UPDATE `creature_template` SET `faction` = 3270, `npcflag` = 0, `unit_flags` = 768, `unit_flags2` = 2048, `unit_flags3` = 0, `VehicleId` = 0 WHERE `entry` = 193237;
UPDATE `creature_template` SET `faction` = 3270, `npcflag` = 0, `unit_flags` = 768, `unit_flags2` = 2048, `unit_flags3` = 0, `VehicleId` = 0 WHERE `entry` = 193281;
UPDATE `creature_template` SET `faction` = 3276, `npcflag` = 3, `unit_flags` = 768, `unit_flags2` = 2048, `unit_flags3` = 1073741824, `VehicleId` = 0 WHERE `entry` = 194136;
UPDATE `creature_template` SET `faction` = 3270, `npcflag` = 1, `unit_flags` = 768, `unit_flags2` = 2048, `unit_flags3` = 0, `VehicleId` = 0 WHERE `entry` = 194394;
UPDATE `creature_template` SET `faction` = 35, `npcflag` = 0, `unit_flags` = 33555200, `unit_flags2` = 67110912, `unit_flags3` = 1090519040, `VehicleId` = 0 WHERE `entry` = 194972;
UPDATE `creature_template` SET `faction` = 35, `npcflag` = 1, `unit_flags` = 768, `unit_flags2` = 2048, `unit_flags3` = 0, `VehicleId` = 0 WHERE `entry` = 196583;
UPDATE `creature_template` SET `faction` = 35, `npcflag` = 0, `unit_flags` = 33555200, `unit_flags2` = 67110912, `unit_flags3` = 1090519040, `VehicleId` = 0 WHERE `entry` = 198618;

-- creature template difficulty
UPDATE `creature_template_difficulty` SET `ContentTuningID` = 2151, `StaticFlags1` = 805306624, `StaticFlags2` = 0, `StaticFlags3` = 0 WHERE `Entry` = 184812;
UPDATE `creature_template_difficulty` SET `ContentTuningID` = 2151, `StaticFlags1` = 268435456, `StaticFlags2` = 0, `StaticFlags3` = 0 WHERE `Entry` = 184813;
UPDATE `creature_template_difficulty` SET `ContentTuningID` = 2151, `StaticFlags1` = 268435456, `StaticFlags2` = 0, `StaticFlags3` = 33554432 WHERE `Entry` = 187193;
UPDATE `creature_template_difficulty` SET `ContentTuningID` = 2151, `StaticFlags1` = 268435456, `StaticFlags2` = 0, `StaticFlags3` = 0 WHERE `Entry` = 187196;
UPDATE `creature_template_difficulty` SET `ContentTuningID` = 2284, `StaticFlags1` = 268435456, `StaticFlags2` = 0, `StaticFlags3` = 0 WHERE `Entry` = 187393;
UPDATE `creature_template_difficulty` SET `ContentTuningID` = 2151, `StaticFlags1` = 268435456, `StaticFlags2` = 0, `StaticFlags3` = 0 WHERE `Entry` = 187683;
UPDATE `creature_template_difficulty` SET `ContentTuningID` = 81, `StaticFlags1` = 268435456, `StaticFlags2` = 0, `StaticFlags3` = 0 WHERE `Entry` = 187863;
UPDATE `creature_template_difficulty` SET `ContentTuningID` = 2284, `StaticFlags1` = 268435456, `StaticFlags2` = 0, `StaticFlags3` = 0 WHERE `Entry` = 187948;
UPDATE `creature_template_difficulty` SET `ContentTuningID` = 2284, `StaticFlags1` = 268435456, `StaticFlags2` = 0, `StaticFlags3` = 0 WHERE `Entry` = 188053;
UPDATE `creature_template_difficulty` SET `ContentTuningID` = 2284, `StaticFlags1` = 268435456, `StaticFlags2` = 0, `StaticFlags3` = 0 WHERE `Entry` = 188503;
UPDATE `creature_template_difficulty` SET `ContentTuningID` = 2284, `StaticFlags1` = 268435456, `StaticFlags2` = 0, `StaticFlags3` = 0 WHERE `Entry` = 188735;
UPDATE `creature_template_difficulty` SET `ContentTuningID` = 2151, `StaticFlags1` = 268435456, `StaticFlags2` = 0, `StaticFlags3` = 0 WHERE `Entry` = 189069;
UPDATE `creature_template_difficulty` SET `ContentTuningID` = 2151, `StaticFlags1` = 268435456, `StaticFlags2` = 0, `StaticFlags3` = 0 WHERE `Entry` = 189070;
UPDATE `creature_template_difficulty` SET `ContentTuningID` = 2284, `StaticFlags1` = 268435456, `StaticFlags2` = 0, `StaticFlags3` = 0 WHERE `Entry` = 189089;
UPDATE `creature_template_difficulty` SET `ContentTuningID` = 2284, `StaticFlags1` = 268435456, `StaticFlags2` = 0, `StaticFlags3` = 0 WHERE `Entry` = 189149;
UPDATE `creature_template_difficulty` SET `ContentTuningID` = 81, `StaticFlags1` = 805306368, `StaticFlags2` = 0, `StaticFlags3` = 0 WHERE `Entry` = 189307;
UPDATE `creature_template_difficulty` SET `ContentTuningID` = 2151, `StaticFlags1` = 268435456, `StaticFlags2` = 0, `StaticFlags3` = 0 WHERE `Entry` = 189554;
UPDATE `creature_template_difficulty` SET `ContentTuningID` = 2284, `StaticFlags1` = 805306624, `StaticFlags2` = 0, `StaticFlags3` = 0 WHERE `Entry` = 189752;
UPDATE `creature_template_difficulty` SET `ContentTuningID` = 2284, `StaticFlags1` = 268435456, `StaticFlags2` = 0, `StaticFlags3` = 0 WHERE `Entry` = 189783;
UPDATE `creature_template_difficulty` SET `ContentTuningID` = 2284, `StaticFlags1` = 268435456, `StaticFlags2` = 0, `StaticFlags3` = 0 WHERE `Entry` = 189784;
UPDATE `creature_template_difficulty` SET `ContentTuningID` = 2284, `StaticFlags1` = 268435456, `StaticFlags2` = 0, `StaticFlags3` = 0 WHERE `Entry` = 189785;
UPDATE `creature_template_difficulty` SET `ContentTuningID` = 2284, `StaticFlags1` = 268435456, `StaticFlags2` = 0, `StaticFlags3` = 0 WHERE `Entry` = 189795;
UPDATE `creature_template_difficulty` SET `ContentTuningID` = 2284, `StaticFlags1` = 536871168, `StaticFlags2` = 0, `StaticFlags3` = 0 WHERE `Entry` = 189898;
UPDATE `creature_template_difficulty` SET `ContentTuningID` = 2078, `StaticFlags1` = 536871168, `StaticFlags2` = 0, `StaticFlags3` = 0 WHERE `Entry` = 190363;
UPDATE `creature_template_difficulty` SET `ContentTuningID` = 2151, `StaticFlags1` = 268435456, `StaticFlags2` = 0, `StaticFlags3` = 0 WHERE `Entry` = 191615;
UPDATE `creature_template_difficulty` SET `ContentTuningID` = 2151, `StaticFlags1` = 268435456, `StaticFlags2` = 0, `StaticFlags3` = 0 WHERE `Entry` = 191624;
UPDATE `creature_template_difficulty` SET `ContentTuningID` = 2151, `StaticFlags1` = 805306368, `StaticFlags2` = 0, `StaticFlags3` = 0 WHERE `Entry` = 191645;
UPDATE `creature_template_difficulty` SET `ContentTuningID` = 81, `StaticFlags1` = 268435456, `StaticFlags2` = 0, `StaticFlags3` = 0 WHERE `Entry` = 191792;
UPDATE `creature_template_difficulty` SET `ContentTuningID` = 81, `StaticFlags1` = 805306368, `StaticFlags2` = 0, `StaticFlags3` = 0 WHERE `Entry` = 191809;
UPDATE `creature_template_difficulty` SET `ContentTuningID` = 81, `StaticFlags1` = 268435456, `StaticFlags2` = 0, `StaticFlags3` = 0 WHERE `Entry` = 191817;
UPDATE `creature_template_difficulty` SET `ContentTuningID` = 371, `StaticFlags1` = 268435456, `StaticFlags2` = 0, `StaticFlags3` = 0 WHERE `Entry` = 192059;
UPDATE `creature_template_difficulty` SET `ContentTuningID` = 371, `StaticFlags1` = 268435456, `StaticFlags2` = 0, `StaticFlags3` = 0 WHERE `Entry` = 192103;
UPDATE `creature_template_difficulty` SET `ContentTuningID` = 2151, `StaticFlags1` = 805306368, `StaticFlags2` = 0, `StaticFlags3` = 0 WHERE `Entry` = 192186;
UPDATE `creature_template_difficulty` SET `ContentTuningID` = 2151, `StaticFlags1` = 268435456, `StaticFlags2` = 0, `StaticFlags3` = 0 WHERE `Entry` = 192484;
UPDATE `creature_template_difficulty` SET `ContentTuningID` = 2284, `StaticFlags1` = 268435456, `StaticFlags2` = 0, `StaticFlags3` = 0 WHERE `Entry` = 193013;
UPDATE `creature_template_difficulty` SET `ContentTuningID` = 883, `StaticFlags1` = 268435456, `StaticFlags2` = 0, `StaticFlags3` = 0 WHERE `Entry` = 193164;
UPDATE `creature_template_difficulty` SET `ContentTuningID` = 2284, `StaticFlags1` = 268435456, `StaticFlags2` = 0, `StaticFlags3` = 0 WHERE `Entry` = 193174;
UPDATE `creature_template_difficulty` SET `ContentTuningID` = 2284, `StaticFlags1` = 268435456, `StaticFlags2` = 0, `StaticFlags3` = 0 WHERE `Entry` = 193237;
UPDATE `creature_template_difficulty` SET `ContentTuningID` = 2151, `StaticFlags1` = 268435456, `StaticFlags2` = 0, `StaticFlags3` = 0 WHERE `Entry` = 193281;
UPDATE `creature_template_difficulty` SET `ContentTuningID` = 2284, `StaticFlags1` = 805306624, `StaticFlags2` = 0, `StaticFlags3` = 33554432 WHERE `Entry` = 194136;
UPDATE `creature_template_difficulty` SET `ContentTuningID` = 2284, `StaticFlags1` = 268435456, `StaticFlags2` = 0, `StaticFlags3` = 0 WHERE `Entry` = 194394;
UPDATE `creature_template_difficulty` SET `ContentTuningID` = 2078, `StaticFlags1` = 536871168, `StaticFlags2` = 0, `StaticFlags3` = 0 WHERE `Entry` = 194972;
UPDATE `creature_template_difficulty` SET `ContentTuningID` = 2078, `StaticFlags1` = 0, `StaticFlags2` = 0, `StaticFlags3` = 0 WHERE `Entry` = 196583;
UPDATE `creature_template_difficulty` SET `ContentTuningID` = 2078, `StaticFlags1` = 536871168, `StaticFlags2` = 0, `StaticFlags3` = 0 WHERE `Entry` = 198618;
