-- DB/WakingShores Map 2444 (Dragon Isles) Zone: 13862 (Valdrakken) Area: (0)

SET @CGUID := 9020000;
SET @OGUID := 9020000;

-- creature
DELETE FROM `creature` WHERE `guid` BETWEEN @CGUID+1 AND @CGUID+170;
INSERT INTO `creature` (`guid`, `id`, `map`, `zoneId`, `areaId`, `spawnDifficulties`, `phaseUseFlags`, `PhaseId`, `PhaseGroup`, `terrainSwapMap`, `modelid`, `equipment_id`, `position_x`, `position_y`, `position_z`, `orientation`, `spawntimesecs`, `wander_distance`, `currentwaypoint`, `curHealthPct`, `MovementType`, `npcflag`, `unit_flags`, `unit_flags2`, `unit_flags3`, `ScriptName`, `StringId`, `VerifiedBuild`) VALUES 
(@CGUID+1, 200745, 2444, 13862, 0, '0', 0, 0, 0, -1, 0, 0, 74.7969, -391.45, 779.749, 3.85246, 7200, 0, 0, 100, 0, NULL, NULL, NULL, NULL, '', NULL, 59466),
(@CGUID+2, 190288, 2444, 13862, 0, '0', 0, 0, 0, -1, 0, 0, 97.0816, -383.875, 779.749, 4.38638, 7200, 0, 0, 100, 0, NULL, NULL, NULL, NULL, '', NULL, 59466),
(@CGUID+3, 181062, 2444, 13862, 0, '0', 0, 0, 0, -1, 0, 0, 118.606, -398.778, 776.31, 5.55215, 7200, 0, 0, 100, 0, NULL, NULL, NULL, NULL, '', NULL, 59466),
(@CGUID+4, 203777, 2444, 13862, 0, '0', 0, 0, 0, -1, 0, 0, 119.651, -401.406, 777.623, 0, 7200, 0, 0, 100, 0, NULL, NULL, NULL, NULL, '', NULL, 59466),
(@CGUID+5, 203777, 2444, 13862, 0, '0', 0, 0, 0, -1, 0, 0, 86.9983, -358.493, 780.651, 0, 7200, 0, 0, 100, 0, NULL, NULL, NULL, NULL, '', NULL, 59466),
(@CGUID+6, 181062, 2444, 13862, 0, '0', 0, 0, 0, -1, 0, 0, 95.6806, -357.608, 780.713, 5.55215, 7200, 0, 0, 100, 0, NULL, NULL, NULL, NULL, '', NULL, 59466),
(@CGUID+7, 203777, 2444, 13862, 0, '0', 0, 0, 0, -1, 0, 0, 104.79, -383.342, 779.749, 0, 7200, 0, 0, 100, 0, NULL, NULL, NULL, NULL, '', NULL, 59466),
(@CGUID+8, 203777, 2444, 13862, 0, '0', 0, 0, 0, -1, 0, 0, 79.2986, -395.243, 779.749, 0, 7200, 0, 0, 100, 0, NULL, NULL, NULL, NULL, '', NULL, 59466),
(@CGUID+9, 195680, 2444, 13862, 0, '0', 0, 0, 0, -1, 0, 0, 39.2326, -384.927, 780.472, 3.89643, 7200, 0, 0, 100, 0, NULL, NULL, NULL, NULL, '', NULL, 59466),
(@CGUID+10, 195683, 2444, 13862, 0, '0', 0, 0, 0, -1, 0, 0, 145.474, -415.615, 778.669, 0, 7200, 0, 0, 100, 0, NULL, NULL, NULL, NULL, '', NULL, 59466),
(@CGUID+11, 203777, 2444, 13862, 0, '0', 0, 0, 0, -1, 0, 0, 49.6493, -370.653, 777.069, 0, 7200, 0, 0, 100, 0, NULL, NULL, NULL, NULL, '', NULL, 59466),
(@CGUID+12, 195680, 2444, 13862, 0, '0', 0, 0, 0, -1, 0, 0, 36.0503, -384.986, 780.985, 0, 7200, 0, 0, 100, 0, NULL, NULL, NULL, NULL, '', NULL, 59466),
(@CGUID+13, 200745, 2444, 13862, 0, '0', 0, 0, 0, -1, 0, 0, 108.007, -387.656, 779.749, 2.88279, 7200, 0, 0, 100, 0, NULL, NULL, NULL, NULL, '', NULL, 59466),
(@CGUID+14, 200745, 2444, 13862, 0, '0', 0, 0, 0, -1, 0, 0, 81.3056, -400.719, 781.435, 1.27929, 7200, 0, 0, 100, 0, NULL, NULL, NULL, NULL, '', NULL, 59466),
(@CGUID+15, 200745, 2444, 13862, 0, '0', 0, 0, 0, -1, 0, 0, 82.349, -359.688, 780.656, 6.26641, 7200, 0, 0, 100, 0, NULL, NULL, NULL, NULL, '', NULL, 59466),
(@CGUID+16, 200745, 2444, 13862, 0, '0', 0, 0, 0, -1, 0, 0, 48.9145, -392.293, 779.791, 0.209995, 7200, 0, 0, 100, 0, NULL, NULL, NULL, NULL, '', NULL, 59466),
(@CGUID+17, 200745, 2444, 13862, 0, '0', 0, 0, 0, -1, 0, 0, 89.158, -385.411, 779.749, 0.447799, 7200, 0, 0, 100, 0, NULL, NULL, NULL, NULL, '', NULL, 59466),
(@CGUID+18, 200745, 2444, 13862, 0, '0', 0, 0, 0, -1, 0, 0, 87.6215, -383.997, 779.749, 5.80092, 7200, 0, 0, 100, 0, NULL, NULL, NULL, NULL, '', NULL, 59466),
(@CGUID+19, 200745, 2444, 13862, 0, '0', 0, 0, 0, -1, 0, 0, 87.4757, -386.503, 779.749, 0.769671, 7200, 0, 0, 100, 0, NULL, NULL, NULL, NULL, '', NULL, 59466),
(@CGUID+20, 200745, 2444, 13862, 0, '0', 0, 0, 0, -1, 0, 0, 80.2396, -398.295, 781.226, 3.91691, 7200, 0, 0, 100, 0, NULL, NULL, NULL, NULL, '', NULL, 59466),
(@CGUID+21, 185563, 2444, 13862, 0, '0', 0, 0, 0, -1, 0, 0, 83.7882, -346.28, 780.65, 4.81981, 7200, 0, 0, 100, 0, NULL, NULL, NULL, NULL, '', NULL, 59466),
(@CGUID+22, 181062, 2444, 13862, 0, '0', 0, 0, 0, -1, 0, 0, 100.903, -335.58, 780.654, 5.55215, 7200, 0, 0, 100, 0, NULL, NULL, NULL, NULL, '', NULL, 59466),
(@CGUID+23, 197766, 2444, 13862, 0, '0', 0, 0, 0, -1, 0, 0, 28.3941, -360.851, 779.277, 2.79494, 7200, 0, 0, 100, 0, NULL, NULL, NULL, NULL, '', NULL, 59466),
(@CGUID+24, 197756, 2444, 13862, 0, '0', 0, 0, 0, -1, 0, 0, 17.8698, -357.323, 780.667, 5.85781, 7200, 0, 0, 100, 0, NULL, NULL, NULL, NULL, '', NULL, 59466),
(@CGUID+25, 197766, 2444, 13862, 0, '0', 0, 0, 0, -1, 0, 0, 26.6545, -366.625, 779.387, 2.34617, 7200, 0, 0, 100, 0, NULL, NULL, NULL, NULL, '', NULL, 59466),
(@CGUID+26, 195686, 2444, 13862, 0, '0', 0, 0, 0, -1, 0, 0, 88.8142, -348.401, 780.732, 3.75446, 7200, 0, 0, 100, 0, NULL, NULL, NULL, NULL, '', NULL, 59466),
(@CGUID+27, 181062, 2444, 13862, 0, '0', 0, 0, 0, -1, 0, 0, 74.3941, -350.747, 780.732, 5.55215, 7200, 0, 0, 100, 0, NULL, NULL, NULL, NULL, '', NULL, 59466),
(@CGUID+28, 197766, 2444, 13862, 0, '0', 0, 0, 0, -1, 0, 0, 30.4566, -359.689, 779.389, 2.93165, 7200, 0, 0, 100, 0, NULL, NULL, NULL, NULL, '', NULL, 59466),
(@CGUID+29, 197766, 2444, 13862, 0, '0', 0, 0, 0, -1, 0, 0, 28.5955, -364.951, 779.457, 2.52951, 7200, 0, 0, 100, 0, NULL, NULL, NULL, NULL, '', NULL, 59466),
(@CGUID+30, 195683, 2444, 13862, 0, '0', 0, 0, 0, -1, 0, 0, 82.2726, -329.924, 782.526, 0, 7200, 0, 0, 100, 0, NULL, NULL, NULL, NULL, '', NULL, 59466),
(@CGUID+31, 197766, 2444, 13862, 0, '0', 0, 0, 0, -1, 0, 0, 27.8767, -358.22, 779.132, 3.04929, 7200, 0, 0, 100, 0, NULL, NULL, NULL, NULL, '', NULL, 59466),
(@CGUID+32, 195686, 2444, 13862, 0, '0', 0, 0, 0, -1, 0, 0, 88.2135, -341.743, 781.123, 2.37327, 7200, 0, 0, 100, 0, NULL, NULL, NULL, NULL, '', NULL, 59466),
(@CGUID+33, 195687, 2444, 13862, 0, '0', 0, 0, 0, -1, 0, 0, 44.3581, -348.668, 780.683, 0.966943, 7200, 0, 0, 100, 0, NULL, NULL, NULL, NULL, '', NULL, 59466),
(@CGUID+34, 197766, 2444, 13862, 0, '0', 0, 0, 0, -1, 0, 0, 22.5087, -367.128, 779.111, 2.0181, 7200, 0, 0, 100, 0, NULL, NULL, NULL, NULL, '', NULL, 59466),
(@CGUID+35, 195686, 2444, 13862, 0, '0', 0, 0, 0, -1, 0, 0, 88.5243, -347.398, 780.732, 0, 7200, 0, 0, 100, 0, NULL, NULL, NULL, NULL, '', NULL, 59466),
(@CGUID+36, 195687, 2444, 13862, 0, '0', 0, 0, 0, -1, 0, 0, 57.8415, -356.752, 780.683, 4.24787, 7200, 0, 0, 100, 0, NULL, NULL, NULL, NULL, '', NULL, 59466),
(@CGUID+37, 197766, 2444, 13862, 0, '0', 0, 0, 0, -1, 0, 0, 25.0295, -364.972, 779.184, 2.32651, 7200, 0, 0, 100, 0, NULL, NULL, NULL, NULL, '', NULL, 59466),
(@CGUID+38, 195686, 2444, 13862, 0, '0', 0, 0, 0, -1, 0, 0, 90.0174, -346.986, 780.984, 3.75446, 7200, 0, 0, 100, 0, NULL, NULL, NULL, NULL, '', NULL, 59466),
(@CGUID+39, 197766, 2444, 13862, 0, '0', 0, 0, 0, -1, 0, 0, 26.6493, -361.434, 779.167, 2.70387, 7200, 0, 0, 100, 0, NULL, NULL, NULL, NULL, '', NULL, 59466),
(@CGUID+40, 200745, 2444, 13862, 0, '0', 0, 0, 0, -1, 0, 0, 71.3576, -343.682, 780.656, 4.30112, 7200, 0, 0, 100, 0, NULL, NULL, NULL, NULL, '', NULL, 59466),
(@CGUID+41, 197766, 2444, 13862, 0, '0', 0, 0, 0, -1, 0, 0, 29.5712, -362.842, 779.447, 2.68595, 7200, 0, 0, 100, 0, NULL, NULL, NULL, NULL, '', NULL, 59466),
(@CGUID+42, 197766, 2444, 13862, 0, '0', 0, 0, 0, -1, 0, 0, 18.7795, -355.668, 781.143, 5.75628, 7200, 0, 0, 100, 0, NULL, NULL, NULL, NULL, '', NULL, 59466),
(@CGUID+43, 197766, 2444, 13862, 0, '0', 0, 0, 0, -1, 0, 0, 23.6649, -361.91, 778.957, 2.47511, 7200, 0, 0, 100, 0, NULL, NULL, NULL, NULL, '', NULL, 59466),
(@CGUID+44, 197766, 2444, 13862, 0, '0', 0, 0, 0, -1, 0, 0, 24.9167, -355.406, 778.981, 3.39945, 7200, 0, 0, 100, 0, NULL, NULL, NULL, NULL, '', NULL, 59466),
(@CGUID+45, 197766, 2444, 13862, 0, '0', 0, 0, 0, -1, 0, 0, 20.9097, -363.868, 778.851, 2.0138, 7200, 0, 0, 100, 0, NULL, NULL, NULL, NULL, '', NULL, 59466),
(@CGUID+46, 190363, 2444, 13862, 0, '0', 0, 0, 0, -1, 0, 0, 16.0747, -358.786, 780.984, 0, 7200, 0, 0, 100, 0, NULL, NULL, NULL, NULL, '', NULL, 59466),
(@CGUID+47, 197766, 2444, 13862, 0, '0', 0, 0, 0, -1, 0, 0, 24.9653, -358.884, 778.991, 2.92266, 7200, 0, 0, 100, 0, NULL, NULL, NULL, NULL, '', NULL, 59466),
(@CGUID+48, 198209, 2444, 13862, 0, '0', 0, 0, 0, -1, 0, 0, 47.8187, -541.939, 759.457, 5.82979, 7200, 10, 0, 100, 1, NULL, NULL, NULL, NULL, '', NULL, 59466),
(@CGUID+49, 199220, 2444, 13862, 0, '0', 0, 0, 0, -1, 0, 0, 161.345, -996.717, 861.91, 1.37757, 7200, 10, 0, 100, 1, NULL, NULL, NULL, NULL, '', NULL, 59466),
(@CGUID+50, 189168, 2444, 13862, 0, '0', 0, 0, 0, -1, 0, 0, 95.7622, -1079.71, 839.997, 0.23627, 7200, 0, 0, 100, 0, NULL, NULL, NULL, NULL, '', NULL, 59466),
(@CGUID+51, 189183, 2444, 13862, 0, '0', 0, 0, 0, -1, 0, 0, 90.7587, -1139.6, 888.066, 1.96775, 7200, 0, 0, 100, 0, NULL, NULL, NULL, NULL, '', NULL, 59466),
(@CGUID+52, 189183, 2444, 13862, 0, '0', 0, 0, 0, -1, 0, 0, 67.7934, -1123.26, 887.761, 5.82805, 7200, 0, 0, 100, 0, NULL, NULL, NULL, NULL, '', NULL, 59466),
(@CGUID+53, 214116, 2444, 13862, 0, '0', 0, 0, 0, -1, 0, 0, 88.8316, -1111.35, 887.751, 0.255846, 7200, 0, 0, 100, 0, NULL, NULL, NULL, NULL, '', NULL, 59466),
(@CGUID+54, 199220, 2444, 13862, 0, '0', 0, 0, 0, -1, 0, 0, 163.796, -994.498, 859.72, 1.1067, 7200, 10, 0, 100, 1, NULL, NULL, NULL, NULL, '', NULL, 59466),
(@CGUID+55, 189028, 2444, 13862, 0, '0', 0, 0, 0, -1, 0, 0, 51.7167, -1060.82, 883.833, 1.5343, 7200, 10, 0, 100, 1, NULL, NULL, NULL, NULL, '', NULL, 59466),
(@CGUID+56, 184168, 2444, 13862, 0, '0', 0, 0, 0, -1, 0, 0, 226.613, -1042.26, 871.163, 6.09456, 7200, 0, 0, 100, 0, NULL, NULL, NULL, NULL, '', NULL, 59466),
(@CGUID+57, 189222, 2444, 13862, 0, '0', 0, 0, 0, -1, 0, 0, 104.122, -1202.42, 892.924, 2.47121, 7200, 0, 0, 100, 0, NULL, NULL, NULL, NULL, '', NULL, 59466),
(@CGUID+58, 185572, 2444, 13862, 0, '0', 0, 0, 0, -1, 0, 0, 126.339, -1071.72, 841.195, 3.41642, 7200, 0, 0, 100, 0, NULL, NULL, NULL, NULL, '', NULL, 59466),
(@CGUID+59, 192013, 2444, 13862, 0, '0', 0, 0, 0, -1, 0, 0, 114.322, -1066.14, 885.922, 2.03293, 7200, 10, 0, 100, 1, NULL, NULL, NULL, NULL, '', NULL, 59466),
(@CGUID+60, 189028, 2444, 13862, 0, '0', 0, 0, 0, -1, 0, 0, 103.479, -1090.63, 884.356, 0.149466, 7200, 0, 0, 100, 0, NULL, NULL, NULL, NULL, '', NULL, 59466),
(@CGUID+61, 189183, 2444, 13862, 0, '0', 0, 0, 0, -1, 0, 0, 42.8819, -1183.94, 886.941, 4.70151, 7200, 0, 0, 100, 0, NULL, NULL, NULL, NULL, '', NULL, 59466),
(@CGUID+62, 189183, 2444, 13862, 0, '0', 0, 0, 0, -1, 0, 0, 53.6493, -1187.44, 887.512, 3.84035, 7200, 0, 0, 100, 0, NULL, NULL, NULL, NULL, '', NULL, 59466),
(@CGUID+63, 193285, 2444, 13862, 0, '0', 0, 0, 0, -1, 0, 0, 191.877, -1009.69, 870.714, 5.96331, 7200, 0, 0, 100, 0, NULL, NULL, NULL, NULL, '', NULL, 59466),
(@CGUID+64, 188995, 2444, 13862, 0, '0', 0, 0, 0, -1, 0, 0, 88.1503, -1079.67, 887.681, 4.42684, 7200, 10, 0, 100, 1, NULL, NULL, NULL, NULL, '', NULL, 59466),
(@CGUID+65, 188869, 2444, 13862, 0, '0', 0, 0, 0, -1, 0, 0, 28.521, -1167.34, 897.681, 1.03367, 7200, 10, 0, 100, 1, NULL, NULL, NULL, NULL, '', NULL, 59466),
(@CGUID+66, 189028, 2444, 13862, 0, '0', 0, 0, 0, -1, 0, 0, 108.356, -1067.58, 915.228, 3.65047, 7200, 10, 0, 100, 1, NULL, NULL, NULL, NULL, '', NULL, 59466),
(@CGUID+67, 189031, 2444, 13862, 0, '0', 0, 0, 0, -1, 0, 0, 105.491, -1105.32, 887.144, 3.0356, 7200, 0, 0, 100, 0, NULL, NULL, NULL, NULL, '', NULL, 59466),
(@CGUID+68, 188869, 2444, 13862, 0, '0', 0, 0, 0, -1, 0, 0, 86.6501, -1156.39, 900.522, 4.78221, 7200, 10, 0, 100, 1, NULL, NULL, NULL, NULL, '', NULL, 59466),
(@CGUID+69, 189028, 2444, 13862, 0, '0', 0, 0, 0, -1, 0, 0, 103.519, -1104.47, 887.428, 0.091747, 7200, 0, 0, 100, 0, NULL, NULL, NULL, NULL, '', NULL, 59466),
(@CGUID+70, 189031, 2444, 13862, 0, '0', 0, 0, 0, -1, 0, 0, 104.686, -1102.53, 886.896, 4.03476, 7200, 0, 0, 100, 0, NULL, NULL, NULL, NULL, '', NULL, 59466),
(@CGUID+71, 188844, 2444, 13862, 0, '0', 0, 0, 0, -1, 0, 0, 118.438, -1090.07, 843.267, 2.7858, 7200, 0, 0, 100, 0, NULL, NULL, NULL, NULL, '', NULL, 59466),
(@CGUID+72, 192013, 2444, 13862, 0, '0', 0, 0, 0, -1, 0, 0, 91.666, -1075, 885.32, 5.26318, 7200, 10, 0, 100, 1, NULL, NULL, NULL, NULL, '', NULL, 59466),
(@CGUID+73, 189028, 2444, 13862, 0, '0', 0, 0, 0, -1, 0, 0, 112.87, -1110.93, 884.465, 0.117763, 7200, 0, 0, 100, 0, NULL, NULL, NULL, NULL, '', NULL, 59466),
(@CGUID+74, 188889, 2444, 13862, 0, '0', 0, 0, 0, -1, 0, 0, 80.8664, -1095.35, 887.946, 3.45401, 7200, 10, 0, 100, 1, NULL, NULL, NULL, NULL, '', NULL, 59466),
(@CGUID+75, 189136, 2444, 13862, 0, '0', 0, 0, 0, -1, 0, 0, 97.6711, -1079.99, 885.387, 5.62738, 7200, 10, 0, 100, 1, NULL, NULL, NULL, NULL, '', NULL, 59466),
(@CGUID+76, 193284, 2444, 13862, 0, '0', 0, 0, 0, -1, 0, 0, 194.686, -1010.62, 870.714, 2.97103, 7200, 0, 0, 100, 0, NULL, NULL, NULL, NULL, '', NULL, 59466),
(@CGUID+77, 189028, 2444, 13862, 0, '0', 0, 0, 0, -1, 0, 0, 44.6146, -1111.69, 885.724, 5.20559, 7200, 0, 0, 100, 0, NULL, NULL, NULL, NULL, '', NULL, 59466),
(@CGUID+78, 189031, 2444, 13862, 0, '0', 0, 0, 0, -1, 0, 0, 41.727, -1115.44, 885.837, 4.39026, 7200, 10, 0, 100, 1, NULL, NULL, NULL, NULL, '', NULL, 59466),
(@CGUID+79, 188995, 2444, 13862, 0, '0', 0, 0, 0, -1, 0, 0, 94.1361, -1138.33, 888.145, 0.985501, 7200, 10, 0, 100, 1, NULL, NULL, NULL, NULL, '', NULL, 59466),
(@CGUID+80, 188869, 2444, 13862, 0, '0', 0, 0, 0, -1, 0, 0, -35.4664, -1174.32, 861.907, 5.21722, 7200, 10, 0, 100, 1, NULL, NULL, NULL, NULL, '', NULL, 59466),
(@CGUID+81, 193011, 2444, 13862, 0, '0', 0, 0, 0, -1, 0, 0, 213.743, -886.457, 769.394, 1.50182, 7200, 0, 0, 100, 0, NULL, NULL, NULL, NULL, '', NULL, 59466),
(@CGUID+82, 193011, 2444, 13862, 0, '0', 0, 0, 0, -1, 0, 0, 214.036, -885.016, 769.394, 4.42275, 7200, 0, 0, 100, 0, NULL, NULL, NULL, NULL, '', NULL, 59466),
(@CGUID+83, 193011, 2444, 13862, 0, '0', 0, 0, 0, -1, 0, 0, 217.335, -891.448, 769.394, 2.92697, 7200, 0, 0, 100, 0, NULL, NULL, NULL, NULL, '', NULL, 59466),
(@CGUID+84, 193011, 2444, 13862, 0, '0', 0, 0, 0, -1, 0, 0, 229.905, -882.224, 769.394, 3.32379, 7200, 0, 0, 100, 0, NULL, NULL, NULL, NULL, '', NULL, 59466),
(@CGUID+85, 193011, 2444, 13862, 0, '0', 0, 0, 0, -1, 0, 0, 228.207, -891.191, 769.394, 2.17576, 7200, 0, 0, 100, 0, NULL, NULL, NULL, NULL, '', NULL, 59466),
(@CGUID+86, 193011, 2444, 13862, 0, '0', 0, 0, 0, -1, 0, 0, 226.552, -889.215, 769.394, 5.52833, 7200, 0, 0, 100, 0, NULL, NULL, NULL, NULL, '', NULL, 59466),
(@CGUID+87, 193011, 2444, 13862, 0, '0', 0, 0, 0, -1, 0, 0, 220.312, -878.014, 769.394, 5.52833, 7200, 0, 0, 100, 0, NULL, NULL, NULL, NULL, '', NULL, 59466),
(@CGUID+88, 193011, 2444, 13862, 0, '0', 0, 0, 0, -1, 0, 0, 224.781, -875.984, 769.394, 4.0547, 7200, 0, 0, 100, 0, NULL, NULL, NULL, NULL, '', NULL, 59466),
(@CGUID+89, 193468, 2444, 13862, 0, '0', 0, 0, 0, -1, 0, 0, 223.701, -884.856, 770.479, 0, 7200, 0, 0, 100, 0, NULL, NULL, NULL, NULL, '', NULL, 59466),
(@CGUID+90, 193011, 2444, 13862, 0, '0', 0, 0, 0, -1, 0, 0, 224.552, -877.858, 769.394, 1.29003, 7200, 0, 0, 100, 0, NULL, NULL, NULL, NULL, '', NULL, 59466),
(@CGUID+91, 193114, 2444, 13862, 0, '0', 0, 0, 0, -1, 0, 0, 237.391, -890.807, 769.635, 0, 7200, 0, 0, 100, 0, NULL, NULL, NULL, NULL, '', NULL, 59466),
(@CGUID+92, 189895, 2444, 13862, 0, '0', 0, 0, 0, -1, 0, 0, -97.5677, -959.431, 817.167, 6.20427, 7200, 0, 0, 100, 0, NULL, NULL, NULL, NULL, '', NULL, 59466),
(@CGUID+93, 184168, 2444, 13862, 0, '0', 0, 0, 0, -1, 0, 0, -98.8872, -984.462, 836.731, 3.6, 7200, 0, 0, 100, 0, NULL, NULL, NULL, NULL, '', NULL, 59466),
(@CGUID+94, 184168, 2444, 13862, 0, '0', 0, 0, 0, -1, 0, 0, -94.3247, -1002.48, 836.732, 3.3451, 7200, 0, 0, 100, 0, NULL, NULL, NULL, NULL, '', NULL, 59466),
(@CGUID+95, 193070, 2444, 13862, 0, '0', 0, 0, 0, -1, 0, 0, -108.061, -884.456, 804.735, 1.2434, 7200, 10, 0, 100, 1, NULL, NULL, NULL, NULL, '', NULL, 59466),
(@CGUID+96, 193037, 2444, 13862, 0, '0', 0, 0, 0, -1, 0, 0, -110.538, -874.648, 804.66, 1.85657, 7200, 0, 0, 100, 0, NULL, NULL, NULL, NULL, '', NULL, 59466),
(@CGUID+97, 193039, 2444, 13862, 0, '0', 0, 0, 0, -1, 0, 0, -111.726, -871.41, 805.231, 5.07225, 7200, 0, 0, 100, 0, NULL, NULL, NULL, NULL, '', NULL, 59466),
(@CGUID+98, 193029, 2444, 13862, 0, '0', 0, 0, 0, -1, 0, 0, -156.538, -900.057, 809.098, 0.498954, 7200, 0, 0, 100, 0, NULL, NULL, NULL, NULL, '', NULL, 59466),
(@CGUID+99, 207633, 2444, 13862, 0, '0', 0, 0, 0, -1, 0, 0, -146.309, -894.513, 809.229, 1.65988, 7200, 0, 0, 100, 0, NULL, NULL, NULL, NULL, '', NULL, 59466),
(@CGUID+100, 207673, 2444, 13862, 0, '0', 0, 0, 0, -1, 0, 0, -148.825, -906.101, 809.098, 4.01726, 7200, 0, 0, 100, 0, NULL, NULL, NULL, NULL, '', NULL, 59466),
(@CGUID+101, 193072, 2444, 13862, 0, '0', 0, 0, 0, -1, 0, 0, -151.403, -902.884, 809.052, 1.21642, 7200, 0, 0, 100, 0, NULL, NULL, NULL, NULL, '', NULL, 59466),
(@CGUID+102, 193074, 2444, 13862, 0, '0', 0, 0, 0, -1, 0, 0, -152.911, -906.271, 816.729, 1.62065, 7200, 0, 0, 100, 0, NULL, NULL, NULL, NULL, '', NULL, 59466),
(@CGUID+103, 189285, 2444, 13862, 0, '0', 0, 0, 0, -1, 0, 0, -109.441, -1138.15, 836.874, 2.91743, 7200, 0, 0, 100, 0, NULL, NULL, NULL, NULL, '', NULL, 59466),
(@CGUID+104, 197783, 2444, 13862, 0, '0', 0, 0, 0, -1, 0, 0, -118.918, -1192.07, 847.796, 0.224719, 7200, 0, 0, 100, 0, NULL, NULL, NULL, NULL, '', NULL, 59466),
(@CGUID+105, 189165, 2444, 13862, 0, '0', 0, 0, 0, -1, 0, 0, -86.1855, -1112.21, 845.012, 2.33917, 7200, 0, 0, 100, 0, NULL, NULL, NULL, NULL, '', NULL, 59466),
(@CGUID+106, 189869, 2444, 13862, 0, '0', 0, 0, 0, -1, 0, 0, -101.087, -1108.81, 845.203, 0.983145, 7200, 0, 0, 100, 0, NULL, NULL, NULL, NULL, '', NULL, 59466),
(@CGUID+107, 192522, 2444, 13862, 0, '0', 0, 0, 0, -1, 0, 0, 6.93229, -1257.95, 891.899, 4.994, 7200, 0, 0, 100, 0, NULL, NULL, NULL, NULL, '', NULL, 59466),
(@CGUID+108, 188889, 2444, 13862, 0, '0', 0, 0, 0, -1, 0, 0, 10.7832, -1265.35, 891.875, 4.15586, 7200, 10, 0, 100, 1, NULL, NULL, NULL, NULL, '', NULL, 59466),
(@CGUID+109, 188889, 2444, 13862, 0, '0', 0, 0, 0, -1, 0, 0, 7.58022, -1258.31, 891.816, 6.21181, 7200, 10, 0, 100, 1, NULL, NULL, NULL, NULL, '', NULL, 59466),
(@CGUID+110, 188929, 2444, 13862, 0, '0', 0, 0, 0, -1, 0, 0, 32.2604, -1292.37, 899.478, 1.02485, 7200, 0, 0, 100, 0, NULL, NULL, NULL, NULL, '', NULL, 59466),
(@CGUID+111, 189895, 2444, 13862, 0, '0', 0, 0, 0, -1, 0, 0, 165.781, -1371.4, 937.743, 3.36697, 7200, 0, 0, 100, 0, NULL, NULL, NULL, NULL, '', NULL, 59466),
(@CGUID+112, 196104, 2444, 13862, 0, '0', 0, 0, 0, -1, 0, 0, 117.977, -1433.09, 943.122, 0.664851, 7200, 0, 0, 100, 0, NULL, NULL, NULL, NULL, '', NULL, 59466),
(@CGUID+113, 193285, 2444, 13862, 0, '0', 0, 0, 0, -1, 0, 0, 121.467, -1376.93, 934.173, 1.6874, 7200, 0, 0, 100, 0, NULL, NULL, NULL, NULL, '', NULL, 59466),
(@CGUID+114, 193285, 2444, 13862, 0, '0', 0, 0, 0, -1, 0, 0, 121.28, -1375.32, 934.173, 5.02002, 7200, 0, 0, 100, 0, NULL, NULL, NULL, NULL, '', NULL, 59466),
(@CGUID+115, 189895, 2444, 13862, 0, '0', 0, 0, 0, -1, 0, 0, 161.335, -1369.17, 936.816, 5.20053, 7200, 0, 0, 100, 0, NULL, NULL, NULL, NULL, '', NULL, 59466),
(@CGUID+116, 189869, 2444, 13862, 0, '0', 0, 0, 0, -1, 0, 0, 162.281, -1373.78, 937.743, 1.00519, 7200, 0, 0, 100, 0, NULL, NULL, NULL, NULL, '', NULL, 59466),
(@CGUID+117, 191767, 2444, 13862, 0, '0', 0, 0, 0, -1, 0, 0, 152.101, -1349.29, 934.101, 3.63638, 7200, 0, 0, 100, 0, NULL, NULL, NULL, NULL, '', NULL, 59466),
(@CGUID+118, 204046, 2444, 13862, 0, '0', 0, 0, 0, -1, 0, 0, 165.601, -1275.47, 938.475, 5.93252, 7200, 0, 0, 100, 0, NULL, NULL, NULL, NULL, '', NULL, 59466),
(@CGUID+119, 196239, 2444, 13862, 0, '0', 0, 0, 0, -1, 0, 0, 122.847, -1414.03, 940.434, 0, 7200, 0, 0, 100, 0, NULL, NULL, NULL, NULL, '', NULL, 59466),
(@CGUID+120, 197695, 2444, 13862, 0, '0', 0, 0, 0, -1, 0, 0, 152.391, -1277.54, 936.858, 1.35722, 7200, 0, 0, 100, 0, NULL, NULL, NULL, NULL, '', NULL, 59466),
(@CGUID+121, 197695, 2444, 13862, 0, '0', 0, 0, 0, -1, 0, 0, 154.13, -1275.86, 936.761, 2.99553, 7200, 0, 0, 100, 0, NULL, NULL, NULL, NULL, '', NULL, 59466),
(@CGUID+122, 197695, 2444, 13862, 0, '0', 0, 0, 0, -1, 0, 0, 152.811, -1267.73, 936.761, 4.67522, 7200, 0, 0, 100, 0, NULL, NULL, NULL, NULL, '', NULL, 59466),
(@CGUID+123, 191767, 2444, 13862, 0, '0', 0, 0, 0, -1, 0, 0, 205.677, -1358.23, 952.038, 0.931271, 7200, 0, 0, 100, 0, NULL, NULL, NULL, NULL, '', NULL, 59466),
(@CGUID+124, 193285, 2444, 13862, 0, '0', 0, 0, 0, -1, 0, 0, 123.259, -1402.87, 937.476, 1.6874, 7200, 0, 0, 100, 0, NULL, NULL, NULL, NULL, '', NULL, 59466),
(@CGUID+125, 193285, 2444, 13862, 0, '0', 0, 0, 0, -1, 0, 0, 123.071, -1401.27, 940.655, 5.02002, 7200, 0, 0, 100, 0, NULL, NULL, NULL, NULL, '', NULL, 59466),
(@CGUID+126, 189869, 2444, 13862, 0, '0', 0, 0, 0, -1, 0, 0, 209.696, -1379.37, 952.03, 1.57872, 7200, 0, 0, 100, 0, NULL, NULL, NULL, NULL, '', NULL, 59466),
(@CGUID+127, 196222, 2444, 13862, 0, '0', 0, 0, 0, -1, 0, 0, 126.222, -1436.24, 943.084, 0, 7200, 0, 0, 100, 0, NULL, NULL, NULL, NULL, '', NULL, 59466),
(@CGUID+128, 196066, 2444, 13862, 0, '0', 0, 0, 0, -1, 0, 0, 121.847, -1425.32, 943.448, 0.477834, 7200, 0, 0, 100, 0, NULL, NULL, NULL, NULL, '', NULL, 59466),
(@CGUID+129, 196076, 2444, 13862, 0, '0', 0, 0, 0, -1, 0, 0, 125.858, -1423.37, 942.421, 5.51874, 7200, 0, 0, 100, 0, NULL, NULL, NULL, NULL, '', NULL, 59466),
(@CGUID+130, 196145, 2444, 13862, 0, '0', 0, 0, 0, -1, 0, 0, 116.835, -1440.74, 942.864, 1.61088, 7200, 0, 0, 100, 0, NULL, NULL, NULL, NULL, '', NULL, 59466),
(@CGUID+131, 196078, 2444, 13862, 0, '0', 0, 0, 0, -1, 0, 0, 133.354, -1420.97, 942.421, 4.17955, 7200, 0, 0, 100, 0, NULL, NULL, NULL, NULL, '', NULL, 59466),
(@CGUID+132, 196074, 2444, 13862, 0, '0', 0, 0, 0, -1, 0, 0, 127.295, -1424.73, 944.634, 1.43635, 7200, 0, 0, 100, 0, NULL, NULL, NULL, NULL, '', NULL, 59466),
(@CGUID+133, 196075, 2444, 13862, 0, '0', 0, 0, 0, -1, 0, 0, 132.207, -1424.94, 944.634, 2.33487, 7200, 0, 0, 100, 0, NULL, NULL, NULL, NULL, '', NULL, 59466),
(@CGUID+134, 210753, 2444, 13862, 0, '0', 0, 0, 0, -1, 0, 0, 199.219, -1385.16, 951.985, 0.511259, 7200, 0, 0, 100, 0, NULL, NULL, NULL, NULL, '', NULL, 59466),
(@CGUID+135, 207497, 2444, 13862, 0, '0', 0, 0, 0, -1, 0, 0, 186.67, -1389.47, 954.231, 0, 7200, 0, 0, 100, 0, NULL, NULL, NULL, NULL, '', NULL, 59466),
(@CGUID+136, 210753, 2444, 13862, 0, '0', 0, 0, 0, -1, 0, 0, 190.927, -1393.14, 951.988, 1.95456, 7200, 0, 0, 100, 0, NULL, NULL, NULL, NULL, '', NULL, 59466),
(@CGUID+137, 210753, 2444, 13862, 0, '0', 0, 0, 0, -1, 0, 0, 205.321, -1380.31, 952.03, 0.809, 7200, 0, 0, 100, 0, NULL, NULL, NULL, NULL, '', NULL, 59466),
(@CGUID+138, 210753, 2444, 13862, 0, '0', 0, 0, 0, -1, 0, 0, 186.384, -1384.24, 951.977, 1.95456, 7200, 0, 0, 100, 0, NULL, NULL, NULL, NULL, '', NULL, 59466),
(@CGUID+139, 197641, 2444, 13862, 0, '0', 0, 0, 0, -1, 0, 0, 191.976, -1300.02, 937.385, 4.81144, 7200, 0, 0, 100, 0, NULL, NULL, NULL, NULL, '', NULL, 59466),
(@CGUID+140, 210753, 2444, 13862, 0, '0', 0, 0, 0, -1, 0, 0, 197.266, -1374.74, 952.03, 1.89444, 7200, 0, 0, 100, 0, NULL, NULL, NULL, NULL, '', NULL, 59466),
(@CGUID+141, 210753, 2444, 13862, 0, '0', 0, 0, 0, -1, 0, 0, 203.752, -1371.25, 952.03, 1.95456, 7200, 0, 0, 100, 0, NULL, NULL, NULL, NULL, '', NULL, 59466),
(@CGUID+142, 195610, 2444, 13862, 0, '0', 0, 0, 0, -1, 0, 0, 198.106, -1396.92, 846.536, 3.39871, 7200, 0, 0, 100, 0, NULL, NULL, NULL, NULL, '', NULL, 59466),
(@CGUID+143, 197617, 2444, 13862, 0, '0', 0, 0, 0, -1, 0, 0, 189.509, -1295.58, 938.624, 1.35705, 7200, 0, 0, 100, 0, NULL, NULL, NULL, NULL, '', NULL, 59466),
(@CGUID+144, 196425, 2444, 13862, 0, '0', 0, 0, 0, -1, 0, 0, 137.26, -1452.51, 941.998, 0.625231, 7200, 0, 0, 100, 0, NULL, NULL, NULL, NULL, '', NULL, 59466),
(@CGUID+145, 193285, 2444, 13862, 0, '0', 0, 0, 0, -1, 0, 0, 198.052, -1371.07, 952.105, 5.85017, 7200, 0, 0, 100, 0, NULL, NULL, NULL, NULL, '', NULL, 59466),
(@CGUID+146, 196245, 2444, 13862, 0, '0', 0, 0, 0, -1, 0, 0, 136.618, -1412.83, 940.426, 0, 7200, 0, 0, 100, 0, NULL, NULL, NULL, NULL, '', NULL, 59466),
(@CGUID+147, 196243, 2444, 13862, 0, '0', 0, 0, 0, -1, 0, 0, 144.899, -1431.85, 942.559, 0, 7200, 0, 0, 100, 0, NULL, NULL, NULL, NULL, '', NULL, 59466),
(@CGUID+148, 196152, 2444, 13862, 0, '0', 0, 0, 0, -1, 0, 0, 130.085, -1423.28, 944.493, 0, 7200, 0, 0, 100, 0, NULL, NULL, NULL, NULL, '', NULL, 59466),
(@CGUID+149, 197812, 2444, 13862, 0, '0', 0, 0, 0, -1, 0, 0, 262.861, -1384.77, 956.305, 4.09782, 7200, 0, 0, 100, 0, NULL, NULL, NULL, NULL, '', NULL, 59466),
(@CGUID+150, 195039, 2444, 13862, 0, '0', 0, 0, 0, -1, 0, 0, 239.658, -1457.21, 847.706, 4.76156, 7200, 0, 0, 100, 0, NULL, NULL, NULL, NULL, '', NULL, 59466),
(@CGUID+151, 193285, 2444, 13862, 0, '0', 0, 0, 0, -1, 0, 0, 234.602, -1329.21, 951.998, 3.1029, 7200, 0, 0, 100, 0, NULL, NULL, NULL, NULL, '', NULL, 59466),
(@CGUID+152, 193643, 2444, 13862, 0, '0', 0, 0, 0, -1, 0, 0, 241.855, -1379.36, 954.178, 0.519166, 7200, 0, 0, 100, 0, NULL, NULL, NULL, NULL, '', NULL, 59466),
(@CGUID+153, 192307, 2444, 13862, 0, '0', 0, 0, 0, -1, 0, 0, 248.231, -1352.55, 953.04, 4.43411, 7200, 0, 0, 100, 0, NULL, NULL, NULL, NULL, '', NULL, 59466),
(@CGUID+154, 193643, 2444, 13862, 0, '0', 0, 0, 0, -1, 0, 0, 252.663, -1346.99, 952.794, 2.03444, 7200, 0, 0, 100, 0, NULL, NULL, NULL, NULL, '', NULL, 59466),
(@CGUID+155, 193643, 2444, 13862, 0, '0', 0, 0, 0, -1, 0, 0, 239.171, -1308.96, 957.298, 2.63601, 7200, 10, 0, 100, 1, NULL, NULL, NULL, NULL, '', NULL, 59466),
(@CGUID+156, 203019, 2444, 13862, 0, '0', 0, 0, 0, -1, 0, 0, 275.087, -1327.73, 955.559, 3.44173, 7200, 0, 0, 100, 0, NULL, NULL, NULL, NULL, '', NULL, 59466),
(@CGUID+157, 195608, 2444, 13862, 0, '0', 0, 0, 0, -1, 0, 0, 259.599, -1391.37, 827.221, 5.59731, 7200, 0, 0, 100, 0, NULL, NULL, NULL, NULL, '', NULL, 59466),
(@CGUID+158, 195605, 2444, 13862, 0, '0', 0, 0, 0, -1, 0, 0, 242.653, -1362.14, 830.224, 1.20503, 7200, 0, 0, 100, 0, NULL, NULL, NULL, NULL, '', NULL, 59466),
(@CGUID+159, 197695, 2444, 13862, 0, '0', 0, 0, 0, -1, 0, 0, 204.543, -1278.26, 936.739, 4.11242, 7200, 0, 0, 100, 0, NULL, NULL, NULL, NULL, '', NULL, 59466),
(@CGUID+160, 197695, 2444, 13862, 0, '0', 0, 0, 0, -1, 0, 0, 203.634, -1279.59, 936.747, 1.16395, 7200, 0, 0, 100, 0, NULL, NULL, NULL, NULL, '', NULL, 59466),
(@CGUID+161, 195380, 2444, 13862, 0, '0', 0, 0, 0, -1, 0, 0, 279.884, -1436.04, 921.975, 5.19675, 7200, 0, 0, 100, 0, NULL, NULL, NULL, NULL, '', NULL, 59466),
(@CGUID+162, 189895, 2444, 13862, 0, '0', 0, 0, 0, -1, 0, 0, 58.9878, -867.175, 838.109, 4.87301, 7200, 0, 0, 100, 0, NULL, NULL, NULL, NULL, '', NULL, 59466),
(@CGUID+163, 189895, 2444, 13862, 0, '0', 0, 0, 0, -1, 0, 0, 42.0747, -941.368, 838.155, 6.09312, 7200, 0, 0, 100, 0, NULL, NULL, NULL, NULL, '', NULL, 59466),
(@CGUID+164, 189869, 2444, 13862, 0, '0', 0, 0, 0, -1, 0, 0, 92.6701, -727.941, 793.207, 4.5223, 7200, 0, 0, 100, 0, NULL, NULL, NULL, NULL, '', NULL, 59466),
(@CGUID+165, 195293, 2444, 13862, 0, '0', 0, 0, 0, -1, 0, 0, 308.073, -1252.59, 1010.91, 5.89981, 7200, 0, 0, 100, 0, NULL, NULL, NULL, NULL, '', NULL, 59466),
(@CGUID+166, 195293, 2444, 13862, 0, '0', 0, 0, 0, -1, 0, 0, 276.559, -1193.6, 1011.39, 0.47824, 7200, 0, 0, 100, 0, NULL, NULL, NULL, NULL, '', NULL, 59466),
(@CGUID+167, 198246, 2444, 13862, 0, '0', 0, 0, 0, -1, 0, 0, 253.002, -1228.6, 1014.13, 0.988057, 7200, 0, 0, 100, 0, NULL, NULL, NULL, NULL, '', NULL, 59466),
(@CGUID+168, 195226, 2444, 13862, 0, '0', 0, 0, 0, -1, 0, 0, 219.686, -1201.95, 1000.12, 3.50722, 7200, 0, 0, 100, 0, NULL, NULL, NULL, NULL, '', NULL, 59466),
(@CGUID+169, 195293, 2444, 13862, 0, '0', 0, 0, 0, -1, 0, 0, 153.187, -1223.15, 1000.2, 3.16966, 7200, 0, 0, 100, 0, NULL, NULL, NULL, NULL, '', NULL, 59466),
(@CGUID+170, 196156, 2444, 13862, 0, '0', 0, 0, 0, -1, 0, 0, -45.6522, -985.703, 878.338, 0.314296, 7200, 10, 0, 100, 1, NULL, NULL, NULL, NULL, '', NULL, 59466);

-- creature addon
DELETE FROM `creature_addon` WHERE `guid` BETWEEN @CGUID+1 AND @CGUID+170;
INSERT INTO `creature_addon` (`guid`, `PathId`, `mount`, `MountCreatureID`, `StandState`, `AnimTier`, `VisFlags`, `SheathState`, `PvPFlags`, `emote`, `aiAnimKit`, `movementAnimKit`, `meleeAnimKit`, `visibilityDistanceType`, `auras`) VALUES 
(@CGUID+1, 0, 0, 0, 0, 3, 0, 1, 0, 0, 0, 0, 0, 0, '398819'),
(@CGUID+2, 0, 0, 0, 0, 0, 0, 1, 0, 0, 0, 0, 0, 0, ''),
(@CGUID+3, 0, 0, 0, 0, 0, 0, 1, 0, 0, 0, 0, 0, 0, ''),
(@CGUID+4, 0, 0, 0, 0, 0, 0, 1, 0, 0, 0, 0, 0, 0, ''),
(@CGUID+5, 0, 0, 0, 0, 0, 0, 1, 0, 0, 0, 0, 0, 0, ''),
(@CGUID+6, 0, 0, 0, 0, 0, 0, 1, 0, 0, 0, 0, 0, 0, ''),
(@CGUID+7, 0, 0, 0, 0, 0, 0, 1, 0, 0, 0, 0, 0, 0, ''),
(@CGUID+8, 0, 0, 0, 0, 0, 0, 1, 0, 0, 0, 0, 0, 0, ''),
(@CGUID+9, 0, 0, 0, 0, 0, 0, 1, 0, 0, 18310, 0, 0, 0, '386407'),
(@CGUID+10, 0, 0, 0, 0, 3, 0, 1, 0, 0, 0, 0, 0, 0, ''),
(@CGUID+11, 0, 0, 0, 0, 0, 0, 1, 0, 0, 0, 0, 0, 0, ''),
(@CGUID+12, 0, 0, 0, 0, 3, 0, 1, 0, 0, 0, 0, 0, 0, ''),
(@CGUID+13, 0, 0, 0, 0, 3, 0, 1, 0, 0, 0, 0, 0, 0, '398819'),
(@CGUID+14, 0, 0, 0, 0, 0, 0, 1, 0, 615, 0, 0, 0, 0, '398819'),
(@CGUID+15, 0, 0, 0, 0, 3, 0, 1, 0, 0, 0, 0, 0, 0, '398819'),
(@CGUID+16, 0, 0, 0, 0, 3, 0, 1, 0, 0, 0, 0, 0, 0, '398819'),
(@CGUID+17, 0, 0, 0, 0, 0, 0, 1, 0, 615, 0, 0, 0, 0, ''),
(@CGUID+18, 0, 0, 0, 0, 3, 0, 1, 0, 0, 0, 0, 0, 0, '398819'),
(@CGUID+19, 0, 0, 0, 0, 3, 0, 1, 0, 0, 0, 0, 0, 0, '398819'),
(@CGUID+20, 0, 0, 0, 0, 3, 0, 1, 0, 0, 0, 0, 0, 0, '398819'),
(@CGUID+21, 0, 0, 0, 0, 0, 0, 1, 1, 0, 0, 0, 0, 0, ''),
(@CGUID+22, 0, 0, 0, 0, 0, 0, 1, 0, 0, 0, 0, 0, 0, ''),
(@CGUID+23, 0, 0, 0, 0, 3, 0, 1, 0, 0, 0, 0, 0, 0, ''),
(@CGUID+24, 0, 0, 0, 0, 0, 0, 0, 0, 0, 0, 0, 0, 0, '391680'),
(@CGUID+25, 0, 0, 0, 0, 3, 0, 1, 0, 0, 0, 0, 0, 0, ''),
(@CGUID+26, 0, 0, 0, 3, 0, 0, 1, 0, 0, 0, 0, 0, 0, ''),
(@CGUID+27, 0, 0, 0, 0, 0, 0, 1, 0, 0, 0, 0, 0, 0, ''),
(@CGUID+28, 0, 0, 0, 0, 3, 0, 1, 0, 0, 0, 0, 0, 0, ''),
(@CGUID+29, 0, 0, 0, 0, 3, 0, 1, 0, 0, 0, 0, 0, 0, ''),
(@CGUID+30, 0, 0, 0, 0, 0, 0, 1, 0, 0, 18310, 0, 0, 0, ''),
(@CGUID+31, 0, 0, 0, 0, 0, 0, 1, 0, 0, 18310, 0, 0, 0, ''),
(@CGUID+32, 0, 0, 0, 3, 0, 0, 1, 0, 0, 0, 0, 0, 0, '381710'),
(@CGUID+33, 0, 0, 0, 0, 3, 0, 1, 0, 0, 0, 0, 0, 0, ''),
(@CGUID+34, 0, 0, 0, 0, 3, 0, 1, 0, 0, 0, 0, 0, 0, ''),
(@CGUID+35, 0, 0, 0, 3, 0, 0, 1, 0, 0, 0, 0, 0, 0, '381710'),
(@CGUID+36, 0, 0, 0, 0, 3, 0, 1, 0, 0, 0, 0, 0, 0, ''),
(@CGUID+37, 0, 0, 0, 0, 0, 0, 1, 0, 0, 18310, 0, 0, 0, ''),
(@CGUID+38, 0, 0, 0, 3, 0, 0, 1, 0, 0, 0, 0, 0, 0, '381710'),
(@CGUID+39, 0, 0, 0, 0, 0, 0, 1, 0, 0, 18310, 0, 0, 0, ''),
(@CGUID+40, 0, 0, 0, 0, 3, 0, 1, 0, 0, 0, 0, 0, 0, '398819'),
(@CGUID+41, 0, 0, 0, 0, 3, 0, 1, 0, 0, 0, 0, 0, 0, ''),
(@CGUID+42, 0, 0, 0, 0, 0, 0, 1, 0, 0, 18310, 0, 0, 0, ''),
(@CGUID+43, 0, 0, 0, 0, 3, 0, 1, 0, 0, 0, 0, 0, 0, ''),
(@CGUID+44, 0, 0, 0, 0, 0, 0, 1, 0, 0, 18310, 0, 0, 0, ''),
(@CGUID+45, 0, 0, 0, 0, 0, 0, 1, 0, 0, 18310, 0, 0, 0, ''),
(@CGUID+46, 0, 0, 0, 0, 0, 0, 1, 0, 0, 0, 0, 0, 0, ''),
(@CGUID+47, 0, 0, 0, 0, 0, 0, 1, 0, 0, 18310, 0, 0, 0, ''),
(@CGUID+48, 0, 0, 0, 0, 0, 0, 1, 0, 0, 0, 0, 0, 0, '382759'),
(@CGUID+49, 0, 0, 0, 0, 3, 0, 1, 0, 0, 0, 0, 0, 0, ''),
(@CGUID+50, 0, 0, 0, 0, 0, 0, 1, 1, 0, 0, 0, 0, 0, '372207'),
(@CGUID+51, 0, 0, 0, 0, 0, 0, 1, 1, 0, 0, 0, 0, 0, ''),
(@CGUID+52, 0, 0, 0, 0, 0, 0, 1, 1, 0, 0, 0, 0, 0, ''),
(@CGUID+53, 0, 0, 0, 0, 0, 0, 1, 0, 0, 0, 0, 0, 0, '381337'),
(@CGUID+54, 0, 0, 0, 0, 3, 0, 1, 0, 0, 0, 0, 0, 0, ''),
(@CGUID+55, 0, 0, 0, 0, 3, 0, 1, 0, 0, 26062, 0, 0, 0, ''),
(@CGUID+56, 0, 0, 0, 0, 0, 0, 1, 1, 717, 0, 0, 0, 0, ''),
(@CGUID+57, 0, 0, 0, 0, 0, 0, 1, 1, 0, 0, 0, 0, 0, '106562'),
(@CGUID+58, 0, 0, 0, 0, 0, 0, 1, 1, 0, 0, 0, 0, 0, ''),
(@CGUID+59, 0, 0, 0, 0, 0, 0, 1, 0, 0, 0, 0, 0, 0, ''),
(@CGUID+60, 0, 0, 0, 0, 3, 0, 1, 0, 0, 26033, 0, 0, 0, ''),
(@CGUID+61, 0, 0, 0, 0, 0, 0, 1, 1, 0, 0, 0, 0, 0, ''),
(@CGUID+62, 0, 0, 0, 0, 0, 0, 1, 1, 0, 0, 0, 0, 0, ''),
(@CGUID+63, 0, 0, 0, 0, 0, 0, 1, 0, 0, 0, 0, 0, 0, '383207'),
(@CGUID+64, 0, 0, 0, 0, 0, 0, 1, 0, 0, 0, 0, 0, 0, ''),
(@CGUID+65, 0, 0, 0, 0, 3, 0, 1, 0, 0, 0, 0, 0, 0, ''),
(@CGUID+66, 0, 0, 0, 0, 3, 0, 1, 0, 0, 0, 0, 0, 0, ''),
(@CGUID+67, 0, 0, 0, 0, 0, 0, 1, 0, 0, 26033, 0, 0, 0, ''),
(@CGUID+68, 0, 0, 0, 0, 3, 0, 1, 0, 0, 0, 0, 0, 0, ''),
(@CGUID+69, 0, 0, 0, 0, 0, 0, 1, 0, 0, 26033, 0, 0, 0, ''),
(@CGUID+70, 0, 0, 0, 0, 0, 0, 1, 0, 0, 26033, 0, 0, 0, ''),
(@CGUID+71, 0, 0, 0, 0, 0, 0, 1, 0, 0, 0, 0, 0, 0, '371620'),
(@CGUID+72, 0, 0, 0, 0, 0, 0, 1, 0, 0, 0, 0, 0, 0, ''),
(@CGUID+73, 0, 0, 0, 0, 3, 0, 1, 0, 0, 26033, 0, 0, 0, ''),
(@CGUID+74, 0, 0, 0, 0, 0, 0, 1, 0, 0, 0, 0, 0, 0, ''),
(@CGUID+75, 0, 0, 0, 0, 0, 0, 1, 0, 0, 0, 0, 0, 0, ''),
(@CGUID+76, 0, 0, 0, 0, 0, 0, 1, 0, 0, 0, 0, 0, 0, ''),
(@CGUID+77, 0, 0, 0, 0, 0, 0, 1, 0, 0, 0, 0, 0, 0, ''),
(@CGUID+78, 0, 0, 0, 0, 0, 0, 1, 0, 0, 0, 0, 0, 0, ''),
(@CGUID+79, 0, 0, 0, 0, 0, 0, 1, 0, 0, 0, 0, 0, 0, ''),
(@CGUID+80, 0, 0, 0, 0, 3, 0, 1, 0, 0, 0, 0, 0, 0, ''),
(@CGUID+81, 0, 0, 0, 0, 0, 0, 1, 0, 10, 0, 0, 0, 0, ''),
(@CGUID+82, 0, 0, 0, 0, 0, 0, 1, 0, 10, 0, 0, 0, 0, ''),
(@CGUID+83, 0, 0, 0, 0, 0, 0, 1, 0, 10, 0, 0, 0, 0, ''),
(@CGUID+84, 0, 0, 0, 0, 0, 0, 1, 0, 10, 0, 0, 0, 0, ''),
(@CGUID+85, 0, 0, 0, 0, 0, 0, 1, 0, 10, 0, 0, 0, 0, ''),
(@CGUID+86, 0, 0, 0, 0, 0, 0, 1, 0, 10, 0, 0, 0, 0, ''),
(@CGUID+87, 0, 0, 0, 0, 0, 0, 1, 0, 10, 0, 0, 0, 0, ''),
(@CGUID+88, 0, 0, 0, 0, 0, 0, 1, 0, 10, 0, 0, 0, 0, ''),
(@CGUID+89, 0, 0, 0, 0, 3, 0, 1, 0, 0, 0, 0, 0, 0, ''),
(@CGUID+90, 0, 0, 0, 0, 0, 0, 1, 0, 10, 0, 0, 0, 0, ''),
(@CGUID+91, 0, 0, 0, 0, 3, 0, 1, 0, 0, 0, 0, 0, 0, ''),
(@CGUID+92, 0, 0, 0, 0, 0, 0, 1, 0, 0, 0, 0, 0, 0, '373086'),
(@CGUID+93, 0, 0, 0, 0, 0, 0, 1, 1, 717, 0, 0, 0, 0, ''),
(@CGUID+94, 0, 0, 0, 0, 0, 0, 1, 1, 714, 0, 0, 0, 0, ''),
(@CGUID+95, 0, 0, 0, 0, 0, 0, 1, 0, 0, 0, 0, 0, 0, ''),
(@CGUID+96, 0, 0, 0, 0, 0, 0, 1, 0, 0, 0, 0, 0, 0, ''),
(@CGUID+97, 0, 0, 0, 1, 0, 0, 1, 0, 0, 0, 0, 0, 0, ''),
(@CGUID+98, 0, 0, 0, 0, 0, 0, 1, 1, 483, 0, 0, 0, 0, ''),
(@CGUID+99, 0, 0, 0, 0, 0, 0, 1, 0, 0, 0, 0, 0, 0, '96573'),
(@CGUID+100, 0, 0, 0, 0, 0, 0, 1, 0, 0, 0, 0, 0, 0, '145953'),
(@CGUID+101, 0, 0, 0, 0, 0, 0, 1, 0, 0, 0, 0, 0, 0, ''),
(@CGUID+102, 0, 0, 0, 0, 3, 0, 1, 0, 0, 0, 0, 0, 0, ''),
(@CGUID+103, 0, 0, 0, 1, 0, 0, 1, 0, 0, 0, 0, 0, 0, ''),
(@CGUID+104, 0, 0, 0, 0, 0, 0, 1, 0, 743, 0, 0, 0, 0, ''),
(@CGUID+105, 0, 0, 0, 0, 0, 0, 0, 1, 0, 0, 0, 0, 0, ''),
(@CGUID+106, 0, 0, 0, 0, 0, 0, 1, 0, 0, 0, 0, 0, 0, '373086'),
(@CGUID+107, 0, 0, 0, 0, 0, 0, 1, 0, 0, 0, 0, 0, 0, ''),
(@CGUID+108, 0, 0, 0, 0, 0, 0, 1, 0, 0, 0, 0, 0, 0, ''),
(@CGUID+109, 0, 0, 0, 0, 0, 0, 1, 0, 0, 0, 0, 0, 0, ''),
(@CGUID+110, 0, 0, 0, 0, 0, 0, 1, 0, 0, 0, 0, 0, 0, ''),
(@CGUID+111, 0, 0, 0, 0, 0, 0, 1, 0, 0, 0, 0, 0, 0, ''),
(@CGUID+112, 0, 0, 0, 0, 0, 0, 1, 0, 0, 0, 0, 0, 0, ''),
(@CGUID+113, 0, 0, 0, 0, 0, 0, 1, 0, 0, 0, 0, 0, 0, '369706'),
(@CGUID+114, 0, 0, 0, 0, 0, 0, 1, 0, 0, 0, 0, 0, 0, ''),
(@CGUID+115, 0, 0, 0, 0, 0, 0, 1, 0, 0, 0, 0, 0, 0, ''),
(@CGUID+116, 0, 0, 0, 0, 0, 0, 1, 0, 0, 0, 0, 0, 0, ''),
(@CGUID+117, 0, 0, 0, 0, 0, 0, 0, 1, 0, 0, 0, 0, 0, ''),
(@CGUID+118, 0, 0, 0, 0, 0, 0, 1, 0, 10, 0, 0, 0, 0, ''),
(@CGUID+119, 0, 0, 0, 0, 0, 0, 1, 0, 0, 0, 0, 0, 0, ''),
(@CGUID+120, 0, 0, 0, 1, 0, 0, 1, 0, 0, 0, 0, 0, 0, ''),
(@CGUID+121, 0, 0, 0, 1, 0, 0, 1, 0, 0, 0, 0, 0, 0, ''),
(@CGUID+122, 0, 0, 0, 0, 0, 0, 1, 0, 483, 0, 0, 0, 0, ''),
(@CGUID+123, 0, 0, 0, 0, 0, 0, 0, 1, 0, 0, 0, 0, 0, ''),
(@CGUID+124, 0, 0, 0, 0, 0, 0, 1, 0, 0, 0, 0, 0, 0, '369706'),
(@CGUID+125, 0, 0, 0, 0, 0, 0, 1, 0, 0, 0, 0, 0, 0, ''),
(@CGUID+126, 0, 0, 0, 0, 0, 0, 1, 0, 0, 0, 0, 0, 0, ''),
(@CGUID+127, 0, 0, 0, 0, 0, 0, 1, 0, 0, 0, 0, 0, 0, ''),
(@CGUID+128, 0, 0, 0, 0, 0, 0, 1, 0, 0, 0, 0, 0, 0, ''),
(@CGUID+129, 0, 0, 0, 0, 0, 0, 1, 0, 173, 0, 0, 0, 0, ''),
(@CGUID+130, 0, 0, 0, 0, 0, 0, 1, 0, 461, 0, 0, 0, 0, ''),
(@CGUID+131, 0, 0, 0, 0, 0, 0, 1, 0, 0, 0, 0, 0, 0, ''),
(@CGUID+132, 0, 0, 0, 0, 0, 0, 1, 0, 173, 0, 0, 0, 0, ''),
(@CGUID+133, 0, 0, 0, 0, 0, 0, 1, 0, 173, 0, 0, 0, 0, ''),
(@CGUID+134, 0, 0, 0, 0, 0, 0, 1, 0, 0, 0, 0, 0, 0, '423325'),
(@CGUID+135, 0, 0, 0, 0, 0, 0, 1, 0, 0, 0, 0, 0, 0, ''),
(@CGUID+136, 0, 0, 0, 0, 0, 0, 1, 0, 0, 0, 0, 0, 0, '423325'),
(@CGUID+137, 0, 0, 0, 0, 0, 0, 1, 0, 0, 0, 0, 0, 0, '423325'),
(@CGUID+138, 0, 0, 0, 0, 0, 0, 1, 0, 0, 0, 0, 0, 0, '423325'),
(@CGUID+139, 0, 0, 0, 0, 0, 0, 1, 0, 69, 0, 0, 0, 0, ''),
(@CGUID+140, 0, 0, 0, 0, 0, 0, 1, 0, 0, 0, 0, 0, 0, '423325'),
(@CGUID+141, 0, 0, 0, 0, 0, 0, 1, 0, 0, 0, 0, 0, 0, '423325'),
(@CGUID+142, 0, 0, 0, 0, 0, 0, 1, 0, 173, 0, 0, 0, 0, ''),
(@CGUID+143, 0, 0, 0, 0, 0, 0, 1, 0, 616, 0, 0, 0, 0, ''),
(@CGUID+144, 0, 0, 0, 0, 0, 4, 1, 0, 0, 0, 0, 0, 0, ''),
(@CGUID+145, 0, 0, 0, 0, 0, 0, 1, 0, 0, 0, 0, 0, 0, '370885'),
(@CGUID+146, 0, 0, 0, 0, 0, 0, 1, 0, 0, 0, 0, 0, 0, ''),
(@CGUID+147, 0, 0, 0, 0, 0, 0, 1, 0, 0, 0, 0, 0, 0, ''),
(@CGUID+148, 0, 0, 0, 0, 0, 0, 1, 0, 0, 0, 0, 0, 0, ''),
(@CGUID+149, 0, 0, 0, 0, 0, 0, 1, 0, 757, 0, 0, 0, 0, ''),
(@CGUID+150, 0, 0, 0, 0, 0, 0, 1, 0, 0, 0, 0, 0, 0, ''),
(@CGUID+151, 0, 0, 0, 0, 0, 0, 1, 0, 0, 0, 0, 0, 0, ''),
(@CGUID+152, 0, 0, 0, 0, 0, 0, 1, 0, 0, 0, 0, 0, 0, ''),
(@CGUID+153, 0, 0, 0, 0, 0, 0, 1, 0, 0, 0, 0, 0, 0, ''),
(@CGUID+154, 0, 0, 0, 0, 0, 0, 1, 0, 0, 0, 0, 0, 0, ''),
(@CGUID+155, 0, 0, 0, 0, 0, 0, 1, 0, 0, 0, 0, 0, 0, ''),
(@CGUID+156, 0, 0, 0, 0, 0, 0, 1, 0, 0, 0, 0, 0, 0, ''),
(@CGUID+157, 0, 0, 0, 0, 0, 0, 1, 0, 173, 0, 0, 0, 0, ''),
(@CGUID+158, 0, 0, 0, 0, 0, 0, 1, 0, 173, 0, 0, 0, 0, ''),
(@CGUID+159, 0, 0, 0, 0, 0, 0, 1, 0, 0, 0, 0, 0, 0, '369706'),
(@CGUID+160, 0, 0, 0, 0, 0, 0, 1, 0, 0, 0, 0, 0, 0, ''),
(@CGUID+161, 0, 0, 0, 0, 3, 0, 1, 0, 0, 0, 0, 0, 0, ''),
(@CGUID+162, 0, 0, 0, 0, 0, 0, 1, 0, 0, 0, 0, 0, 0, '373086'),
(@CGUID+163, 0, 0, 0, 0, 0, 0, 1, 0, 0, 0, 0, 0, 0, '373086'),
(@CGUID+164, 0, 0, 0, 0, 0, 0, 1, 0, 0, 0, 0, 0, 0, ''),
(@CGUID+165, 0, 0, 0, 0, 3, 0, 1, 0, 0, 0, 0, 0, 0, ''),
(@CGUID+166, 0, 0, 0, 0, 3, 0, 1, 0, 0, 0, 0, 0, 0, ''),
(@CGUID+167, 0, 0, 0, 0, 0, 0, 1, 0, 0, 0, 0, 0, 0, ''),
(@CGUID+168, 0, 0, 0, 0, 0, 0, 1, 0, 0, 0, 0, 0, 0, ''),
(@CGUID+169, 0, 0, 0, 0, 3, 0, 1, 0, 0, 0, 0, 0, 0, ''),
(@CGUID+170, 0, 0, 0, 0, 0, 0, 1, 0, 483, 0, 0, 0, 3, '374008 360001');

-- creature template addon
DELETE FROM `creature_template_addon` WHERE `entry` IN(181062,184168,185563,185572,188844,188869,188889,188929,188995,189028,189031,189136,189165,189168,189183,189222,189285,189869,189895,190288,190363,191767,192013,192307,192522,193011,193029,193037,193039,193070,193072,193074,193114,193284,193285,193468,193643,195039,195226,195293,195380,195605,195608,195610,195680,195683,195686,195687,196066,196074,196075,196076,196078,196104,196145,196152,196156,196222,196239,196243,196245,196425,197617,197641,197695,197756,197766,197783,197812,198209,198246,199220,200745,203019,203777,204046,207497,207633,207673,210753,214116);
INSERT INTO `creature_template_addon` (`entry`, `PathId`, `mount`, `MountCreatureID`, `StandState`, `AnimTier`, `VisFlags`, `SheathState`, `PvPFlags`, `emote`, `aiAnimKit`, `movementAnimKit`, `meleeAnimKit`, `visibilityDistanceType`, `auras`) VALUES 
(181062, 0, 0, 0, 0, 0, 0, 1, 0, 0, 0, 0, 0, 0, ''),
(184168, 0, 0, 0, 0, 0, 0, 1, 1, 0, 0, 0, 0, 0, ''),
(185563, 0, 0, 0, 0, 0, 0, 1, 1, 0, 0, 0, 0, 0, ''),
(185572, 0, 0, 0, 0, 0, 0, 1, 1, 0, 0, 0, 0, 0, ''),
(188844, 0, 0, 0, 0, 0, 0, 1, 0, 0, 0, 0, 0, 0, '371620'),
(188869, 0, 0, 0, 0, 3, 0, 1, 0, 0, 0, 0, 0, 0, ''),
(188889, 0, 0, 0, 0, 0, 0, 1, 0, 0, 0, 0, 0, 0, ''),
(188929, 0, 0, 0, 0, 0, 0, 1, 0, 0, 0, 0, 0, 0, ''),
(188995, 0, 0, 0, 0, 0, 0, 1, 0, 0, 0, 0, 0, 0, ''),
(189028, 0, 0, 0, 0, 3, 0, 1, 0, 0, 26062, 0, 0, 0, ''),
(189031, 0, 0, 0, 0, 0, 0, 1, 0, 0, 26033, 0, 0, 0, ''),
(189136, 0, 0, 0, 0, 0, 0, 1, 0, 0, 0, 0, 0, 0, ''),
(189165, 0, 0, 0, 0, 0, 0, 0, 1, 0, 0, 0, 0, 0, ''),
(189168, 0, 0, 0, 0, 0, 0, 1, 1, 0, 0, 0, 0, 0, '372207'),
(189183, 0, 0, 0, 0, 0, 0, 1, 1, 0, 0, 0, 0, 0, ''),
(189222, 0, 0, 0, 0, 0, 0, 1, 1, 0, 0, 0, 0, 0, '106562'),
(189285, 0, 0, 0, 1, 0, 0, 1, 0, 0, 0, 0, 0, 0, ''),
(189869, 0, 0, 0, 0, 0, 0, 1, 0, 0, 0, 0, 0, 0, '373086'),
(189895, 0, 0, 0, 0, 0, 0, 1, 0, 0, 0, 0, 0, 0, '373086'),
(190288, 0, 0, 0, 0, 0, 0, 1, 0, 0, 0, 0, 0, 0, ''),
(190363, 0, 0, 0, 0, 0, 0, 1, 0, 0, 0, 0, 0, 0, ''),
(191767, 0, 0, 0, 0, 0, 0, 0, 1, 0, 0, 0, 0, 0, ''),
(192013, 0, 0, 0, 0, 0, 0, 1, 0, 0, 0, 0, 0, 0, ''),
(192307, 0, 0, 0, 0, 0, 0, 1, 0, 0, 0, 0, 0, 0, ''),
(192522, 0, 0, 0, 0, 0, 0, 1, 0, 0, 0, 0, 0, 0, ''),
(193011, 0, 0, 0, 0, 0, 0, 1, 0, 0, 0, 0, 0, 0, ''),
(193029, 0, 0, 0, 0, 0, 0, 1, 1, 0, 0, 0, 0, 0, ''),
(193037, 0, 0, 0, 0, 0, 0, 1, 0, 0, 0, 0, 0, 0, ''),
(193039, 0, 0, 0, 1, 0, 0, 1, 0, 0, 0, 0, 0, 0, ''),
(193070, 0, 0, 0, 0, 0, 0, 1, 0, 0, 0, 0, 0, 0, ''),
(193072, 0, 0, 0, 0, 0, 0, 1, 0, 0, 0, 0, 0, 0, ''),
(193074, 0, 0, 0, 0, 3, 0, 1, 0, 0, 0, 0, 0, 0, ''),
(193114, 0, 0, 0, 0, 3, 0, 1, 0, 0, 0, 0, 0, 0, ''),
(193284, 0, 0, 0, 0, 0, 0, 1, 0, 0, 0, 0, 0, 0, ''),
(193285, 0, 0, 0, 0, 0, 0, 1, 0, 0, 0, 0, 0, 0, '369706'),
(193468, 0, 0, 0, 0, 3, 0, 1, 0, 0, 0, 0, 0, 0, ''),
(193643, 0, 0, 0, 0, 0, 0, 1, 0, 0, 0, 0, 0, 0, ''),
(195039, 0, 0, 0, 0, 0, 0, 1, 0, 0, 0, 0, 0, 0, ''),
(195226, 0, 0, 0, 0, 0, 0, 1, 0, 0, 0, 0, 0, 0, ''),
(195293, 0, 0, 0, 0, 3, 0, 1, 0, 0, 0, 0, 0, 0, ''),
(195380, 0, 0, 0, 0, 3, 0, 1, 0, 0, 0, 0, 0, 0, ''),
(195605, 0, 0, 0, 0, 0, 0, 1, 0, 0, 0, 0, 0, 0, ''),
(195608, 0, 0, 0, 0, 0, 0, 1, 0, 0, 0, 0, 0, 0, ''),
(195610, 0, 0, 0, 0, 0, 0, 1, 0, 0, 0, 0, 0, 0, ''),
(195680, 0, 0, 0, 0, 0, 0, 1, 0, 0, 18310, 0, 0, 0, '386407'),
(195683, 0, 0, 0, 0, 3, 0, 1, 0, 0, 0, 0, 0, 0, ''),
(195686, 0, 0, 0, 3, 0, 0, 1, 0, 0, 0, 0, 0, 0, ''),
(195687, 0, 0, 0, 0, 3, 0, 1, 0, 0, 0, 0, 0, 0, ''),
(196066, 0, 0, 0, 0, 0, 0, 1, 0, 0, 0, 0, 0, 0, ''),
(196074, 0, 0, 0, 0, 0, 0, 1, 0, 0, 0, 0, 0, 0, ''),
(196075, 0, 0, 0, 0, 0, 0, 1, 0, 0, 0, 0, 0, 0, ''),
(196076, 0, 0, 0, 0, 0, 0, 1, 0, 0, 0, 0, 0, 0, ''),
(196078, 0, 0, 0, 0, 0, 0, 1, 0, 0, 0, 0, 0, 0, ''),
(196104, 0, 0, 0, 0, 0, 0, 1, 0, 0, 0, 0, 0, 0, ''),
(196145, 0, 0, 0, 0, 0, 0, 1, 0, 0, 0, 0, 0, 0, ''),
(196152, 0, 0, 0, 0, 0, 0, 1, 0, 0, 0, 0, 0, 0, ''),
(196156, 0, 0, 0, 0, 0, 0, 1, 0, 0, 0, 0, 0, 3, '374008 360001'),
(196222, 0, 0, 0, 0, 0, 0, 1, 0, 0, 0, 0, 0, 0, ''),
(196239, 0, 0, 0, 0, 0, 0, 1, 0, 0, 0, 0, 0, 0, ''),
(196243, 0, 0, 0, 0, 0, 0, 1, 0, 0, 0, 0, 0, 0, ''),
(196245, 0, 0, 0, 0, 0, 0, 1, 0, 0, 0, 0, 0, 0, ''),
(196425, 0, 0, 0, 0, 0, 4, 1, 0, 0, 0, 0, 0, 0, ''),
(197617, 0, 0, 0, 0, 0, 0, 1, 0, 0, 0, 0, 0, 0, ''),
(197641, 0, 0, 0, 0, 0, 0, 1, 0, 0, 0, 0, 0, 0, ''),
(197695, 0, 0, 0, 1, 0, 0, 1, 0, 0, 0, 0, 0, 0, ''),
(197756, 0, 0, 0, 0, 0, 0, 0, 0, 0, 0, 0, 0, 0, '391680'),
(197766, 0, 0, 0, 0, 3, 0, 1, 0, 0, 0, 0, 0, 0, ''),
(197783, 0, 0, 0, 0, 0, 0, 1, 0, 0, 0, 0, 0, 0, ''),
(197812, 0, 0, 0, 0, 0, 0, 1, 0, 0, 0, 0, 0, 0, ''),
(198209, 0, 0, 0, 0, 0, 0, 1, 0, 0, 0, 0, 0, 0, '382759'),
(198246, 0, 0, 0, 0, 0, 0, 1, 0, 0, 0, 0, 0, 0, ''),
(199220, 0, 0, 0, 0, 3, 0, 1, 0, 0, 0, 0, 0, 0, ''),
(200745, 0, 0, 0, 0, 3, 0, 1, 0, 0, 0, 0, 0, 0, '398819'),
(203019, 0, 0, 0, 0, 0, 0, 1, 0, 0, 0, 0, 0, 0, ''),
(203777, 0, 0, 0, 0, 0, 0, 1, 0, 0, 0, 0, 0, 0, ''),
(204046, 0, 0, 0, 0, 0, 0, 1, 0, 0, 0, 0, 0, 0, ''),
(207497, 0, 0, 0, 0, 0, 0, 1, 0, 0, 0, 0, 0, 0, ''),
(207633, 0, 0, 0, 0, 0, 0, 1, 0, 0, 0, 0, 0, 0, '96573'),
(207673, 0, 0, 0, 0, 0, 0, 1, 0, 0, 0, 0, 0, 0, '145953'),
(210753, 0, 0, 0, 0, 0, 0, 1, 0, 0, 0, 0, 0, 0, '423325'),
(214116, 0, 0, 0, 0, 0, 0, 1, 0, 0, 0, 0, 0, 0, '381337');

-- creature template
UPDATE `creature_template` SET `faction` = 35, `npcflag` = 0, `unit_flags` = 33555200, `unit_flags2` = 67110912, `unit_flags3` = 1090551808, `VehicleId` = 0 WHERE `entry` = 181062;
UPDATE `creature_template` SET `faction` = 3277, `npcflag` = 1, `unit_flags` = 64, `unit_flags2` = 2048, `unit_flags3` = 8388608, `VehicleId` = 0 WHERE `entry` = 184168;
UPDATE `creature_template` SET `faction` = 35, `npcflag` = 4194467, `unit_flags` = 512, `unit_flags2` = 2048, `unit_flags3` = 0, `VehicleId` = 0 WHERE `entry` = 185563;
UPDATE `creature_template` SET `faction` = 35, `npcflag` = 131076, `unit_flags` = 512, `unit_flags2` = 2048, `unit_flags3` = 0, `VehicleId` = 0 WHERE `entry` = 185572;
UPDATE `creature_template` SET `faction` = 1816, `npcflag` = 0, `unit_flags` = 0, `unit_flags2` = 2048, `unit_flags3` = 0, `VehicleId` = 0 WHERE `entry` = 188844;
UPDATE `creature_template` SET `faction` = 3276, `npcflag` = 0, `unit_flags` = 0, `unit_flags2` = 2048, `unit_flags3` = 67108864, `VehicleId` = 0 WHERE `entry` = 188869;
UPDATE `creature_template` SET `faction` = 35, `npcflag` = 16777216, `unit_flags` = 0, `unit_flags2` = 2048, `unit_flags3` = 0, `VehicleId` = 0 WHERE `entry` = 188889;
UPDATE `creature_template` SET `faction` = 35, `npcflag` = 0, `unit_flags` = 0, `unit_flags2` = 2048, `unit_flags3` = 0, `VehicleId` = 0 WHERE `entry` = 188929;
UPDATE `creature_template` SET `faction` = 35, `npcflag` = 0, `unit_flags` = 0, `unit_flags2` = 2048, `unit_flags3` = 67108864, `VehicleId` = 0 WHERE `entry` = 188995;
UPDATE `creature_template` SET `faction` = 1816, `npcflag` = 0, `unit_flags` = 0, `unit_flags2` = 2048, `unit_flags3` = 0, `VehicleId` = 0 WHERE `entry` = 189028;
UPDATE `creature_template` SET `faction` = 1816, `npcflag` = 0, `unit_flags` = 768, `unit_flags2` = 2048, `unit_flags3` = 0, `VehicleId` = 0 WHERE `entry` = 189031;
UPDATE `creature_template` SET `faction` = 188, `npcflag` = 1073741824, `unit_flags` = 512, `unit_flags2` = 2048, `unit_flags3` = 0, `VehicleId` = 0 WHERE `entry` = 189136;
UPDATE `creature_template` SET `faction` = 3277, `npcflag` = 1, `unit_flags` = 0, `unit_flags2` = 2048, `unit_flags3` = 8388608, `VehicleId` = 0 WHERE `entry` = 189165;
UPDATE `creature_template` SET `faction` = 3276, `npcflag` = 131076, `unit_flags` = 512, `unit_flags2` = 2048, `unit_flags3` = 0, `VehicleId` = 0 WHERE `entry` = 189168;
UPDATE `creature_template` SET `faction` = 3277, `npcflag` = 0, `unit_flags` = 0, `unit_flags2` = 2048, `unit_flags3` = 8388608, `VehicleId` = 0 WHERE `entry` = 189183;
UPDATE `creature_template` SET `faction` = 3276, `npcflag` = 0, `unit_flags` = 512, `unit_flags2` = 2048, `unit_flags3` = 0, `VehicleId` = 0 WHERE `entry` = 189222;
UPDATE `creature_template` SET `faction` = 3278, `npcflag` = 0, `unit_flags` = 0, `unit_flags2` = 2048, `unit_flags3` = 0, `VehicleId` = 0 WHERE `entry` = 189285;
UPDATE `creature_template` SET `faction` = 3277, `npcflag` = 1, `unit_flags` = 0, `unit_flags2` = 2048, `unit_flags3` = 0, `VehicleId` = 0 WHERE `entry` = 189869;
UPDATE `creature_template` SET `faction` = 3277, `npcflag` = 1, `unit_flags` = 0, `unit_flags2` = 2048, `unit_flags3` = 0, `VehicleId` = 0 WHERE `entry` = 189895;
UPDATE `creature_template` SET `faction` = 35, `npcflag` = 16777216, `unit_flags` = 0, `unit_flags2` = 2048, `unit_flags3` = 0, `VehicleId` = 0 WHERE `entry` = 190288;
UPDATE `creature_template` SET `faction` = 35, `npcflag` = 0, `unit_flags` = 33555200, `unit_flags2` = 67110912, `unit_flags3` = 1073741825, `VehicleId` = 0 WHERE `entry` = 190363;
UPDATE `creature_template` SET `faction` = 3277, `npcflag` = 1, `unit_flags` = 0, `unit_flags2` = 2048, `unit_flags3` = 8388608, `VehicleId` = 0 WHERE `entry` = 191767;
UPDATE `creature_template` SET `faction` = 188, `npcflag` = 0, `unit_flags` = 512, `unit_flags2` = 2048, `unit_flags3` = 0, `VehicleId` = 0 WHERE `entry` = 192013;
UPDATE `creature_template` SET `faction` = 35, `npcflag` = 0, `unit_flags` = 0, `unit_flags2` = 2048, `unit_flags3` = 0, `VehicleId` = 0 WHERE `entry` = 192307;
UPDATE `creature_template` SET `faction` = 35, `npcflag` = 3, `unit_flags` = 256, `unit_flags2` = 2048, `unit_flags3` = 0, `VehicleId` = 0 WHERE `entry` = 192522;
UPDATE `creature_template` SET `faction` = 3277, `npcflag` = 0, `unit_flags` = 0, `unit_flags2` = 2048, `unit_flags3` = 0, `VehicleId` = 0 WHERE `entry` = 193011;
UPDATE `creature_template` SET `faction` = 35, `npcflag` = 128, `unit_flags` = 0, `unit_flags2` = 2048, `unit_flags3` = 0, `VehicleId` = 0 WHERE `entry` = 193029;
UPDATE `creature_template` SET `faction` = 35, `npcflag` = 0, `unit_flags` = 0, `unit_flags2` = 2048, `unit_flags3` = 67108864, `VehicleId` = 0 WHERE `entry` = 193037;
UPDATE `creature_template` SET `faction` = 35, `npcflag` = 0, `unit_flags` = 0, `unit_flags2` = 2048, `unit_flags3` = 0, `VehicleId` = 0 WHERE `entry` = 193039;
UPDATE `creature_template` SET `faction` = 35, `npcflag` = 0, `unit_flags` = 0, `unit_flags2` = 2048, `unit_flags3` = 0, `VehicleId` = 0 WHERE `entry` = 193070;
UPDATE `creature_template` SET `faction` = 35, `npcflag` = 0, `unit_flags` = 512, `unit_flags2` = 2048, `unit_flags3` = 0, `VehicleId` = 0 WHERE `entry` = 193072;
UPDATE `creature_template` SET `faction` = 35, `npcflag` = 0, `unit_flags` = 512, `unit_flags2` = 2048, `unit_flags3` = 0, `VehicleId` = 0 WHERE `entry` = 193074;
UPDATE `creature_template` SET `faction` = 35, `npcflag` = 0, `unit_flags` = 33554432, `unit_flags2` = 2048, `unit_flags3` = 1073741824, `VehicleId` = 0 WHERE `entry` = 193114;
UPDATE `creature_template` SET `faction` = 35, `npcflag` = 0, `unit_flags` = 256, `unit_flags2` = 2048, `unit_flags3` = 0, `VehicleId` = 0 WHERE `entry` = 193284;
UPDATE `creature_template` SET `faction` = 35, `npcflag` = 0, `unit_flags` = 256, `unit_flags2` = 2048, `unit_flags3` = 0, `VehicleId` = 0 WHERE `entry` = 193285;
UPDATE `creature_template` SET `faction` = 35, `npcflag` = 0, `unit_flags` = 33554432, `unit_flags2` = 2048, `unit_flags3` = 1073741824, `VehicleId` = 0 WHERE `entry` = 193468;
UPDATE `creature_template` SET `faction` = 1816, `npcflag` = 0, `unit_flags` = 0, `unit_flags2` = 2048, `unit_flags3` = 67108864, `VehicleId` = 0 WHERE `entry` = 193643;
UPDATE `creature_template` SET `faction` = 16, `npcflag` = 0, `unit_flags` = 64, `unit_flags2` = 2048, `unit_flags3` = 0, `VehicleId` = 0 WHERE `entry` = 195039;
UPDATE `creature_template` SET `faction` = 188, `npcflag` = 0, `unit_flags` = 0, `unit_flags2` = 2048, `unit_flags3` = 0, `VehicleId` = 0 WHERE `entry` = 195226;
UPDATE `creature_template` SET `faction` = 190, `npcflag` = 0, `unit_flags` = 0, `unit_flags2` = 2048, `unit_flags3` = 0, `VehicleId` = 0 WHERE `entry` = 195293;
UPDATE `creature_template` SET `faction` = 190, `npcflag` = 0, `unit_flags` = 0, `unit_flags2` = 2048, `unit_flags3` = 67108864, `VehicleId` = 0 WHERE `entry` = 195380;
UPDATE `creature_template` SET `faction` = 16, `npcflag` = 0, `unit_flags` = 64, `unit_flags2` = 2048, `unit_flags3` = 0, `VehicleId` = 0 WHERE `entry` = 195605;
UPDATE `creature_template` SET `faction` = 16, `npcflag` = 0, `unit_flags` = 64, `unit_flags2` = 2048, `unit_flags3` = 0, `VehicleId` = 0 WHERE `entry` = 195608;
UPDATE `creature_template` SET `faction` = 16, `npcflag` = 0, `unit_flags` = 64, `unit_flags2` = 2048, `unit_flags3` = 0, `VehicleId` = 0 WHERE `entry` = 195610;
UPDATE `creature_template` SET `faction` = 35, `npcflag` = 1, `unit_flags` = 0, `unit_flags2` = 2048, `unit_flags3` = 0, `VehicleId` = 0 WHERE `entry` = 195680;
UPDATE `creature_template` SET `faction` = 35, `npcflag` = 1, `unit_flags` = 0, `unit_flags2` = 2048, `unit_flags3` = 0, `VehicleId` = 0 WHERE `entry` = 195683;
UPDATE `creature_template` SET `faction` = 35, `npcflag` = 0, `unit_flags` = 0, `unit_flags2` = 2048, `unit_flags3` = 0, `VehicleId` = 0 WHERE `entry` = 195686;
UPDATE `creature_template` SET `faction` = 35, `npcflag` = 1, `unit_flags` = 0, `unit_flags2` = 2048, `unit_flags3` = 0, `VehicleId` = 0 WHERE `entry` = 195687;
UPDATE `creature_template` SET `faction` = 3270, `npcflag` = 3, `unit_flags` = 256, `unit_flags2` = 2048, `unit_flags3` = 0, `VehicleId` = 0 WHERE `entry` = 196066;
UPDATE `creature_template` SET `faction` = 3270, `npcflag` = 0, `unit_flags` = 256, `unit_flags2` = 2048, `unit_flags3` = 0, `VehicleId` = 0 WHERE `entry` = 196074;
UPDATE `creature_template` SET `faction` = 3270, `npcflag` = 0, `unit_flags` = 256, `unit_flags2` = 2048, `unit_flags3` = 0, `VehicleId` = 0 WHERE `entry` = 196075;
UPDATE `creature_template` SET `faction` = 3270, `npcflag` = 0, `unit_flags` = 256, `unit_flags2` = 2048, `unit_flags3` = 0, `VehicleId` = 0 WHERE `entry` = 196076;
UPDATE `creature_template` SET `faction` = 3270, `npcflag` = 0, `unit_flags` = 256, `unit_flags2` = 2048, `unit_flags3` = 0, `VehicleId` = 0 WHERE `entry` = 196078;
UPDATE `creature_template` SET `faction` = 2028, `npcflag` = 0, `unit_flags` = 0, `unit_flags2` = 2048, `unit_flags3` = 8388608, `VehicleId` = 0 WHERE `entry` = 196104;
UPDATE `creature_template` SET `faction` = 2028, `npcflag` = 1, `unit_flags` = 256, `unit_flags2` = 2048, `unit_flags3` = 0, `VehicleId` = 0 WHERE `entry` = 196145;
UPDATE `creature_template` SET `faction` = 35, `npcflag` = 0, `unit_flags` = 33555200, `unit_flags2` = 67110912, `unit_flags3` = 16777216, `VehicleId` = 0 WHERE `entry` = 196152;
UPDATE `creature_template` SET `faction` = 3315, `npcflag` = 1, `unit_flags` = 768, `unit_flags2` = 2048, `unit_flags3` = 0, `VehicleId` = 0 WHERE `entry` = 196156;
UPDATE `creature_template` SET `faction` = 35, `npcflag` = 0, `unit_flags` = 33555200, `unit_flags2` = 67110912, `unit_flags3` = 16777216, `VehicleId` = 0 WHERE `entry` = 196222;
UPDATE `creature_template` SET `faction` = 35, `npcflag` = 0, `unit_flags` = 33555200, `unit_flags2` = 67110912, `unit_flags3` = 16777216, `VehicleId` = 0 WHERE `entry` = 196239;
UPDATE `creature_template` SET `faction` = 35, `npcflag` = 0, `unit_flags` = 33555200, `unit_flags2` = 67110912, `unit_flags3` = 16777216, `VehicleId` = 0 WHERE `entry` = 196243;
UPDATE `creature_template` SET `faction` = 35, `npcflag` = 0, `unit_flags` = 33555200, `unit_flags2` = 67110912, `unit_flags3` = 16777216, `VehicleId` = 0 WHERE `entry` = 196245;
UPDATE `creature_template` SET `faction` = 2028, `npcflag` = 1, `unit_flags` = 33555200, `unit_flags2` = 2048, `unit_flags3` = 0, `VehicleId` = 0 WHERE `entry` = 196425;
UPDATE `creature_template` SET `faction` = 35, `npcflag` = 1, `unit_flags` = 0, `unit_flags2` = 2048, `unit_flags3` = 0, `VehicleId` = 0 WHERE `entry` = 197617;
UPDATE `creature_template` SET `faction` = 35, `npcflag` = 1, `unit_flags` = 0, `unit_flags2` = 2048, `unit_flags3` = 0, `VehicleId` = 0 WHERE `entry` = 197641;
UPDATE `creature_template` SET `faction` = 35, `npcflag` = 0, `unit_flags` = 256, `unit_flags2` = 2048, `unit_flags3` = 0, `VehicleId` = 0 WHERE `entry` = 197695;
UPDATE `creature_template` SET `faction` = 534, `npcflag` = 0, `unit_flags` = 768, `unit_flags2` = 2048, `unit_flags3` = 0, `VehicleId` = 0 WHERE `entry` = 197756;
UPDATE `creature_template` SET `faction` = 35, `npcflag` = 1, `unit_flags` = 0, `unit_flags2` = 2048, `unit_flags3` = 0, `VehicleId` = 0 WHERE `entry` = 197766;
UPDATE `creature_template` SET `faction` = 35, `npcflag` = 0, `unit_flags` = 768, `unit_flags2` = 2048, `unit_flags3` = 0, `VehicleId` = 7999 WHERE `entry` = 197783;
UPDATE `creature_template` SET `faction` = 35, `npcflag` = 1, `unit_flags` = 0, `unit_flags2` = 2048, `unit_flags3` = 0, `VehicleId` = 0 WHERE `entry` = 197812;
UPDATE `creature_template` SET `faction` = 35, `npcflag` = 0, `unit_flags` = 256, `unit_flags2` = 2048, `unit_flags3` = 0, `VehicleId` = 0 WHERE `entry` = 198209;
UPDATE `creature_template` SET `faction` = 190, `npcflag` = 0, `unit_flags` = 0, `unit_flags2` = 2048, `unit_flags3` = 67108864, `VehicleId` = 0 WHERE `entry` = 198246;
UPDATE `creature_template` SET `faction` = 188, `npcflag` = 0, `unit_flags` = 0, `unit_flags2` = 2048, `unit_flags3` = 0, `VehicleId` = 0 WHERE `entry` = 199220;
UPDATE `creature_template` SET `faction` = 35, `npcflag` = 0, `unit_flags` = 0, `unit_flags2` = 2048, `unit_flags3` = 0, `VehicleId` = 0 WHERE `entry` = 200745;
UPDATE `creature_template` SET `faction` = 35, `npcflag` = 128, `unit_flags` = 0, `unit_flags2` = 2048, `unit_flags3` = 0, `VehicleId` = 0 WHERE `entry` = 203019;
UPDATE `creature_template` SET `faction` = 35, `npcflag` = 0, `unit_flags` = 33555200, `unit_flags2` = 67110912, `unit_flags3` = 1090551808, `VehicleId` = 0 WHERE `entry` = 203777;
UPDATE `creature_template` SET `faction` = 35, `npcflag` = 1, `unit_flags` = 64, `unit_flags2` = 2048, `unit_flags3` = 0, `VehicleId` = 0 WHERE `entry` = 204046;
UPDATE `creature_template` SET `faction` = 35, `npcflag` = 0, `unit_flags` = 768, `unit_flags2` = 2048, `unit_flags3` = 1090519040, `VehicleId` = 0 WHERE `entry` = 207497;
UPDATE `creature_template` SET `faction` = 35, `npcflag` = 0, `unit_flags` = 768, `unit_flags2` = 2048, `unit_flags3` = 0, `VehicleId` = 0 WHERE `entry` = 207633;
UPDATE `creature_template` SET `faction` = 35, `npcflag` = 0, `unit_flags` = 768, `unit_flags2` = 2048, `unit_flags3` = 0, `VehicleId` = 0 WHERE `entry` = 207673;
UPDATE `creature_template` SET `faction` = 35, `npcflag` = 0, `unit_flags` = 768, `unit_flags2` = 2048, `unit_flags3` = 16777216, `VehicleId` = 0 WHERE `entry` = 210753;
UPDATE `creature_template` SET `faction` = 3276, `npcflag` = 0, `unit_flags` = 256, `unit_flags2` = 2048, `unit_flags3` = 0, `VehicleId` = 0 WHERE `entry` = 214116;

-- creature template difficulty
UPDATE `creature_template_difficulty` SET `ContentTuningID` = 2043, `StaticFlags1` = 536871168, `StaticFlags2` = 0, `StaticFlags3` = 0 WHERE `Entry` = 181062;
UPDATE `creature_template_difficulty` SET `ContentTuningID` = 2078, `StaticFlags1` = 268435456, `StaticFlags2` = 0, `StaticFlags3` = 0 WHERE `Entry` = 184168;
UPDATE `creature_template_difficulty` SET `ContentTuningID` = 373, `StaticFlags1` = 0, `StaticFlags2` = 0, `StaticFlags3` = 0 WHERE `Entry` = 185563;
UPDATE `creature_template_difficulty` SET `ContentTuningID` = 2164, `StaticFlags1` = 0, `StaticFlags2` = 0, `StaticFlags3` = 0 WHERE `Entry` = 185572;
UPDATE `creature_template_difficulty` SET `ContentTuningID` = 2401, `StaticFlags1` = 268435456, `StaticFlags2` = 0, `StaticFlags3` = 0 WHERE `Entry` = 188844;
UPDATE `creature_template_difficulty` SET `ContentTuningID` = 2401, `StaticFlags1` = 805306368, `StaticFlags2` = 0, `StaticFlags3` = 0 WHERE `Entry` = 188869;
UPDATE `creature_template_difficulty` SET `ContentTuningID` = 2401, `StaticFlags1` = 268435456, `StaticFlags2` = 0, `StaticFlags3` = 0 WHERE `Entry` = 188889;
UPDATE `creature_template_difficulty` SET `ContentTuningID` = 2401, `StaticFlags1` = 268435456, `StaticFlags2` = 0, `StaticFlags3` = 0 WHERE `Entry` = 188929;
UPDATE `creature_template_difficulty` SET `ContentTuningID` = 2401, `StaticFlags1` = 268435456, `StaticFlags2` = 0, `StaticFlags3` = 0 WHERE `Entry` = 188995;
UPDATE `creature_template_difficulty` SET `ContentTuningID` = 2401, `StaticFlags1` = 805306368, `StaticFlags2` = 0, `StaticFlags3` = 0 WHERE `Entry` = 189028;
UPDATE `creature_template_difficulty` SET `ContentTuningID` = 2401, `StaticFlags1` = 268435456, `StaticFlags2` = 0, `StaticFlags3` = 0 WHERE `Entry` = 189031;
UPDATE `creature_template_difficulty` SET `ContentTuningID` = 371, `StaticFlags1` = 268435456, `StaticFlags2` = 0, `StaticFlags3` = 0 WHERE `Entry` = 189136;
UPDATE `creature_template_difficulty` SET `ContentTuningID` = 2401, `StaticFlags1` = 268435456, `StaticFlags2` = 0, `StaticFlags3` = 0 WHERE `Entry` = 189165;
UPDATE `creature_template_difficulty` SET `ContentTuningID` = 2164, `StaticFlags1` = 0, `StaticFlags2` = 0, `StaticFlags3` = 0 WHERE `Entry` = 189168;
UPDATE `creature_template_difficulty` SET `ContentTuningID` = 2401, `StaticFlags1` = 268435456, `StaticFlags2` = 0, `StaticFlags3` = 0 WHERE `Entry` = 189183;
UPDATE `creature_template_difficulty` SET `ContentTuningID` = 2401, `StaticFlags1` = 0, `StaticFlags2` = 0, `StaticFlags3` = 0 WHERE `Entry` = 189222;
UPDATE `creature_template_difficulty` SET `ContentTuningID` = 2401, `StaticFlags1` = 268435456, `StaticFlags2` = 0, `StaticFlags3` = 0 WHERE `Entry` = 189285;
UPDATE `creature_template_difficulty` SET `ContentTuningID` = 2401, `StaticFlags1` = 268435456, `StaticFlags2` = 0, `StaticFlags3` = 0 WHERE `Entry` = 189869;
UPDATE `creature_template_difficulty` SET `ContentTuningID` = 2401, `StaticFlags1` = 268435456, `StaticFlags2` = 0, `StaticFlags3` = 0 WHERE `Entry` = 189895;
UPDATE `creature_template_difficulty` SET `ContentTuningID` = 2152, `StaticFlags1` = 268435456, `StaticFlags2` = 0, `StaticFlags3` = 0 WHERE `Entry` = 190288;
UPDATE `creature_template_difficulty` SET `ContentTuningID` = 2078, `StaticFlags1` = 536871168, `StaticFlags2` = 0, `StaticFlags3` = 0 WHERE `Entry` = 190363;
UPDATE `creature_template_difficulty` SET `ContentTuningID` = 2456, `StaticFlags1` = 268435456, `StaticFlags2` = 0, `StaticFlags3` = 0 WHERE `Entry` = 191767;
UPDATE `creature_template_difficulty` SET `ContentTuningID` = 371, `StaticFlags1` = 268435456, `StaticFlags2` = 0, `StaticFlags3` = 0 WHERE `Entry` = 192013;
UPDATE `creature_template_difficulty` SET `ContentTuningID` = 2401, `StaticFlags1` = 268435456, `StaticFlags2` = 0, `StaticFlags3` = 0 WHERE `Entry` = 192307;
UPDATE `creature_template_difficulty` SET `ContentTuningID` = 2078, `StaticFlags1` = 268435456, `StaticFlags2` = 0, `StaticFlags3` = 0 WHERE `Entry` = 192522;
UPDATE `creature_template_difficulty` SET `ContentTuningID` = 2401, `StaticFlags1` = 268435456, `StaticFlags2` = 0, `StaticFlags3` = 0 WHERE `Entry` = 193011;
UPDATE `creature_template_difficulty` SET `ContentTuningID` = 2164, `StaticFlags1` = 268435456, `StaticFlags2` = 0, `StaticFlags3` = 0 WHERE `Entry` = 193029;
UPDATE `creature_template_difficulty` SET `ContentTuningID` = 2401, `StaticFlags1` = 268435456, `StaticFlags2` = 0, `StaticFlags3` = 0 WHERE `Entry` = 193037;
UPDATE `creature_template_difficulty` SET `ContentTuningID` = 2401, `StaticFlags1` = 268435456, `StaticFlags2` = 0, `StaticFlags3` = 0 WHERE `Entry` = 193039;
UPDATE `creature_template_difficulty` SET `ContentTuningID` = 2401, `StaticFlags1` = 268435456, `StaticFlags2` = 0, `StaticFlags3` = 0 WHERE `Entry` = 193070;
UPDATE `creature_template_difficulty` SET `ContentTuningID` = 2401, `StaticFlags1` = 268435456, `StaticFlags2` = 0, `StaticFlags3` = 0 WHERE `Entry` = 193072;
UPDATE `creature_template_difficulty` SET `ContentTuningID` = 2401, `StaticFlags1` = 805306368, `StaticFlags2` = 0, `StaticFlags3` = 0 WHERE `Entry` = 193074;
UPDATE `creature_template_difficulty` SET `ContentTuningID` = 2401, `StaticFlags1` = 536871168, `StaticFlags2` = 0, `StaticFlags3` = 0 WHERE `Entry` = 193114;
UPDATE `creature_template_difficulty` SET `ContentTuningID` = 2401, `StaticFlags1` = 268435456, `StaticFlags2` = 0, `StaticFlags3` = 0 WHERE `Entry` = 193284;
UPDATE `creature_template_difficulty` SET `ContentTuningID` = 2401, `StaticFlags1` = 268435456, `StaticFlags2` = 0, `StaticFlags3` = 0 WHERE `Entry` = 193285;
UPDATE `creature_template_difficulty` SET `ContentTuningID` = 2401, `StaticFlags1` = 536871168, `StaticFlags2` = 0, `StaticFlags3` = 0 WHERE `Entry` = 193468;
UPDATE `creature_template_difficulty` SET `ContentTuningID` = 2152, `StaticFlags1` = 268435456, `StaticFlags2` = 0, `StaticFlags3` = 0 WHERE `Entry` = 193643;
UPDATE `creature_template_difficulty` SET `ContentTuningID` = 2386, `StaticFlags1` = 268435456, `StaticFlags2` = 0, `StaticFlags3` = 0 WHERE `Entry` = 195039;
UPDATE `creature_template_difficulty` SET `ContentTuningID` = 81, `StaticFlags1` = 268435456, `StaticFlags2` = 0, `StaticFlags3` = 0 WHERE `Entry` = 195226;
UPDATE `creature_template_difficulty` SET `ContentTuningID` = 81, `StaticFlags1` = 805306368, `StaticFlags2` = 0, `StaticFlags3` = 0 WHERE `Entry` = 195293;
UPDATE `creature_template_difficulty` SET `ContentTuningID` = 2382, `StaticFlags1` = 805306368, `StaticFlags2` = 0, `StaticFlags3` = 0 WHERE `Entry` = 195380;
UPDATE `creature_template_difficulty` SET `ContentTuningID` = 2386, `StaticFlags1` = 268435456, `StaticFlags2` = 0, `StaticFlags3` = 0 WHERE `Entry` = 195605;
UPDATE `creature_template_difficulty` SET `ContentTuningID` = 2386, `StaticFlags1` = 268435456, `StaticFlags2` = 0, `StaticFlags3` = 0 WHERE `Entry` = 195608;
UPDATE `creature_template_difficulty` SET `ContentTuningID` = 2386, `StaticFlags1` = 268435456, `StaticFlags2` = 0, `StaticFlags3` = 0 WHERE `Entry` = 195610;
UPDATE `creature_template_difficulty` SET `ContentTuningID` = 2078, `StaticFlags1` = 268435456, `StaticFlags2` = 0, `StaticFlags3` = 0 WHERE `Entry` = 195680;
UPDATE `creature_template_difficulty` SET `ContentTuningID` = 2078, `StaticFlags1` = 805306368, `StaticFlags2` = 0, `StaticFlags3` = 0 WHERE `Entry` = 195683;
UPDATE `creature_template_difficulty` SET `ContentTuningID` = 2078, `StaticFlags1` = 268435456, `StaticFlags2` = 0, `StaticFlags3` = 0 WHERE `Entry` = 195686;
UPDATE `creature_template_difficulty` SET `ContentTuningID` = 2078, `StaticFlags1` = 805306368, `StaticFlags2` = 0, `StaticFlags3` = 0 WHERE `Entry` = 195687;
UPDATE `creature_template_difficulty` SET `ContentTuningID` = 2474, `StaticFlags1` = 268435456, `StaticFlags2` = 0, `StaticFlags3` = 0 WHERE `Entry` = 196066;
UPDATE `creature_template_difficulty` SET `ContentTuningID` = 2474, `StaticFlags1` = 268435456, `StaticFlags2` = 0, `StaticFlags3` = 0 WHERE `Entry` = 196074;
UPDATE `creature_template_difficulty` SET `ContentTuningID` = 2474, `StaticFlags1` = 268435456, `StaticFlags2` = 0, `StaticFlags3` = 0 WHERE `Entry` = 196075;
UPDATE `creature_template_difficulty` SET `ContentTuningID` = 2474, `StaticFlags1` = 268435456, `StaticFlags2` = 0, `StaticFlags3` = 0 WHERE `Entry` = 196076;
UPDATE `creature_template_difficulty` SET `ContentTuningID` = 2474, `StaticFlags1` = 268435456, `StaticFlags2` = 0, `StaticFlags3` = 0 WHERE `Entry` = 196078;
UPDATE `creature_template_difficulty` SET `ContentTuningID` = 2474, `StaticFlags1` = 268435456, `StaticFlags2` = 0, `StaticFlags3` = 0 WHERE `Entry` = 196104;
UPDATE `creature_template_difficulty` SET `ContentTuningID` = 2474, `StaticFlags1` = 268435456, `StaticFlags2` = 0, `StaticFlags3` = 0 WHERE `Entry` = 196145;
UPDATE `creature_template_difficulty` SET `ContentTuningID` = 2151, `StaticFlags1` = 0, `StaticFlags2` = 0, `StaticFlags3` = 0 WHERE `Entry` = 196152;
UPDATE `creature_template_difficulty` SET `ContentTuningID` = 2078, `StaticFlags1` = 805306368, `StaticFlags2` = 0, `StaticFlags3` = 0 WHERE `Entry` = 196156;
UPDATE `creature_template_difficulty` SET `ContentTuningID` = 2151, `StaticFlags1` = 0, `StaticFlags2` = 0, `StaticFlags3` = 0 WHERE `Entry` = 196222;
UPDATE `creature_template_difficulty` SET `ContentTuningID` = 2151, `StaticFlags1` = 0, `StaticFlags2` = 0, `StaticFlags3` = 0 WHERE `Entry` = 196239;
UPDATE `creature_template_difficulty` SET `ContentTuningID` = 2151, `StaticFlags1` = 0, `StaticFlags2` = 0, `StaticFlags3` = 0 WHERE `Entry` = 196243;
UPDATE `creature_template_difficulty` SET `ContentTuningID` = 2151, `StaticFlags1` = 0, `StaticFlags2` = 0, `StaticFlags3` = 0 WHERE `Entry` = 196245;
UPDATE `creature_template_difficulty` SET `ContentTuningID` = 2474, `StaticFlags1` = 268435712, `StaticFlags2` = 0, `StaticFlags3` = 0 WHERE `Entry` = 196425;
UPDATE `creature_template_difficulty` SET `ContentTuningID` = 2401, `StaticFlags1` = 0, `StaticFlags2` = 0, `StaticFlags3` = 0 WHERE `Entry` = 197617;
UPDATE `creature_template_difficulty` SET `ContentTuningID` = 2401, `StaticFlags1` = 0, `StaticFlags2` = 0, `StaticFlags3` = 0 WHERE `Entry` = 197641;
UPDATE `creature_template_difficulty` SET `ContentTuningID` = 2401, `StaticFlags1` = 268435456, `StaticFlags2` = 0, `StaticFlags3` = 0 WHERE `Entry` = 197695;
UPDATE `creature_template_difficulty` SET `ContentTuningID` = 864, `StaticFlags1` = 268435456, `StaticFlags2` = 0, `StaticFlags3` = 0 WHERE `Entry` = 197756;
UPDATE `creature_template_difficulty` SET `ContentTuningID` = 2078, `StaticFlags1` = 805306368, `StaticFlags2` = 0, `StaticFlags3` = 0 WHERE `Entry` = 197766;
UPDATE `creature_template_difficulty` SET `ContentTuningID` = 2401, `StaticFlags1` = 268435456, `StaticFlags2` = 0, `StaticFlags3` = 0 WHERE `Entry` = 197783;
UPDATE `creature_template_difficulty` SET `ContentTuningID` = 2401, `StaticFlags1` = 0, `StaticFlags2` = 0, `StaticFlags3` = 0 WHERE `Entry` = 197812;
UPDATE `creature_template_difficulty` SET `ContentTuningID` = 2401, `StaticFlags1` = 268435456, `StaticFlags2` = 0, `StaticFlags3` = 0 WHERE `Entry` = 198209;
UPDATE `creature_template_difficulty` SET `ContentTuningID` = 2401, `StaticFlags1` = 268435456, `StaticFlags2` = 0, `StaticFlags3` = 0 WHERE `Entry` = 198246;
UPDATE `creature_template_difficulty` SET `ContentTuningID` = 81, `StaticFlags1` = 805306368, `StaticFlags2` = 0, `StaticFlags3` = 0 WHERE `Entry` = 199220;
UPDATE `creature_template_difficulty` SET `ContentTuningID` = 2078, `StaticFlags1` = 805306368, `StaticFlags2` = 0, `StaticFlags3` = 0 WHERE `Entry` = 200745;
UPDATE `creature_template_difficulty` SET `ContentTuningID` = 2474, `StaticFlags1` = 268435456, `StaticFlags2` = 0, `StaticFlags3` = 0 WHERE `Entry` = 203019;
UPDATE `creature_template_difficulty` SET `ContentTuningID` = 2078, `StaticFlags1` = 536871168, `StaticFlags2` = 0, `StaticFlags3` = 0 WHERE `Entry` = 203777;
UPDATE `creature_template_difficulty` SET `ContentTuningID` = 2154, `StaticFlags1` = 268435456, `StaticFlags2` = 0, `StaticFlags3` = 0 WHERE `Entry` = 204046;
UPDATE `creature_template_difficulty` SET `ContentTuningID` = 81, `StaticFlags1` = 805306624, `StaticFlags2` = 0, `StaticFlags3` = 33554432 WHERE `Entry` = 207497;
UPDATE `creature_template_difficulty` SET `ContentTuningID` = 371, `StaticFlags1` = 268435456, `StaticFlags2` = 0, `StaticFlags3` = 0 WHERE `Entry` = 207633;
UPDATE `creature_template_difficulty` SET `ContentTuningID` = 371, `StaticFlags1` = 268435456, `StaticFlags2` = 0, `StaticFlags3` = 0 WHERE `Entry` = 207673;
UPDATE `creature_template_difficulty` SET `ContentTuningID` = 81, `StaticFlags1` = 805306368, `StaticFlags2` = 0, `StaticFlags3` = 0 WHERE `Entry` = 210753;
UPDATE `creature_template_difficulty` SET `ContentTuningID` = 2401, `StaticFlags1` = 268435456, `StaticFlags2` = 0, `StaticFlags3` = 0 WHERE `Entry` = 214116;
