-- DB/Orgrimmar Map: 1 (Kalimdor) Zone: 14 (Durotar) Area: 4982 (The Dranosh'ar Blockade)

SET @CGUID := 9017300;
SET @OGUID := 9017300;

-- creature
DELETE FROM `creature` WHERE `guid` BETWEEN @CGUID+1 AND @CGUID+235;
INSERT INTO `creature` (`guid`, `id`, `map`, `zoneId`, `areaId`, `spawnDifficulties`, `phaseUseFlags`, `PhaseId`, `PhaseGroup`, `terrainSwapMap`, `modelid`, `equipment_id`, `position_x`, `position_y`, `position_z`, `orientation`, `spawntimesecs`, `wander_distance`, `currentwaypoint`, `curHealthPct`, `MovementType`, `npcflag`, `unit_flags`, `unit_flags2`, `unit_flags3`, `ScriptName`, `StringId`, `VerifiedBuild`) VALUES 
(@CGUID+1, 3100, 1, 14, 4982, '0', 0, 0, 0, -1, 0, 0, 1359.05, -4810.72, 27.6211, 5.62328, 120, 10, 0, 100, 1, NULL, NULL, NULL, NULL, '', NULL, 59466),
(@CGUID+2, 3100, 1, 14, 4982, '0', 0, 0, 0, -1, 0, 0, 1444.33, -4784.21, 32.0226, 0.919091, 120, 10, 0, 100, 1, NULL, NULL, NULL, NULL, '', NULL, 59466),
(@CGUID+3, 3100, 1, 14, 4982, '0', 0, 0, 0, -1, 0, 0, 1363.39, -4898.3, 11.8705, 5.07984, 120, 0, 0, 100, 0, NULL, NULL, NULL, NULL, '', NULL, 59466),
(@CGUID+4, 3100, 1, 14, 4982, '0', 0, 0, 0, -1, 0, 0, 1313.81, -4860.4, 14.921, 3.45316, 120, 10, 0, 100, 1, NULL, NULL, NULL, NULL, '', NULL, 59466),
(@CGUID+5, 3100, 1, 14, 4982, '0', 0, 0, 0, -1, 0, 0, 1267.39, -4834.65, 17.0781, 2.51828, 120, 0, 0, 100, 0, NULL, NULL, NULL, NULL, '', NULL, 59466),
(@CGUID+6, 3100, 1, 14, 4982, '0', 0, 0, 0, -1, 0, 0, 1266.03, -4769.18, 20.3113, 4.6635, 120, 0, 0, 100, 0, NULL, NULL, NULL, NULL, '', NULL, 59466),
(@CGUID+7, 3100, 1, 14, 4982, '0', 0, 0, 0, -1, 0, 0, 1344.39, -4944.92, 6.65629, 0.941354, 120, 0, 0, 100, 0, NULL, NULL, NULL, NULL, '', NULL, 59466),
(@CGUID+8, 3100, 1, 14, 4982, '0', 0, 0, 0, -1, 0, 0, 1250.3, -4982.44, 2.17044, 1.6057, 120, 0, 0, 100, 0, NULL, NULL, NULL, NULL, '', NULL, 59466),
(@CGUID+9, 3108, 1, 14, 4982, '0', 0, 0, 0, -1, 0, 0, 1443.01, -4915.64, 5.6821, 1.05835, 120, 10, 0, 100, 1, NULL, NULL, NULL, NULL, '', NULL, 59466),
(@CGUID+10, 3108, 1, 14, 4982, '0', 0, 0, 0, -1, 0, 0, 1464.66, -4947.27, -5.40199, 0.771587, 120, 10, 0, 100, 1, NULL, NULL, NULL, NULL, '', NULL, 59466),
(@CGUID+11, 3108, 1, 14, 4982, '0', 0, 0, 0, -1, 0, 0, 1377.85, -4966.32, 0.745431, 2.89066, 120, 0, 0, 100, 0, NULL, NULL, NULL, NULL, '', NULL, 59466),
(@CGUID+12, 3108, 1, 14, 4982, '0', 0, 0, 0, -1, 0, 0, 1383.01, -4984.17, -3.98318, 4.80976, 120, 10, 0, 100, 1, NULL, NULL, NULL, NULL, '', NULL, 59466),
(@CGUID+13, 3108, 1, 14, 4982, '0', 0, 0, 0, -1, 0, 0, 1343.3, -5017.49, -3.47616, 2.67139, 120, 0, 0, 100, 0, NULL, NULL, NULL, NULL, '', NULL, 59466),
(@CGUID+14, 3108, 1, 14, 4982, '0', 0, 0, 0, -1, 0, 0, 1347.79, -4986.28, 1.18465, 3.82926, 120, 10, 0, 100, 1, NULL, NULL, NULL, NULL, '', NULL, 59466),
(@CGUID+15, 3108, 1, 14, 4982, '0', 0, 0, 0, -1, 0, 0, 1317.51, -5006.58, 0.752588, 1.90241, 120, 0, 0, 100, 0, NULL, NULL, NULL, NULL, '', NULL, 59466),
(@CGUID+16, 3108, 1, 14, 4982, '0', 0, 0, 0, -1, 0, 0, 1404.79, -5004.15, -13.1597, 2.42534, 120, 0, 0, 100, 0, NULL, NULL, NULL, NULL, '', NULL, 59466),
(@CGUID+17, 3108, 1, 14, 4982, '0', 0, 0, 0, -1, 0, 0, 1366.96, -5031.36, -12.8576, 2.24828, 120, 0, 0, 100, 0, NULL, NULL, NULL, NULL, '', NULL, 59466),
(@CGUID+18, 3108, 1, 14, 4982, '0', 0, 0, 0, -1, 0, 0, 1278.93, -5018.93, 0.469592, 5.2627, 120, 0, 0, 100, 0, NULL, NULL, NULL, NULL, '', NULL, 59466),
(@CGUID+19, 3123, 1, 14, 4982, '0', 0, 0, 0, -1, 0, 0, 1285.03, -4739.88, 19.3954, 0.562534, 120, 10, 0, 100, 1, NULL, NULL, NULL, NULL, '', NULL, 59466),
(@CGUID+20, 3123, 1, 14, 4982, '0', 0, 0, 0, -1, 0, 0, 1299.86, -4728.37, 21.4493, 4.71403, 120, 10, 0, 100, 1, NULL, NULL, NULL, NULL, '', NULL, 59466),
(@CGUID+21, 3127, 1, 14, 4982, '0', 0, 0, 0, -1, 0, 0, 1428.09, -4741.66, 30.0507, 2.47661, 120, 10, 0, 100, 1, NULL, NULL, NULL, NULL, '', NULL, 59466),
(@CGUID+22, 3127, 1, 14, 4982, '0', 0, 0, 0, -1, 0, 0, 1333.21, -4741.24, 26.0217, 5.82609, 120, 10, 0, 100, 1, NULL, NULL, NULL, NULL, '', NULL, 59466),
(@CGUID+23, 3127, 1, 14, 4982, '0', 0, 0, 0, -1, 0, 0, 1239.71, -4789.36, 16.0626, 1.52539, 120, 0, 0, 100, 0, NULL, NULL, NULL, NULL, '', NULL, 59466),
(@CGUID+24, 3127, 1, 14, 4982, '0', 0, 0, 0, -1, 0, 0, 1267.39, -4899.23, 10.2289, 3.91513, 120, 10, 0, 100, 1, NULL, NULL, NULL, NULL, '', NULL, 59466),
(@CGUID+25, 3127, 1, 14, 4982, '0', 0, 0, 0, -1, 0, 0, 1303.73, -4953.93, 4.12988, 0.105527, 120, 10, 0, 100, 1, NULL, NULL, NULL, NULL, '', NULL, 59466),
(@CGUID+26, 3127, 1, 14, 4982, '0', 0, 0, 0, -1, 0, 0, 1244.23, -4919.67, 9.55905, 0.454914, 120, 0, 0, 100, 0, NULL, NULL, NULL, NULL, '', NULL, 59466),
(@CGUID+27, 3197, 1, 14, 4982, '0', 0, 0, 0, -1, 0, 0, 1466.65, -4807.87, 11.3383, 3.96438, 120, 10, 0, 100, 1, NULL, NULL, NULL, NULL, '', NULL, 59466),
(@CGUID+28, 3197, 1, 14, 4982, '0', 0, 0, 0, -1, 0, 0, 1425.15, -4704.05, -1.91716, 3.18849, 120, 0, 0, 100, 0, NULL, NULL, NULL, NULL, '', NULL, 59466),
(@CGUID+29, 3197, 1, 14, 4982, '0', 0, 0, 0, -1, 0, 0, 1444.69, -4785.68, 8.58631, 6.05681, 120, 10, 0, 100, 1, NULL, NULL, NULL, NULL, '', NULL, 59466),
(@CGUID+30, 3197, 1, 14, 4982, '0', 0, 0, 0, -1, 0, 0, 1482.48, -4731.06, -2.50387, 2.50916, 120, 0, 0, 100, 0, NULL, NULL, NULL, NULL, '', NULL, 59466),
(@CGUID+31, 3197, 1, 14, 4982, '0', 0, 0, 0, -1, 0, 0, 1451.04, -4739.89, -2.04086, 2.31458, 120, 10, 0, 100, 1, NULL, NULL, NULL, NULL, '', NULL, 59466),
(@CGUID+32, 3197, 1, 14, 4982, '0', 0, 0, 0, -1, 0, 0, 1487.15, -4749.89, 9.10807, 4.17592, 120, 0, 0, 100, 0, NULL, NULL, NULL, NULL, '', NULL, 59466),
(@CGUID+33, 3197, 1, 14, 4982, '0', 0, 0, 0, -1, 0, 0, 1519.7, -4778.68, 10.4715, 3.90189, 120, 0, 0, 100, 0, NULL, NULL, NULL, NULL, '', NULL, 59466),
(@CGUID+34, 3197, 1, 14, 4982, '0', 0, 0, 0, -1, 0, 0, 1502.96, -4853.61, 10.4775, 1.07721, 120, 10, 0, 100, 1, NULL, NULL, NULL, NULL, '', NULL, 59466),
(@CGUID+35, 3197, 1, 14, 4982, '0', 0, 0, 0, -1, 0, 0, 1507.83, -4732.39, 14.8889, 4.10241, 120, 0, 0, 100, 0, NULL, NULL, NULL, NULL, '', NULL, 59466),
(@CGUID+36, 3198, 1, 14, 4982, '0', 0, 0, 0, -1, 0, 0, 1481.94, -4775.14, 5.84774, 4.27643, 120, 0, 0, 100, 0, NULL, NULL, NULL, NULL, '', NULL, 59466),
(@CGUID+37, 3198, 1, 14, 4982, '0', 0, 0, 0, -1, 0, 0, 1421.85, -4739.7, 1.90596, 0.73272, 120, 10, 0, 100, 1, NULL, NULL, NULL, NULL, '', NULL, 59466),
(@CGUID+38, 3198, 1, 14, 4982, '0', 0, 0, 0, -1, 0, 0, 1447.41, -4687.51, -5.49436, 2.41155, 120, 0, 0, 100, 0, NULL, NULL, NULL, NULL, '', NULL, 59466),
(@CGUID+39, 3198, 1, 14, 4982, '0', 0, 0, 0, -1, 0, 0, 1461.99, -4719.64, -2.70884, 4.99397, 120, 10, 0, 100, 1, NULL, NULL, NULL, NULL, '', NULL, 59466),
(@CGUID+40, 3198, 1, 14, 4982, '0', 0, 0, 0, -1, 0, 0, 1418.92, -4770.35, 4.42368, 3.79777, 120, 0, 0, 100, 0, NULL, NULL, NULL, NULL, '', NULL, 59466),
(@CGUID+41, 3198, 1, 14, 4982, '0', 0, 0, 0, -1, 0, 0, 1491.37, -4820.02, 8.77852, 1.55827, 120, 10, 0, 100, 1, NULL, NULL, NULL, NULL, '', NULL, 59466),
(@CGUID+42, 3198, 1, 14, 4982, '0', 0, 0, 0, -1, 0, 0, 1502.26, -4800.55, 9.63138, 1.39855, 120, 0, 0, 100, 0, NULL, NULL, NULL, NULL, '', NULL, 59466),
(@CGUID+43, 3198, 1, 14, 4982, '0', 0, 0, 0, -1, 0, 0, 1480.59, -4854.95, 11.3802, 3.98947, 120, 0, 0, 100, 0, NULL, NULL, NULL, NULL, '', NULL, 59466),
(@CGUID+44, 3198, 1, 14, 4982, '0', 0, 0, 0, -1, 0, 0, 1531.18, -4750.71, 13.8001, 3.57452, 120, 0, 0, 100, 0, NULL, NULL, NULL, NULL, '', NULL, 59466),
(@CGUID+45, 3204, 1, 14, 4982, '0', 0, 0, 0, -1, 0, 0, 1470.52, -4706.96, 2.10653, 5.80834, 120, 0, 0, 100, 0, NULL, NULL, NULL, NULL, '', NULL, 59466),
(@CGUID+46, 3296, 1, 14, 4982, '0', 0, 0, 0, -1, 0, 0, 1316.74, -4328.75, 31.937, 5.89921, 120, 0, 0, 100, 0, NULL, NULL, NULL, NULL, '', NULL, 59466),
(@CGUID+47, 3296, 1, 14, 4982, '0', 0, 0, 0, -1, 0, 0, 1384.87, -4359.69, 25.8461, 3.38594, 120, 0, 0, 100, 0, NULL, NULL, NULL, NULL, '', NULL, 59466),
(@CGUID+48, 3296, 1, 14, 4982, '0', 0, 0, 0, -1, 0, 0, 1387.21, -4379.06, 25.6502, 3.29867, 120, 0, 0, 100, 0, NULL, NULL, NULL, NULL, '', NULL, 59466),
(@CGUID+49, 3296, 1, 14, 4982, '0', 0, 0, 0, -1, 0, 0, 1433.87, -4400.91, 74.0026, 5.63741, 120, 0, 0, 100, 0, NULL, NULL, NULL, NULL, '', NULL, 59466),
(@CGUID+50, 3296, 1, 14, 4982, '0', 0, 0, 0, -1, 0, 0, 1411.74, -4359.85, 25.4068, 4.92183, 120, 0, 0, 100, 0, NULL, NULL, NULL, NULL, '', NULL, 59466),
(@CGUID+51, 3296, 1, 14, 4982, '0', 0, 0, 0, -1, 0, 0, 1414.57, -4393.19, 73.9195, 1.70297, 120, 10, 0, 100, 1, NULL, NULL, NULL, NULL, '', NULL, 59466),
(@CGUID+52, 3296, 1, 14, 4982, '0', 0, 0, 0, -1, 0, 0, 1438.99, -4404.04, 25.3892, 3.10669, 120, 0, 0, 100, 0, NULL, NULL, NULL, NULL, '', NULL, 59466),
(@CGUID+53, 3296, 1, 14, 4982, '0', 0, 0, 0, -1, 0, 0, 1315.31, -4341.27, 31.8396, 0.488692, 120, 0, 0, 100, 0, NULL, NULL, NULL, NULL, '', NULL, 59466),
(@CGUID+54, 3296, 1, 14, 4982, '0', 0, 0, 0, -1, 0, 0, 1436.56, -4402.51, 74.0025, 2.63545, 120, 0, 0, 100, 0, NULL, NULL, NULL, NULL, '', NULL, 59466),
(@CGUID+55, 3296, 1, 14, 4982, '0', 0, 0, 0, -1, 0, 0, 1424.27, -4380.05, 25.6476, 0.279253, 120, 0, 0, 100, 0, NULL, NULL, NULL, NULL, '', NULL, 59466),
(@CGUID+56, 3296, 1, 14, 4982, '0', 0, 0, 0, -1, 0, 0, 1447.08, -4422.63, 25.5078, 3.25736, 120, 10, 0, 100, 1, NULL, NULL, NULL, NULL, '', NULL, 59466),
(@CGUID+57, 3296, 1, 14, 4982, '0', 0, 0, 0, -1, 0, 0, 1450.79, -4416.45, 25.3934, 4.71239, 120, 0, 0, 100, 0, NULL, NULL, NULL, NULL, '', NULL, 59466),
(@CGUID+58, 3296, 1, 14, 4982, '0', 0, 0, 0, -1, 0, 0, 1468.53, -4446.03, 73.9144, 5.70978, 120, 0, 0, 100, 0, NULL, NULL, NULL, NULL, '', NULL, 59466),
(@CGUID+59, 3296, 1, 14, 4982, '0', 0, 0, 0, -1, 0, 0, 1483.05, -4410.65, 25.4231, 0.0698132, 120, 0, 0, 100, 0, NULL, NULL, NULL, NULL, '', NULL, 59466),
(@CGUID+60, 3296, 1, 14, 4982, '0', 0, 0, 0, -1, 0, 0, 1358.37, -4807.21, 27.5903, 1.98169, 120, 0, 0, 100, 0, NULL, NULL, NULL, NULL, '', NULL, 59466),
(@CGUID+61, 3296, 1, 14, 4982, '0', 0, 0, 0, -1, 0, 0, 1351.31, -4808.59, 26.9023, 1.47159, 120, 0, 0, 100, 0, NULL, NULL, NULL, NULL, '', NULL, 59466),
(@CGUID+62, 3296, 1, 14, 4982, '0', 0, 0, 0, -1, 0, 0, 1401.56, -4882.58, 11.4253, 4.3172, 120, 0, 0, 100, 0, NULL, NULL, NULL, NULL, '', NULL, 59466),
(@CGUID+63, 3296, 1, 14, 4982, '0', 0, 0, 0, -1, 0, 0, 1399.45, -4886.06, 11.4253, 0.733061, 120, 0, 0, 100, 0, NULL, NULL, NULL, NULL, '', NULL, 59466),
(@CGUID+64, 3296, 1, 14, 4982, '0', 0, 0, 0, -1, 0, 0, 1363.24, -4918.48, 11.7304, 1.63513, 120, 0, 0, 100, 0, NULL, NULL, NULL, NULL, '', NULL, 59466),
(@CGUID+65, 3296, 1, 14, 4982, '0', 0, 0, 0, -1, 0, 0, 1363.96, -4916.05, 11.7304, 3.68762, 120, 0, 0, 100, 0, NULL, NULL, NULL, NULL, '', NULL, 59466),
(@CGUID+66, 3300, 1, 14, 4982, '0', 0, 0, 0, -1, 0, 0, 1281.69, -4426.51, 26.7124, 0.67991, 120, 0, 0, 100, 0, NULL, NULL, NULL, NULL, '', NULL, 59466),
(@CGUID+67, 3300, 1, 14, 4982, '0', 0, 0, 0, -1, 0, 0, 1371.14, -4472.31, 29.2947, 5.59258, 120, 10, 0, 100, 1, NULL, NULL, NULL, NULL, '', NULL, 59466),
(@CGUID+68, 3300, 1, 14, 4982, '0', 0, 0, 0, -1, 0, 0, 1250.21, -4378.56, 28.3445, 0.345927, 120, 10, 0, 100, 1, NULL, NULL, NULL, NULL, '', NULL, 59466),
(@CGUID+69, 3300, 1, 14, 4982, '0', 0, 0, 0, -1, 0, 0, 1450.6, -4765.69, 35.3068, 0.712016, 120, 10, 0, 100, 1, NULL, NULL, NULL, NULL, '', NULL, 59466),
(@CGUID+70, 3300, 1, 14, 4982, '0', 0, 0, 0, -1, 0, 0, 1295.02, -4753.05, 19.397, 3.74856, 120, 0, 0, 100, 0, NULL, NULL, NULL, NULL, '', NULL, 59466),
(@CGUID+71, 3300, 1, 14, 4982, '0', 0, 0, 0, -1, 0, 0, 1306.76, -4859.11, 13.9064, 1.32457, 120, 10, 0, 100, 1, NULL, NULL, NULL, NULL, '', NULL, 59466),
(@CGUID+72, 4311, 1, 14, 4982, '0', 0, 0, 0, -1, 0, 0, 1322.12, -4395.16, 25.8333, 2.29841, 120, 0, 0, 100, 0, NULL, NULL, NULL, NULL, '', NULL, 59466),
(@CGUID+73, 5951, 1, 14, 4982, '0', 0, 0, 0, -1, 0, 0, 1262.7, -4829.7, 17.2813, 2.29403, 120, 0, 0, 100, 0, NULL, NULL, NULL, NULL, '', NULL, 59466),
(@CGUID+74, 6145, 1, 14, 4982, '0', 0, 0, 0, -1, 0, 0, 1454.8, -5006.56, -21.3251, 2.53483, 120, 10, 0, 100, 1, NULL, NULL, NULL, NULL, '', NULL, 59466),
(@CGUID+75, 39379, 1, 14, 4982, '0', 0, 0, 0, -1, 0, 0, 1287.37, -4342.23, 34.1176, 0.872665, 120, 0, 0, 100, 0, NULL, NULL, NULL, NULL, '', NULL, 59466),
(@CGUID+76, 39380, 1, 14, 4982, '0', 0, 0, 0, -1, 0, 0, 1285.28, -4336.43, 34.1176, 0, 120, 0, 0, 100, 0, NULL, NULL, NULL, NULL, '', NULL, 59466),
(@CGUID+77, 40891, 1, 14, 4982, '0', 0, 0, 0, -1, 0, 0, 1339.62, -4416.55, 27.2653, 6.21337, 120, 0, 0, 100, 0, NULL, NULL, NULL, NULL, '', NULL, 59466),
(@CGUID+78, 40891, 1, 14, 4982, '0', 0, 0, 0, -1, 0, 0, 1295.78, -4355.27, 33.1808, 4.50295, 120, 0, 0, 100, 0, NULL, NULL, NULL, NULL, '', NULL, 59466),
(@CGUID+79, 40891, 1, 14, 4982, '0', 0, 0, 0, -1, 0, 0, 1367.35, -4414.57, 29.2778, 0.366519, 120, 0, 0, 100, 0, NULL, NULL, NULL, NULL, '', NULL, 59466),
(@CGUID+80, 40891, 1, 14, 4982, '0', 0, 0, 0, -1, 0, 0, 1348.63, -4411.98, 27.986, 4.32842, 120, 0, 0, 100, 0, NULL, NULL, NULL, NULL, '', NULL, 59466),
(@CGUID+81, 40891, 1, 14, 4982, '0', 0, 0, 0, -1, 0, 0, 1350.88, -4419.34, 27.8224, 2.04204, 120, 0, 0, 100, 0, NULL, NULL, NULL, NULL, '', NULL, 59466),
(@CGUID+82, 40891, 1, 14, 4982, '0', 0, 0, 0, -1, 0, 0, 1334.37, -4405.8, 27.4948, 5.39307, 120, 0, 0, 100, 0, NULL, NULL, NULL, NULL, '', NULL, 59466),
(@CGUID+83, 40891, 1, 14, 4982, '0', 0, 0, 0, -1, 0, 0, 1286.94, -4359.98, 33.227, 6.24828, 120, 0, 0, 100, 0, NULL, NULL, NULL, NULL, '', NULL, 59466),
(@CGUID+84, 40891, 1, 14, 4982, '0', 0, 0, 0, -1, 0, 0, 1346.47, -4426.9, 27.3809, 5.13127, 120, 0, 0, 100, 0, NULL, NULL, NULL, NULL, '', NULL, 59466),
(@CGUID+85, 40891, 1, 14, 4982, '0', 0, 0, 0, -1, 0, 0, 1372.84, -4410.42, 30.0173, 4.32842, 120, 0, 0, 100, 0, NULL, NULL, NULL, NULL, '', NULL, 59466),
(@CGUID+86, 40891, 1, 14, 4982, '0', 0, 0, 0, -1, 0, 0, 1343.21, -4699.48, 37.1217, 3.60563, 120, 0, 0, 100, 0, NULL, NULL, NULL, NULL, '', NULL, 59466),
(@CGUID+87, 40891, 1, 14, 4982, '0', 0, 0, 0, -1, 0, 0, 1398.45, -4888.93, 11.4247, 5.24824, 120, 0, 0, 100, 0, NULL, NULL, NULL, NULL, '', NULL, 59466),
(@CGUID+88, 40891, 1, 14, 4982, '0', 0, 0, 0, -1, 0, 0, 1393.41, -4899.56, 11.4254, 0.55277, 120, 0, 0, 100, 0, NULL, NULL, NULL, NULL, '', NULL, 59466),
(@CGUID+89, 40891, 1, 14, 4982, '0', 0, 0, 0, -1, 0, 0, 1415.03, -4914.41, 11.4254, 0.733038, 120, 0, 0, 100, 0, NULL, NULL, NULL, NULL, '', NULL, 59466),
(@CGUID+90, 40891, 1, 14, 4982, '0', 0, 0, 0, -1, 0, 0, 1417.99, -4906.96, 11.4254, 4.22535, 120, 0, 0, 100, 0, NULL, NULL, NULL, NULL, '', NULL, 59466),
(@CGUID+91, 40891, 1, 14, 4982, '0', 0, 0, 0, -1, 0, 0, 1401.85, -4919.99, 11.4254, 5.65106, 120, 0, 0, 100, 0, NULL, NULL, NULL, NULL, '', NULL, 59466),
(@CGUID+92, 40891, 1, 14, 4982, '0', 0, 0, 0, -1, 0, 0, 1390.05, -4919.32, 11.7304, 3.20544, 120, 0, 0, 100, 0, NULL, NULL, NULL, NULL, '', NULL, 59466),
(@CGUID+93, 40893, 1, 14, 4982, '0', 0, 0, 0, -1, 0, 0, 1424.85, -5021.31, 12.9137, 4.79069, 120, 0, 0, 100, 0, NULL, NULL, NULL, NULL, '', NULL, 59466),
(@CGUID+94, 40893, 1, 14, 4982, '0', 0, 0, 0, -1, 0, 0, 1428.22, -5021.05, 12.8414, 4.7822, 120, 0, 0, 100, 0, NULL, NULL, NULL, NULL, '', NULL, 59466),
(@CGUID+95, 40893, 1, 14, 4982, '0', 0, 0, 0, -1, 0, 0, 1411.69, -5022.64, 13.1705, 4.86947, 120, 0, 0, 100, 0, NULL, NULL, NULL, NULL, '', NULL, 59466),
(@CGUID+96, 41621, 1, 14, 4982, '0', 0, 0, 0, -1, 0, 0, 1373.74, -4913.73, 12.9581, 0.330368, 120, 0, 0, 100, 0, NULL, NULL, NULL, NULL, '', NULL, 59466),
(@CGUID+97, 42859, 1, 14, 4982, '0', 0, 0, 0, -1, 0, 0, 1293.88, -4461.17, 26.3535, 1.95928, 120, 10, 0, 100, 1, NULL, NULL, NULL, NULL, '', NULL, 59466),
(@CGUID+98, 42859, 1, 14, 4982, '0', 0, 0, 0, -1, 0, 0, 1274.61, -4379.81, 28.6066, 0.0552742, 120, 0, 0, 100, 0, NULL, NULL, NULL, NULL, '', NULL, 59466),
(@CGUID+99, 42859, 1, 14, 4982, '0', 0, 0, 0, -1, 0, 0, 1266.67, -4437.5, 26.5825, 2.16916, 120, 0, 0, 100, 0, NULL, NULL, NULL, NULL, '', NULL, 59466),
(@CGUID+100, 42859, 1, 14, 4982, '0', 0, 0, 0, -1, 0, 0, 1380.09, -4478.2, 31.2623, 1.89205, 120, 10, 0, 100, 1, NULL, NULL, NULL, NULL, '', NULL, 59466),
(@CGUID+101, 42859, 1, 14, 4982, '0', 0, 0, 0, -1, 0, 0, 1346.43, -4271.78, 32.6379, 3.4071, 120, 0, 0, 100, 0, NULL, NULL, NULL, NULL, '', NULL, 59466),
(@CGUID+102, 49837, 1, 14, 4982, '0', 0, 0, 0, -1, 0, 0, 1369.79, -4964.58, 2.00981, 4.71239, 120, 10, 0, 100, 1, NULL, NULL, NULL, NULL, '', NULL, 59466),
(@CGUID+103, 51346, 1, 14, 4982, '0', 0, 0, 0, -1, 0, 0, 1565.84, -4288.4, 119.778, 4.54191, 120, 10, 0, 100, 1, NULL, NULL, NULL, NULL, '', NULL, 59466),
(@CGUID+104, 51346, 1, 14, 4982, '0', 0, 0, 0, -1, 0, 0, 1628.38, -4132.78, 180.602, 2.45073, 120, 10, 0, 100, 1, NULL, NULL, NULL, NULL, '', NULL, 59466),
(@CGUID+105, 51346, 1, 14, 4982, '0', 0, 0, 0, -1, 0, 0, 1592.93, -4296.17, 65.7532, 3.74617, 120, 10, 0, 100, 1, NULL, NULL, NULL, NULL, '', NULL, 59466),
(@CGUID+106, 51346, 1, 14, 4982, '0', 0, 0, 0, -1, 0, 0, 1631.47, -4132.39, 181.171, 2.39841, 120, 10, 0, 100, 1, NULL, NULL, NULL, NULL, '', NULL, 59466),
(@CGUID+107, 51346, 1, 14, 4982, '0', 0, 0, 0, -1, 0, 0, 1609.43, -4131.12, 179.63, 2.61331, 120, 10, 0, 100, 1, NULL, NULL, NULL, NULL, '', NULL, 59466),
(@CGUID+108, 51346, 1, 14, 4982, '0', 0, 0, 0, -1, 0, 0, 1632.2, -4124.85, 180.438, 2.47632, 120, 10, 0, 100, 1, NULL, NULL, NULL, NULL, '', NULL, 59466),
(@CGUID+109, 51346, 1, 14, 4982, '0', 0, 0, 0, -1, 0, 0, 1598.9, -4129.92, 178.323, 2.03731, 120, 10, 0, 100, 1, NULL, NULL, NULL, NULL, '', NULL, 59466),
(@CGUID+110, 51346, 1, 14, 4982, '0', 0, 0, 0, -1, 0, 0, 1629.81, -4116.41, 179.549, 3.03362, 120, 10, 0, 100, 1, NULL, NULL, NULL, NULL, '', NULL, 59466),
(@CGUID+111, 51346, 1, 14, 4982, '0', 0, 0, 0, -1, 0, 0, 1596.14, -4131.59, 177.89, 2.34417, 120, 10, 0, 100, 1, NULL, NULL, NULL, NULL, '', NULL, 59466),
(@CGUID+112, 51346, 1, 14, 4982, '0', 0, 0, 0, -1, 0, 0, 1636.17, -3970.17, 193.859, 5.37264, 120, 10, 0, 100, 1, NULL, NULL, NULL, NULL, '', NULL, 59466),
(@CGUID+113, 51346, 1, 14, 4982, '0', 0, 0, 0, -1, 0, 0, 1623.47, -4120.53, 65.1919, 3.61665, 120, 10, 0, 100, 1, NULL, NULL, NULL, NULL, '', NULL, 59466),
(@CGUID+114, 51346, 1, 14, 4982, '0', 0, 0, 0, -1, 0, 0, 1643.81, -3971.74, 192.724, 5.33318, 120, 10, 0, 100, 1, NULL, NULL, NULL, NULL, '', NULL, 59466),
(@CGUID+115, 51346, 1, 14, 4982, '0', 0, 0, 0, -1, 0, 0, 1641.95, -3972.7, 192.69, 5.06989, 120, 10, 0, 100, 1, NULL, NULL, NULL, NULL, '', NULL, 59466),
(@CGUID+116, 51346, 1, 14, 4982, '0', 0, 0, 0, -1, 0, 0, 1633.05, -4100.96, 151.102, 2.69739, 120, 10, 0, 100, 1, NULL, NULL, NULL, NULL, '', NULL, 59466),
(@CGUID+117, 51346, 1, 14, 4982, '0', 0, 0, 0, -1, 0, 0, 1641.74, -4099.79, 151.657, 2.52352, 120, 10, 0, 100, 1, NULL, NULL, NULL, NULL, '', NULL, 59466),
(@CGUID+118, 51346, 1, 14, 4982, '0', 0, 0, 0, -1, 0, 0, 1626.76, -4107.34, 150.514, 2.79145, 120, 10, 0, 100, 1, NULL, NULL, NULL, NULL, '', NULL, 59466),
(@CGUID+119, 51346, 1, 14, 4982, '0', 0, 0, 0, -1, 0, 0, 1594.26, -4295.78, 108.722, 0.89155, 120, 10, 0, 100, 1, NULL, NULL, NULL, NULL, '', NULL, 59466),
(@CGUID+120, 51346, 1, 14, 4982, '0', 0, 0, 0, -1, 0, 0, 1711.48, -4500.35, 108.283, 3.64528, 120, 10, 0, 100, 1, NULL, NULL, NULL, NULL, '', NULL, 59466),
(@CGUID+121, 61325, 1, 14, 4982, '0', 0, 0, 0, -1, 0, 0, 1378.84, -4754.06, 27.4224, 0.75945, 120, 10, 0, 100, 1, NULL, NULL, NULL, NULL, '', NULL, 59466),
(@CGUID+122, 62116, 1, 14, 4982, '0', 0, 0, 0, -1, 0, 0, 1425.52, -4760.63, 29.5874, 3.74584, 120, 10, 0, 100, 1, NULL, NULL, NULL, NULL, '', NULL, 59466),
(@CGUID+123, 62116, 1, 14, 4982, '0', 0, 0, 0, -1, 0, 0, 1346.8, -4774.18, 25.6272, 1.14385, 120, 10, 0, 100, 1, NULL, NULL, NULL, NULL, '', NULL, 59466),
(@CGUID+124, 62116, 1, 14, 4982, '0', 0, 0, 0, -1, 0, 0, 1332.42, -4883.5, 15.2306, 0.231021, 120, 0, 0, 100, 0, NULL, NULL, NULL, NULL, '', NULL, 59466),
(@CGUID+125, 71100, 1, 14, 4982, '0', 0, 0, 0, -1, 0, 0, 1368.74, -4413.29, 30.6963, 3.95128, 120, 0, 0, 100, 0, NULL, NULL, NULL, NULL, '', NULL, 59466),
(@CGUID+126, 88750, 1, 14, 4982, '0', 0, 0, 0, -1, 0, 0, 1464.59, -5014.64, 11.9009, 0.436332, 120, 0, 0, 100, 0, NULL, NULL, NULL, NULL, '', NULL, 59466),
(@CGUID+127, 149270, 1, 14, 4982, '0', 0, 0, 0, -1, 0, 0, 1433.42, -4434.87, 25.7667, 1.58825, 120, 0, 0, 100, 0, NULL, NULL, NULL, NULL, '', NULL, 59466),
(@CGUID+128, 149270, 1, 14, 4982, '0', 0, 0, 0, -1, 0, 0, 1441.71, -4434, 25.7413, 1.77606, 120, 0, 0, 100, 0, NULL, NULL, NULL, NULL, '', NULL, 59466),
(@CGUID+129, 149270, 1, 14, 4982, '0', 0, 0, 0, -1, 0, 0, 1444.29, -4455.69, 21.0482, 3.92119, 120, 0, 0, 100, 0, NULL, NULL, NULL, NULL, '', NULL, 59466),
(@CGUID+130, 149270, 1, 14, 4982, '0', 0, 0, 0, -1, 0, 0, 1444.91, -4462.88, 21.0609, 3.08952, 120, 0, 0, 100, 0, NULL, NULL, NULL, NULL, '', NULL, 59466),
(@CGUID+131, 149290, 1, 14, 4982, '0', 0, 0, 0, -1, 0, 0, 1435.89, -4421.17, 25.4536, 4.85806, 120, 0, 0, 100, 0, NULL, NULL, NULL, NULL, '', NULL, 59466),
(@CGUID+132, 149523, 1, 14, 4982, '0', 0, 0, 0, -1, 0, 0, 1431.86, -4478.53, 18.6951, 6.06278, 120, 0, 0, 100, 0, NULL, NULL, NULL, NULL, '', NULL, 59466),
(@CGUID+133, 152743, 1, 14, 4982, '0', 0, 0, 0, -1, 0, 0, 1389.27, -4883.46, 11.592, 5.74243, 120, 0, 0, 100, 0, NULL, NULL, NULL, NULL, '', NULL, 59466),
(@CGUID+134, 160526, 1, 14, 4982, '0', 0, 0, 0, -1, 0, 0, 1385.24, -4960.85, 0.427743, 5.32144, 120, 0, 0, 100, 0, NULL, NULL, NULL, NULL, '', NULL, 59466),
(@CGUID+135, 160527, 1, 14, 4982, '0', 0, 0, 0, -1, 0, 0, 1368.25, -4980.13, 0.596736, 0.71888, 120, 0, 0, 100, 0, NULL, NULL, NULL, NULL, '', NULL, 59466),
(@CGUID+136, 160528, 1, 14, 4982, '0', 0, 0, 0, -1, 0, 0, 1370.45, -4977.31, 0.676475, 3.79682, 120, 0, 0, 100, 0, NULL, NULL, NULL, NULL, '', NULL, 59466),
(@CGUID+137, 160529, 1, 14, 4982, '0', 0, 0, 0, -1, 0, 0, 1382.09, -4964.4, 0.26533, 5.63741, 120, 10, 0, 100, 1, NULL, NULL, NULL, NULL, '', NULL, 59466),
(@CGUID+138, 160530, 1, 14, 4982, '0', 0, 0, 0, -1, 0, 0, 1364.53, -4970.46, 2.22854, 0.0616991, 120, 0, 0, 100, 0, NULL, NULL, NULL, NULL, '', NULL, 59466),
(@CGUID+139, 180701, 1, 14, 4982, '0', 0, 0, 0, -1, 0, 0, 1350.96, -4908.13, 68.4517, 0, 120, 0, 0, 100, 0, NULL, NULL, NULL, NULL, '', NULL, 59466),
(@CGUID+140, 180701, 1, 14, 4982, '0', 0, 0, 0, -1, 0, 0, 1351.67, -4919.97, 61.8009, 3.40413, 120, 0, 0, 100, 0, NULL, NULL, NULL, NULL, '', NULL, 59466),
(@CGUID+141, 184665, 1, 14, 4982, '0', 0, 0, 0, -1, 0, 0, 1377.92, -4905.57, 61.8312, 5.6367, 120, 0, 0, 100, 0, NULL, NULL, NULL, NULL, '', NULL, 59466),
(@CGUID+142, 184671, 1, 14, 4982, '0', 0, 0, 0, -1, 0, 0, 1379.64, -4906.67, 61.8312, 3.18023, 120, 0, 0, 100, 0, NULL, NULL, NULL, NULL, '', NULL, 59466),
(@CGUID+143, 184787, 1, 14, 4982, '0', 0, 0, 0, -1, 0, 0, 1398.28, -4879.71, 11.4247, 2.61824, 120, 0, 0, 100, 0, NULL, NULL, NULL, NULL, '', NULL, 59466),
(@CGUID+144, 184795, 1, 14, 4982, '0', 0, 0, 0, -1, 0, 0, 1342.4, -4922.09, 9.33407, 3.05271, 120, 0, 0, 100, 0, NULL, NULL, NULL, NULL, '', NULL, 59466),
(@CGUID+145, 184796, 1, 14, 4982, '0', 0, 0, 0, -1, 0, 0, 1348.6, -4818.38, 32.26, 0.927328, 120, 0, 0, 100, 0, NULL, NULL, NULL, NULL, '', NULL, 59466),
(@CGUID+146, 184797, 1, 14, 4982, '0', 0, 0, 0, -1, 0, 0, 1340.26, -4920.09, 9.71411, 5.24048, 120, 0, 0, 100, 0, NULL, NULL, NULL, NULL, '', NULL, 59466),
(@CGUID+147, 184798, 1, 14, 4982, '0', 0, 0, 0, -1, 0, 0, 1339.31, -4923.56, 9.26505, 0.633283, 120, 0, 0, 100, 0, NULL, NULL, NULL, NULL, '', NULL, 59466),
(@CGUID+148, 184800, 1, 14, 4982, '0', 0, 0, 0, -1, 0, 0, 1349.94, -4833.11, 44.2915, 0.0994494, 120, 0, 0, 100, 0, NULL, NULL, NULL, NULL, '', NULL, 59466),
(@CGUID+149, 184801, 1, 14, 4982, '0', 0, 0, 0, -1, 0, 0, 1348.46, -4838.85, 46.4721, 3.97171, 120, 0, 0, 100, 0, NULL, NULL, NULL, NULL, '', NULL, 59466),
(@CGUID+150, 184808, 1, 14, 4982, '0', 0, 0, 0, -1, 0, 0, 1346.06, -4918.35, 61.7966, 3.38637, 120, 0, 0, 100, 0, NULL, NULL, NULL, NULL, '', NULL, 59466),
(@CGUID+151, 184809, 1, 14, 4982, '0', 0, 0, 0, -1, 0, 0, 1348.69, -4925.68, 62.3938, 4.7555, 120, 0, 0, 100, 0, NULL, NULL, NULL, NULL, '', NULL, 59466),
(@CGUID+152, 184810, 1, 14, 4982, '0', 0, 0, 0, -1, 0, 0, 1344.01, -4918.9, 61.7966, 0.167863, 120, 0, 0, 100, 0, NULL, NULL, NULL, NULL, '', NULL, 59466),
(@CGUID+153, 184812, 1, 14, 4982, '0', 0, 0, 0, -1, 0, 0, 1383.96, -4900.7, 11.7304, 5.27988, 120, 0, 0, 100, 0, NULL, NULL, NULL, NULL, '', NULL, 59466),
(@CGUID+154, 184812, 1, 14, 4982, '0', 0, 0, 0, -1, 0, 0, 1326.95, -4815.42, 22.6875, 3.30391, 120, 0, 0, 100, 0, NULL, NULL, NULL, NULL, '', NULL, 59466),
(@CGUID+155, 184812, 1, 14, 4982, '0', 0, 0, 0, -1, 0, 0, 1324.94, -4815.75, 22.263, 0.162319, 120, 0, 0, 100, 0, NULL, NULL, NULL, NULL, '', NULL, 59466),
(@CGUID+156, 184812, 1, 14, 4982, '0', 0, 0, 0, -1, 0, 0, 1329.79, -4811.41, 23.6406, 4.85875, 120, 0, 0, 100, 0, NULL, NULL, NULL, NULL, '', NULL, 59466),
(@CGUID+157, 184812, 1, 14, 4982, '0', 0, 0, 0, -1, 0, 0, 1340.63, -4810.66, 25.5885, 2.81304, 120, 0, 0, 100, 0, NULL, NULL, NULL, NULL, '', NULL, 59466),
(@CGUID+158, 184812, 1, 14, 4982, '0', 0, 0, 0, -1, 0, 0, 1338.4, -4811.47, 25.658, 1.02635, 120, 0, 0, 100, 0, NULL, NULL, NULL, NULL, '', NULL, 59466),
(@CGUID+159, 184812, 1, 14, 4982, '0', 0, 0, 0, -1, 0, 0, 1331.3, -4812.65, 23.875, 3.13956, 120, 0, 0, 100, 0, NULL, NULL, NULL, NULL, '', NULL, 59466),
(@CGUID+160, 184812, 1, 14, 4982, '0', 0, 0, 0, -1, 0, 0, 1328.86, -4812.87, 23.3336, 0, 120, 0, 0, 100, 0, NULL, NULL, NULL, NULL, '', NULL, 59466),
(@CGUID+161, 184812, 1, 14, 4982, '0', 0, 0, 0, -1, 0, 0, 1384.23, -4902.8, 11.7304, 1.60453, 120, 0, 0, 100, 0, NULL, NULL, NULL, NULL, '', NULL, 59466),
(@CGUID+162, 184812, 1, 14, 4982, '0', 0, 0, 0, -1, 0, 0, 1387.11, -4904.1, 11.7304, 5.20051, 120, 0, 0, 100, 0, NULL, NULL, NULL, NULL, '', NULL, 59466),
(@CGUID+163, 184812, 1, 14, 4982, '0', 0, 0, 0, -1, 0, 0, 1369.24, -4905.44, 61.7478, 5.81195, 120, 10, 0, 100, 1, NULL, NULL, NULL, NULL, '', NULL, 59466),
(@CGUID+164, 184812, 1, 14, 4982, '0', 0, 0, 0, -1, 0, 0, 1364.52, -4927.57, 61.9854, 4.11898, 120, 10, 0, 100, 1, NULL, NULL, NULL, NULL, '', NULL, 59466),
(@CGUID+165, 184813, 1, 14, 4982, '0', 0, 0, 0, -1, 0, 0, 1394.16, -4916.66, 11.4254, 5.44606, 120, 0, 0, 100, 0, NULL, NULL, NULL, NULL, '', NULL, 59466),
(@CGUID+166, 184813, 1, 14, 4982, '0', 0, 0, 0, -1, 0, 0, 1396.1, -4915.54, 11.4254, 4.99697, 120, 0, 0, 100, 0, NULL, NULL, NULL, NULL, '', NULL, 59466),
(@CGUID+167, 184813, 1, 14, 4982, '0', 0, 0, 0, -1, 0, 0, 1396.54, -4918.73, 11.4254, 1.78575, 120, 0, 0, 100, 0, NULL, NULL, NULL, NULL, '', NULL, 59466),
(@CGUID+168, 184813, 1, 14, 4982, '0', 0, 0, 0, -1, 0, 0, 1362.61, -4906.14, 61.7478, 0.907571, 120, 10, 0, 100, 1, NULL, NULL, NULL, NULL, '', NULL, 59466),
(@CGUID+169, 184813, 1, 14, 4982, '0', 0, 0, 0, -1, 0, 0, 1346.07, -4915.38, 62.0935, 1.5708, 120, 10, 0, 100, 1, NULL, NULL, NULL, NULL, '', NULL, 59466),
(@CGUID+170, 184813, 1, 14, 4982, '0', 0, 0, 0, -1, 0, 0, 1348.15, -4914.27, 61.415, 2.09024, 120, 0, 0, 100, 0, NULL, NULL, NULL, NULL, '', NULL, 59466),
(@CGUID+171, 184813, 1, 14, 4982, '0', 0, 0, 0, -1, 0, 0, 1375.26, -4924.23, 67.2489, 4.60037, 120, 0, 0, 100, 0, NULL, NULL, NULL, NULL, '', NULL, 59466),
(@CGUID+172, 184814, 1, 14, 4982, '0', 0, 0, 0, -1, 0, 0, 1408.7, -4913.59, 11.4254, 0.0485462, 120, 0, 0, 100, 0, NULL, NULL, NULL, NULL, '', NULL, 59466),
(@CGUID+173, 184814, 1, 14, 4982, '0', 0, 0, 0, -1, 0, 0, 1410.94, -4914.09, 11.4254, 2.76903, 120, 0, 0, 100, 0, NULL, NULL, NULL, NULL, '', NULL, 59466),
(@CGUID+174, 184814, 1, 14, 4982, '0', 0, 0, 0, -1, 0, 0, 1373.22, -4921.24, 61.7478, 5.09636, 120, 10, 0, 100, 1, NULL, NULL, NULL, NULL, '', NULL, 59466),
(@CGUID+175, 184814, 1, 14, 4982, '0', 0, 0, 0, -1, 0, 0, 1370.35, -4925.7, 61.7478, 0.610865, 120, 10, 0, 100, 1, NULL, NULL, NULL, NULL, '', NULL, 59466),
(@CGUID+176, 184858, 1, 14, 4982, '0', 0, 0, 0, -1, 0, 0, 1371.07, -4899.8, 62.2408, 1.16757, 120, 0, 0, 100, 0, NULL, NULL, NULL, NULL, '', NULL, 59466),
(@CGUID+177, 189075, 1, 14, 4982, '0', 0, 0, 0, -1, 0, 0, 1389.15, -4940.71, 74.6242, 1.92243, 120, 0, 0, 100, 0, NULL, NULL, NULL, NULL, '', NULL, 59466),
(@CGUID+178, 189386, 1, 14, 4982, '0', 0, 0, 0, -1, 0, 0, 1353.96, -4374.22, 26.228, 0.199626, 120, 0, 0, 100, 0, NULL, NULL, NULL, NULL, '', NULL, 59466),
(@CGUID+179, 189389, 1, 14, 4982, '0', 0, 0, 0, -1, 0, 0, 1352.39, -4371.66, 26.2767, 6.11321, 120, 0, 0, 100, 0, NULL, NULL, NULL, NULL, '', NULL, 59466),
(@CGUID+180, 189390, 1, 14, 4982, '0', 0, 0, 0, -1, 0, 0, 1349.72, -4370.57, 26.3214, 6.24845, 120, 0, 0, 100, 0, NULL, NULL, NULL, NULL, '', NULL, 59466),
(@CGUID+181, 189554, 1, 14, 4982, '0', 0, 0, 0, -1, 0, 0, 1362.51, -4904.57, 61.8312, 0.775143, 120, 0, 0, 100, 0, NULL, NULL, NULL, NULL, '', NULL, 59466),
(@CGUID+182, 189554, 1, 14, 4982, '0', 0, 0, 0, -1, 0, 0, 1369.1, -4904.07, 61.7478, 2.67035, 120, 10, 0, 100, 1, NULL, NULL, NULL, NULL, '', NULL, 59466),
(@CGUID+183, 189554, 1, 14, 4982, '0', 0, 0, 0, -1, 0, 0, 1357.61, -4906.5, 61.8312, 5.60432, 120, 0, 0, 100, 0, NULL, NULL, NULL, NULL, '', NULL, 59466),
(@CGUID+184, 189554, 1, 14, 4982, '0', 0, 0, 0, -1, 0, 0, 1358.8, -4907.49, 61.8312, 2.52789, 120, 0, 0, 100, 0, NULL, NULL, NULL, NULL, '', NULL, 59466),
(@CGUID+185, 189554, 1, 14, 4982, '0', 0, 0, 0, -1, 0, 0, 1378.86, -4922.86, 61.7478, 4.2586, 120, 10, 0, 100, 1, NULL, NULL, NULL, NULL, '', NULL, 59466),
(@CGUID+186, 189554, 1, 14, 4982, '0', 0, 0, 0, -1, 0, 0, 1372.72, -4928.01, 61.8327, 0.651329, 120, 0, 0, 100, 0, NULL, NULL, NULL, NULL, '', NULL, 59466),
(@CGUID+187, 193045, 1, 14, 4982, '0', 0, 0, 0, -1, 0, 0, 1367.01, -4378.58, 26.1626, 3.0117, 120, 0, 0, 100, 0, NULL, NULL, NULL, NULL, '', NULL, 59466),
(@CGUID+188, 193045, 1, 14, 4982, '0', 0, 0, 0, -1, 0, 0, 1363.22, -4363.21, 26.4001, 3.58927, 120, 0, 0, 100, 0, NULL, NULL, NULL, NULL, '', NULL, 59466),
(@CGUID+189, 193046, 1, 14, 4982, '0', 0, 0, 0, -1, 0, 0, 1364.32, -4380.69, 26.1683, 2.85281, 120, 0, 0, 100, 0, NULL, NULL, NULL, NULL, '', NULL, 59466),
(@CGUID+190, 193046, 1, 14, 4982, '0', 0, 0, 0, -1, 0, 0, 1365.91, -4365.3, 26.2344, 3.4638, 120, 0, 0, 100, 0, NULL, NULL, NULL, NULL, '', NULL, 59466),
(@CGUID+191, 193047, 1, 14, 4982, '0', 0, 0, 0, -1, 0, 0, 1366.9, -4375.87, 26.1542, 3.19007, 120, 0, 0, 100, 0, NULL, NULL, NULL, NULL, '', NULL, 59466),
(@CGUID+192, 193047, 1, 14, 4982, '0', 0, 0, 0, -1, 0, 0, 1364.06, -4368.25, 26.1905, 3.44909, 120, 0, 0, 100, 0, NULL, NULL, NULL, NULL, '', NULL, 59466),
(@CGUID+193, 193048, 1, 14, 4982, '0', 0, 0, 0, -1, 0, 0, 1365.21, -4362.99, 26.349, 3.87714, 120, 0, 0, 100, 0, NULL, NULL, NULL, NULL, '', NULL, 59466),
(@CGUID+194, 193048, 1, 14, 4982, '0', 0, 0, 0, -1, 0, 0, 1364.58, -4378.56, 26.1632, 2.98064, 120, 0, 0, 100, 0, NULL, NULL, NULL, NULL, '', NULL, 59466),
(@CGUID+195, 193050, 1, 14, 4982, '0', 0, 0, 0, -1, 0, 0, 1366.06, -4368.03, 26.1615, 3.73523, 120, 0, 0, 100, 0, NULL, NULL, NULL, NULL, '', NULL, 59466),
(@CGUID+196, 193050, 1, 14, 4982, '0', 0, 0, 0, -1, 0, 0, 1364.02, -4376.21, 26.1587, 2.94757, 120, 0, 0, 100, 0, NULL, NULL, NULL, NULL, '', NULL, 59466),
(@CGUID+197, 193051, 1, 14, 4982, '0', 0, 0, 0, -1, 0, 0, 1363.92, -4365.52, 26.2775, 3.8272, 120, 0, 0, 100, 0, NULL, NULL, NULL, NULL, '', NULL, 59466),
(@CGUID+198, 193051, 1, 14, 4982, '0', 0, 0, 0, -1, 0, 0, 1367.12, -4380.74, 26.1546, 2.90422, 120, 0, 0, 100, 0, NULL, NULL, NULL, NULL, '', NULL, 59466),
(@CGUID+199, 193055, 1, 14, 4982, '0', 0, 0, 0, -1, 0, 0, 1347.44, -4379.95, 26.229, 0, 120, 0, 0, 100, 0, NULL, NULL, NULL, NULL, '', NULL, 59466),
(@CGUID+200, 193056, 1, 14, 4982, '0', 0, 0, 0, -1, 0, 0, 1345.27, -4369.17, 26.4898, 0, 120, 0, 0, 100, 0, NULL, NULL, NULL, NULL, '', NULL, 59466),
(@CGUID+201, 193056, 1, 14, 4982, '0', 0, 0, 0, -1, 0, 0, 1351.58, -4381.86, 26.2131, 0, 120, 0, 0, 100, 0, NULL, NULL, NULL, NULL, '', NULL, 59466),
(@CGUID+202, 193057, 1, 14, 4982, '0', 0, 0, 0, -1, 0, 0, 1349.08, -4367.56, 26.4936, 0, 120, 0, 0, 100, 0, NULL, NULL, NULL, NULL, '', NULL, 59466),
(@CGUID+203, 193057, 1, 14, 4982, '0', 0, 0, 0, -1, 0, 0, 1348.85, -4376.88, 26.225, 0, 120, 0, 0, 100, 0, NULL, NULL, NULL, NULL, '', NULL, 59466),
(@CGUID+204, 193058, 1, 14, 4982, '0', 0, 0, 0, -1, 0, 0, 1346.05, -4373.02, 26.2595, 0, 120, 0, 0, 100, 0, NULL, NULL, NULL, NULL, '', NULL, 59466),
(@CGUID+205, 193450, 1, 14, 4982, '0', 0, 0, 0, -1, 0, 0, 1363.9, -4919.17, 61.8312, 1.39572, 120, 0, 0, 100, 0, NULL, NULL, NULL, NULL, '', NULL, 59466),
(@CGUID+206, 195357, 1, 14, 4982, '0', 0, 0, 0, -1, 0, 0, 1398.86, -4915.9, 11.4254, 0.063257, 120, 0, 0, 100, 0, NULL, NULL, NULL, NULL, '', NULL, 59466),
(@CGUID+207, 195385, 1, 14, 4982, '0', 0, 0, 0, -1, 0, 0, 1400.84, -4915.48, 11.4254, 2.93877, 120, 0, 0, 100, 0, NULL, NULL, NULL, NULL, '', NULL, 59466),
(@CGUID+208, 197279, 1, 14, 4982, '0', 0, 0, 0, -1, 0, 0, 1362, -4913.4, 61.8312, 0.031519, 120, 0, 0, 100, 0, NULL, NULL, NULL, NULL, '', NULL, 59466),
(@CGUID+209, 197288, 1, 14, 4982, '0', 0, 0, 0, -1, 0, 0, 1344.34, -4924.87, 61.8053, 1.08976, 120, 0, 0, 100, 0, NULL, NULL, NULL, NULL, '', NULL, 59466),
(@CGUID+210, 197679, 1, 14, 4982, '0', 0, 0, 0, -1, 0, 0, 1390.44, -4884.14, 11.474, 2.70494, 120, 0, 0, 100, 0, NULL, NULL, NULL, NULL, '', NULL, 59466),
(@CGUID+211, 197680, 1, 14, 4982, '0', 0, 0, 0, -1, 0, 0, 1394.68, -4877.34, 11.425, 5.11541, 120, 0, 0, 100, 0, NULL, NULL, NULL, NULL, '', NULL, 59466),
(@CGUID+212, 197682, 1, 14, 4982, '0', 0, 0, 0, -1, 0, 0, 1393.4, -4889.27, 11.4253, 5.13948, 120, 0, 0, 100, 0, NULL, NULL, NULL, NULL, '', NULL, 59466),
(@CGUID+213, 198096, 1, 14, 4982, '0', 0, 0, 0, -1, 0, 0, 1470.14, -4496.57, 20.0675, 5.70235, 120, 0, 0, 100, 0, NULL, NULL, NULL, NULL, '', NULL, 59466),
(@CGUID+214, 198096, 1, 14, 4982, '0', 0, 0, 0, -1, 0, 0, 1470.2, -4502.87, 20.0675, 0.789052, 120, 0, 0, 100, 0, NULL, NULL, NULL, NULL, '', NULL, 59466),
(@CGUID+215, 198391, 1, 14, 4982, '0', 0, 0, 0, -1, 0, 0, 1360.72, -4827.01, 35.5459, 2.12954, 120, 0, 0, 100, 0, NULL, NULL, NULL, NULL, '', NULL, 59466),
(@CGUID+216, 198391, 1, 14, 4982, '0', 0, 0, 0, -1, 0, 0, 1351.76, -4836.49, 45.7674, 5.09253, 120, 0, 0, 100, 0, NULL, NULL, NULL, NULL, '', NULL, 59466),
(@CGUID+217, 198391, 1, 14, 4982, '0', 0, 0, 0, -1, 0, 0, 1358.38, -4823.91, 35.6729, 5.27865, 120, 0, 0, 100, 0, NULL, NULL, NULL, NULL, '', NULL, 59466),
(@CGUID+218, 198411, 1, 14, 4982, '0', 0, 0, 0, -1, 0, 0, 1383.33, -4924.46, 62.2349, 4.74677, 120, 0, 0, 100, 0, NULL, NULL, NULL, NULL, '', NULL, 59466),
(@CGUID+219, 198412, 1, 14, 4982, '0', 0, 0, 0, -1, 0, 0, 1380.72, -4925.16, 62.234, 5.25843, 120, 0, 0, 100, 0, NULL, NULL, NULL, NULL, '', NULL, 59466),
(@CGUID+220, 198434, 1, 14, 4982, '0', 0, 0, 0, -1, 0, 0, 1459.28, -4830.53, 28.8889, 2.7354, 120, 0, 0, 100, 0, NULL, NULL, NULL, NULL, '', NULL, 59466),
(@CGUID+221, 198434, 1, 14, 4982, '0', 0, 0, 0, -1, 0, 0, 1455.26, -4828.8, 28.9949, 5.87699, 120, 0, 0, 100, 0, NULL, NULL, NULL, NULL, '', NULL, 59466),
(@CGUID+222, 198434, 1, 14, 4982, '0', 0, 0, 0, -1, 0, 0, 1457.83, -4819.41, 29.5122, 3.83818, 120, 0, 0, 100, 0, NULL, NULL, NULL, NULL, '', NULL, 59466),
(@CGUID+223, 198434, 1, 14, 4982, '0', 0, 0, 0, -1, 0, 0, 1454.46, -4822.23, 29.2188, 0.696589, 120, 0, 0, 100, 0, NULL, NULL, NULL, NULL, '', NULL, 59466),
(@CGUID+224, 198434, 1, 14, 4982, '0', 0, 0, 0, -1, 0, 0, 1382.09, -4898.59, 61.8312, 3.06768, 120, 0, 0, 100, 0, NULL, NULL, NULL, NULL, '', NULL, 59466),
(@CGUID+225, 198434, 1, 14, 4982, '0', 0, 0, 0, -1, 0, 0, 1378.53, -4898.32, 61.8312, 5.96392, 120, 0, 0, 100, 0, NULL, NULL, NULL, NULL, '', NULL, 59466),
(@CGUID+226, 198442, 1, 14, 4982, '0', 0, 0, 0, -1, 0, 0, 1460.69, -4824.61, 28.974, 3.51616, 120, 0, 0, 100, 0, NULL, NULL, NULL, NULL, '', NULL, 59466),
(@CGUID+227, 198444, 1, 14, 4982, '0', 0, 0, 0, -1, 0, 0, 1454.95, -4835.76, 29.4099, 1.24045, 120, 0, 0, 100, 0, NULL, NULL, NULL, NULL, '', NULL, 59466),
(@CGUID+228, 198444, 1, 14, 4982, '0', 0, 0, 0, -1, 0, 0, 1451.16, -4812.4, 29.4757, 4.81357, 120, 0, 0, 100, 0, NULL, NULL, NULL, NULL, '', NULL, 59466),
(@CGUID+229, 198444, 1, 14, 4982, '0', 0, 0, 0, -1, 0, 0, 1459.18, -4811.85, 30.7135, 4.46108, 120, 0, 0, 100, 0, NULL, NULL, NULL, NULL, '', NULL, 59466),
(@CGUID+230, 198462, 1, 14, 4982, '0', 0, 0, 0, -1, 0, 0, 1390.66, -4881.85, 11.4294, 4.29003, 120, 0, 0, 100, 0, NULL, NULL, NULL, NULL, '', NULL, 59466),
(@CGUID+231, 198475, 1, 14, 4982, '0', 0, 0, 0, -1, 0, 0, 1372.04, -4896.95, 62.1478, 4.82599, 120, 0, 0, 100, 0, NULL, NULL, NULL, NULL, '', NULL, 59466),
(@CGUID+232, 198476, 1, 14, 4982, '0', 0, 0, 0, -1, 0, 0, 1373.98, -4898.74, 62.2314, 2.52958, 120, 0, 0, 100, 0, NULL, NULL, NULL, NULL, '', NULL, 59466),
(@CGUID+233, 199288, 1, 14, 4982, '0', 0, 0, 0, -1, 0, 0, 1477.69, -4483.44, 0.0833333, 2.71081, 120, 0, 0, 100, 0, NULL, NULL, NULL, NULL, '', NULL, 59466),
(@CGUID+234, 199726, 1, 14, 4982, '0', 0, 0, 0, -1, 0, 0, 1345.61, -4921.14, 61.7969, 0, 120, 0, 0, 100, 0, NULL, NULL, NULL, NULL, '', NULL, 59466),
(@CGUID+235, 190239, 1, 14, 4982, '0', 0, 0, 0, -1, 0, 0, 1358.92, -4915.26, 61.8312, 0.0485084, 120, 0, 0, 100, 0, NULL, NULL, NULL, NULL, '', NULL, 59466);

-- creature addon
DELETE FROM `creature_addon` WHERE `guid` BETWEEN @CGUID+1 AND @CGUID+235;
INSERT INTO `creature_addon` (`guid`, `PathId`, `mount`, `MountCreatureID`, `StandState`, `AnimTier`, `VisFlags`, `SheathState`, `PvPFlags`, `emote`, `aiAnimKit`, `movementAnimKit`, `meleeAnimKit`, `visibilityDistanceType`, `auras`) VALUES 
(@CGUID+1, 0, 0, 0, 0, 0, 0, 1, 0, 0, 0, 0, 0, 0, ''),
(@CGUID+2, 0, 0, 0, 0, 0, 0, 1, 0, 0, 0, 0, 0, 0, ''),
(@CGUID+3, 0, 0, 0, 0, 0, 0, 1, 0, 0, 0, 0, 0, 0, ''),
(@CGUID+4, 0, 0, 0, 0, 0, 0, 1, 0, 0, 0, 0, 0, 0, ''),
(@CGUID+5, 0, 0, 0, 0, 0, 0, 1, 0, 0, 0, 0, 0, 0, ''),
(@CGUID+6, 0, 0, 0, 0, 0, 0, 1, 0, 0, 0, 0, 0, 0, ''),
(@CGUID+7, 0, 0, 0, 0, 0, 0, 1, 0, 0, 0, 0, 0, 0, ''),
(@CGUID+8, 0, 0, 0, 0, 0, 0, 1, 0, 0, 0, 0, 0, 0, ''),
(@CGUID+9, 0, 0, 0, 0, 0, 0, 1, 0, 0, 0, 0, 0, 0, ''),
(@CGUID+10, 0, 0, 0, 0, 0, 0, 1, 0, 0, 0, 0, 0, 0, ''),
(@CGUID+11, 0, 0, 0, 0, 0, 0, 1, 0, 0, 0, 0, 0, 0, ''),
(@CGUID+12, 0, 0, 0, 0, 0, 0, 1, 0, 0, 0, 0, 0, 0, ''),
(@CGUID+13, 0, 0, 0, 0, 0, 0, 1, 0, 0, 0, 0, 0, 0, ''),
(@CGUID+14, 0, 0, 0, 0, 0, 0, 1, 0, 0, 0, 0, 0, 0, ''),
(@CGUID+15, 0, 0, 0, 0, 0, 0, 1, 0, 0, 0, 0, 0, 0, ''),
(@CGUID+16, 0, 0, 0, 0, 0, 0, 1, 0, 0, 0, 0, 0, 0, ''),
(@CGUID+17, 0, 0, 0, 0, 0, 0, 1, 0, 0, 0, 0, 0, 0, ''),
(@CGUID+18, 0, 0, 0, 0, 0, 0, 1, 0, 0, 0, 0, 0, 0, ''),
(@CGUID+19, 0, 0, 0, 0, 0, 0, 1, 0, 0, 0, 0, 0, 0, ''),
(@CGUID+20, 0, 0, 0, 0, 0, 0, 1, 0, 0, 0, 0, 0, 0, ''),
(@CGUID+21, 0, 0, 0, 0, 0, 0, 1, 0, 0, 0, 0, 0, 0, ''),
(@CGUID+22, 0, 0, 0, 0, 0, 0, 1, 0, 0, 0, 0, 0, 0, ''),
(@CGUID+23, 0, 0, 0, 0, 0, 0, 1, 0, 0, 0, 0, 0, 0, ''),
(@CGUID+24, 0, 0, 0, 0, 0, 0, 1, 0, 0, 0, 0, 0, 0, ''),
(@CGUID+25, 0, 0, 0, 0, 0, 0, 1, 0, 0, 0, 0, 0, 0, ''),
(@CGUID+26, 0, 0, 0, 0, 0, 0, 1, 0, 0, 0, 0, 0, 0, ''),
(@CGUID+27, 0, 0, 0, 0, 0, 0, 1, 0, 0, 0, 0, 0, 0, ''),
(@CGUID+28, 0, 0, 0, 0, 0, 0, 1, 0, 0, 0, 0, 0, 0, ''),
(@CGUID+29, 0, 0, 0, 0, 0, 0, 1, 0, 0, 0, 0, 0, 0, ''),
(@CGUID+30, 0, 0, 0, 0, 0, 0, 1, 0, 0, 0, 0, 0, 0, ''),
(@CGUID+31, 0, 0, 0, 0, 0, 0, 1, 0, 0, 0, 0, 0, 0, ''),
(@CGUID+32, 0, 0, 0, 0, 0, 0, 1, 0, 0, 0, 0, 0, 0, ''),
(@CGUID+33, 0, 0, 0, 0, 0, 0, 1, 0, 0, 0, 0, 0, 0, ''),
(@CGUID+34, 0, 0, 0, 0, 0, 0, 1, 0, 0, 0, 0, 0, 0, ''),
(@CGUID+35, 0, 0, 0, 0, 0, 0, 1, 0, 0, 0, 0, 0, 0, ''),
(@CGUID+36, 0, 0, 0, 0, 0, 0, 1, 0, 0, 0, 0, 0, 0, ''),
(@CGUID+37, 0, 0, 0, 0, 0, 0, 1, 0, 0, 0, 0, 0, 0, ''),
(@CGUID+38, 0, 0, 0, 0, 0, 0, 1, 0, 0, 0, 0, 0, 0, ''),
(@CGUID+39, 0, 0, 0, 0, 0, 0, 1, 0, 0, 0, 0, 0, 0, ''),
(@CGUID+40, 0, 0, 0, 0, 0, 0, 1, 0, 0, 0, 0, 0, 0, ''),
(@CGUID+41, 0, 0, 0, 0, 0, 0, 1, 0, 0, 0, 0, 0, 0, ''),
(@CGUID+42, 0, 0, 0, 0, 0, 0, 1, 0, 0, 0, 0, 0, 0, ''),
(@CGUID+43, 0, 0, 0, 0, 0, 0, 1, 0, 375, 0, 0, 0, 0, ''),
(@CGUID+44, 0, 0, 0, 0, 0, 0, 1, 0, 0, 0, 0, 0, 0, ''),
(@CGUID+45, 0, 0, 0, 0, 0, 0, 1, 0, 0, 0, 0, 0, 0, ''),
(@CGUID+46, 0, 0, 0, 0, 0, 0, 1, 1, 0, 0, 0, 0, 0, ''),
(@CGUID+47, 0, 0, 0, 0, 0, 0, 1, 1, 0, 0, 0, 0, 0, ''),
(@CGUID+48, 0, 0, 0, 0, 0, 0, 1, 1, 0, 0, 0, 0, 0, ''),
(@CGUID+49, 0, 0, 0, 0, 0, 0, 1, 1, 0, 0, 0, 0, 0, ''),
(@CGUID+50, 0, 0, 0, 0, 0, 0, 1, 1, 0, 0, 0, 0, 0, ''),
(@CGUID+51, 0, 0, 0, 0, 0, 0, 1, 1, 0, 0, 0, 0, 0, ''),
(@CGUID+52, 0, 0, 0, 0, 0, 0, 1, 1, 0, 0, 0, 0, 0, ''),
(@CGUID+53, 0, 0, 0, 0, 0, 0, 1, 1, 0, 0, 0, 0, 0, ''),
(@CGUID+54, 0, 0, 0, 0, 0, 0, 0, 1, 0, 0, 0, 0, 0, ''),
(@CGUID+55, 0, 0, 0, 0, 0, 0, 1, 1, 0, 0, 0, 0, 0, ''),
(@CGUID+56, 0, 0, 0, 0, 0, 0, 1, 1, 0, 0, 0, 0, 0, ''),
(@CGUID+57, 0, 0, 0, 0, 0, 0, 1, 1, 0, 0, 0, 0, 0, ''),
(@CGUID+58, 0, 0, 0, 0, 0, 0, 1, 1, 0, 0, 0, 0, 0, ''),
(@CGUID+59, 0, 0, 0, 0, 0, 0, 1, 1, 0, 0, 0, 0, 0, ''),
(@CGUID+60, 0, 17719, 0, 0, 0, 0, 0, 0, 0, 0, 0, 0, 0, ''),
(@CGUID+61, 0, 17719, 0, 0, 0, 0, 0, 0, 0, 0, 0, 0, 0, ''),
(@CGUID+62, 0, 0, 0, 0, 0, 0, 0, 0, 0, 0, 0, 0, 0, ''),
(@CGUID+63, 0, 0, 0, 0, 0, 0, 0, 0, 0, 0, 0, 0, 0, ''),
(@CGUID+64, 0, 0, 0, 0, 0, 0, 0, 0, 0, 0, 0, 0, 0, ''),
(@CGUID+65, 0, 0, 0, 0, 0, 0, 0, 0, 0, 0, 0, 0, 0, ''),
(@CGUID+66, 0, 0, 0, 0, 0, 0, 1, 0, 0, 0, 0, 0, 0, ''),
(@CGUID+67, 0, 0, 0, 0, 0, 0, 1, 0, 0, 0, 0, 0, 0, ''),
(@CGUID+68, 0, 0, 0, 0, 0, 0, 1, 0, 0, 0, 0, 0, 0, ''),
(@CGUID+69, 0, 0, 0, 0, 0, 0, 1, 0, 0, 0, 0, 0, 0, ''),
(@CGUID+70, 0, 0, 0, 0, 0, 0, 1, 0, 0, 0, 0, 0, 0, ''),
(@CGUID+71, 0, 0, 0, 0, 0, 0, 1, 0, 0, 0, 0, 0, 0, ''),
(@CGUID+72, 0, 2328, 0, 0, 0, 0, 1, 1, 0, 0, 0, 0, 4, ''),
(@CGUID+73, 0, 0, 0, 0, 0, 0, 1, 0, 0, 0, 0, 0, 0, ''),
(@CGUID+74, 0, 0, 0, 0, 0, 0, 1, 0, 0, 0, 0, 0, 0, ''),
(@CGUID+75, 0, 0, 0, 0, 0, 0, 1, 1, 0, 0, 0, 0, 0, ''),
(@CGUID+76, 0, 0, 0, 0, 0, 0, 1, 1, 0, 0, 0, 0, 0, ''),
(@CGUID+77, 0, 0, 0, 0, 0, 0, 1, 1, 69, 0, 0, 0, 0, ''),
(@CGUID+78, 0, 0, 0, 8, 0, 0, 1, 1, 0, 0, 0, 0, 0, ''),
(@CGUID+79, 0, 0, 0, 0, 0, 0, 1, 1, 69, 0, 0, 0, 0, ''),
(@CGUID+80, 0, 0, 0, 8, 0, 0, 1, 1, 0, 0, 0, 0, 0, ''),
(@CGUID+81, 0, 0, 0, 0, 0, 0, 1, 1, 69, 0, 0, 0, 0, ''),
(@CGUID+82, 0, 0, 0, 0, 0, 0, 1, 1, 69, 0, 0, 0, 0, ''),
(@CGUID+83, 0, 0, 0, 0, 0, 0, 1, 1, 69, 0, 0, 0, 0, ''),
(@CGUID+84, 0, 0, 0, 8, 0, 0, 1, 1, 0, 0, 0, 0, 0, ''),
(@CGUID+85, 0, 0, 0, 8, 0, 0, 1, 1, 0, 0, 0, 0, 0, ''),
(@CGUID+86, 0, 0, 0, 3, 0, 0, 1, 1, 0, 0, 0, 0, 0, '55701'),
(@CGUID+87, 0, 0, 0, 0, 0, 0, 1, 1, 69, 0, 0, 0, 0, ''),
(@CGUID+88, 0, 0, 0, 0, 0, 0, 1, 1, 69, 0, 0, 0, 0, ''),
(@CGUID+89, 0, 0, 0, 0, 0, 0, 1, 0, 69, 0, 0, 0, 0, ''),
(@CGUID+90, 0, 0, 0, 8, 0, 0, 1, 1, 0, 0, 0, 0, 0, ''),
(@CGUID+91, 0, 0, 0, 0, 0, 0, 1, 1, 69, 0, 0, 0, 0, ''),
(@CGUID+92, 0, 0, 0, 0, 0, 0, 1, 1, 69, 0, 0, 0, 0, ''),
(@CGUID+93, 0, 0, 0, 0, 0, 0, 1, 1, 0, 0, 0, 0, 0, ''),
(@CGUID+94, 0, 0, 0, 0, 0, 0, 1, 1, 0, 0, 0, 0, 0, ''),
(@CGUID+95, 0, 0, 0, 0, 0, 0, 1, 1, 0, 0, 0, 0, 0, ''),
(@CGUID+96, 0, 0, 0, 0, 0, 0, 1, 0, 0, 0, 0, 0, 0, ''),
(@CGUID+97, 0, 0, 0, 0, 0, 0, 1, 0, 0, 0, 0, 0, 0, ''),
(@CGUID+98, 0, 0, 0, 0, 0, 0, 1, 0, 0, 0, 0, 0, 0, ''),
(@CGUID+99, 0, 0, 0, 0, 0, 0, 1, 0, 0, 0, 0, 0, 0, ''),
(@CGUID+100, 0, 0, 0, 0, 0, 0, 1, 0, 0, 0, 0, 0, 0, ''),
(@CGUID+101, 0, 0, 0, 0, 0, 0, 1, 0, 0, 0, 0, 0, 0, ''),
(@CGUID+102, 0, 0, 0, 0, 0, 0, 1, 0, 0, 0, 0, 0, 0, ''),
(@CGUID+103, 0, 17719, 0, 0, 3, 0, 1, 1, 0, 0, 0, 0, 4, ''),
(@CGUID+104, 0, 17719, 0, 0, 3, 0, 1, 1, 0, 0, 0, 0, 4, '95230'),
(@CGUID+105, 0, 17719, 0, 0, 3, 0, 1, 1, 0, 0, 0, 0, 4, ''),
(@CGUID+106, 0, 17719, 0, 0, 3, 0, 1, 1, 0, 0, 0, 0, 4, ''),
(@CGUID+107, 0, 17719, 0, 0, 3, 0, 1, 1, 0, 0, 0, 0, 4, ''),
(@CGUID+108, 0, 17719, 0, 0, 3, 0, 1, 1, 0, 0, 0, 0, 4, ''),
(@CGUID+109, 0, 17719, 0, 0, 3, 0, 1, 1, 0, 0, 0, 0, 4, ''),
(@CGUID+110, 0, 17719, 0, 0, 3, 0, 1, 1, 0, 0, 0, 0, 4, ''),
(@CGUID+111, 0, 17719, 0, 0, 3, 0, 1, 1, 0, 0, 0, 0, 4, ''),
(@CGUID+112, 0, 17719, 0, 0, 3, 0, 1, 1, 0, 0, 0, 0, 4, ''),
(@CGUID+113, 0, 17719, 0, 0, 3, 0, 1, 1, 0, 0, 0, 0, 4, ''),
(@CGUID+114, 0, 17719, 0, 0, 3, 0, 1, 1, 0, 0, 0, 0, 4, ''),
(@CGUID+115, 0, 17719, 0, 0, 3, 0, 1, 1, 0, 0, 0, 0, 4, ''),
(@CGUID+116, 0, 17719, 0, 0, 3, 0, 1, 1, 0, 0, 0, 0, 4, ''),
(@CGUID+117, 0, 17719, 0, 0, 3, 0, 1, 1, 0, 0, 0, 0, 4, ''),
(@CGUID+118, 0, 17719, 0, 0, 3, 0, 1, 1, 0, 0, 0, 0, 4, ''),
(@CGUID+119, 0, 17719, 0, 0, 3, 0, 1, 1, 0, 0, 0, 0, 4, ''),
(@CGUID+120, 0, 17719, 0, 0, 3, 0, 1, 1, 0, 0, 0, 0, 4, ''),
(@CGUID+121, 0, 0, 0, 0, 0, 0, 1, 0, 0, 0, 0, 0, 0, ''),
(@CGUID+122, 0, 0, 0, 0, 0, 0, 1, 0, 0, 0, 0, 0, 0, ''),
(@CGUID+123, 0, 0, 0, 0, 0, 0, 1, 0, 0, 0, 0, 0, 0, ''),
(@CGUID+124, 0, 0, 0, 0, 0, 0, 1, 0, 0, 0, 0, 0, 0, ''),
(@CGUID+125, 0, 0, 0, 0, 0, 0, 1, 0, 0, 0, 0, 0, 0, ''),
(@CGUID+126, 0, 0, 0, 0, 0, 0, 1, 0, 0, 0, 0, 0, 0, ''),
(@CGUID+127, 0, 0, 0, 0, 0, 0, 1, 1, 716, 0, 0, 0, 0, '18950'),
(@CGUID+128, 0, 0, 0, 0, 0, 0, 1, 1, 717, 0, 0, 0, 0, '18950'),
(@CGUID+129, 0, 0, 0, 0, 0, 0, 1, 1, 716, 0, 0, 0, 0, '18950'),
(@CGUID+130, 0, 0, 0, 0, 0, 0, 1, 1, 717, 0, 0, 0, 0, '18950'),
(@CGUID+131, 0, 0, 0, 0, 0, 0, 1, 1, 0, 0, 0, 0, 0, ''),
(@CGUID+132, 0, 0, 0, 0, 0, 0, 1, 1, 0, 0, 0, 0, 0, ''),
(@CGUID+133, 0, 0, 0, 0, 0, 0, 1, 0, 0, 16996, 0, 0, 0, ''),
(@CGUID+134, 0, 90766, 0, 0, 0, 0, 1, 0, 0, 0, 0, 0, 0, ''),
(@CGUID+135, 0, 0, 0, 0, 0, 0, 1, 0, 0, 0, 0, 0, 0, ''),
(@CGUID+136, 0, 0, 0, 0, 0, 0, 0, 0, 0, 0, 0, 0, 0, ''),
(@CGUID+137, 0, 0, 0, 0, 0, 0, 0, 0, 0, 0, 0, 0, 0, ''),
(@CGUID+138, 0, 0, 0, 8, 0, 0, 1, 0, 0, 0, 0, 0, 0, ''),
(@CGUID+139, 0, 0, 0, 0, 0, 0, 1, 0, 0, 0, 0, 0, 0, ''),
(@CGUID+140, 0, 0, 0, 0, 0, 0, 1, 0, 0, 0, 0, 0, 0, ''),
(@CGUID+141, 0, 0, 0, 0, 0, 0, 0, 0, 0, 0, 0, 0, 0, '383101'),
(@CGUID+142, 0, 0, 0, 0, 0, 0, 0, 0, 0, 0, 0, 0, 0, ''),
(@CGUID+143, 0, 0, 0, 0, 0, 0, 0, 0, 0, 0, 0, 0, 0, ''),
(@CGUID+144, 0, 0, 0, 0, 0, 0, 0, 0, 0, 0, 0, 0, 0, ''),
(@CGUID+145, 0, 0, 0, 0, 0, 0, 0, 0, 0, 0, 0, 0, 0, ''),
(@CGUID+146, 0, 0, 0, 0, 0, 0, 1, 0, 0, 0, 0, 0, 0, ''),
(@CGUID+147, 0, 0, 0, 0, 0, 0, 0, 0, 0, 0, 0, 0, 0, ''),
(@CGUID+148, 0, 0, 0, 0, 0, 0, 1, 0, 0, 0, 0, 0, 0, ''),
(@CGUID+149, 0, 0, 0, 0, 0, 0, 1, 0, 0, 0, 0, 0, 0, ''),
(@CGUID+150, 0, 0, 0, 0, 0, 0, 1, 0, 0, 0, 0, 0, 0, ''),
(@CGUID+151, 0, 0, 0, 0, 0, 0, 1, 0, 0, 0, 0, 0, 0, ''),
(@CGUID+152, 0, 0, 0, 0, 0, 0, 0, 0, 0, 0, 0, 0, 0, ''),
(@CGUID+153, 0, 0, 0, 0, 0, 0, 1, 0, 0, 0, 0, 0, 0, '372471'),
(@CGUID+154, 0, 0, 0, 0, 0, 0, 1, 0, 0, 0, 0, 0, 0, '371815'),
(@CGUID+155, 0, 0, 0, 0, 0, 0, 1, 0, 0, 0, 0, 0, 0, ''),
(@CGUID+156, 0, 0, 0, 0, 0, 0, 1, 0, 0, 0, 0, 0, 0, '371800'),
(@CGUID+157, 0, 0, 0, 0, 0, 0, 1, 0, 0, 0, 0, 0, 0, '371815'),
(@CGUID+158, 0, 0, 0, 0, 0, 0, 1, 0, 0, 0, 0, 0, 0, ''),
(@CGUID+159, 0, 0, 0, 0, 0, 0, 1, 0, 0, 0, 0, 0, 0, '371815'),
(@CGUID+160, 0, 0, 0, 0, 0, 0, 1, 0, 0, 0, 0, 0, 0, ''),
(@CGUID+161, 0, 0, 0, 0, 0, 0, 1, 0, 0, 0, 0, 0, 0, ''),
(@CGUID+162, 0, 0, 0, 0, 0, 0, 1, 0, 0, 0, 0, 0, 0, '374128'),
(@CGUID+163, 0, 0, 0, 0, 0, 0, 1, 0, 0, 0, 0, 0, 0, '374128'),
(@CGUID+164, 0, 0, 0, 0, 0, 0, 1, 0, 0, 0, 0, 0, 0, ''),
(@CGUID+165, 0, 0, 0, 0, 0, 0, 1, 0, 0, 0, 0, 0, 0, ''),
(@CGUID+166, 0, 0, 0, 0, 0, 0, 1, 0, 0, 0, 0, 0, 0, ''),
(@CGUID+167, 0, 0, 0, 0, 0, 0, 1, 0, 0, 0, 0, 0, 0, ''),
(@CGUID+168, 0, 0, 0, 0, 0, 0, 1, 0, 0, 0, 0, 0, 0, '372740'),
(@CGUID+169, 0, 0, 0, 0, 0, 0, 1, 0, 0, 0, 0, 0, 0, '374128'),
(@CGUID+170, 0, 0, 0, 0, 0, 0, 1, 0, 0, 0, 0, 0, 0, '374107'),
(@CGUID+171, 0, 0, 0, 0, 0, 0, 1, 0, 0, 0, 0, 0, 0, ''),
(@CGUID+172, 0, 0, 0, 0, 0, 0, 1, 0, 0, 0, 0, 0, 0, ''),
(@CGUID+173, 0, 0, 0, 0, 0, 0, 1, 0, 0, 0, 0, 0, 0, ''),
(@CGUID+174, 0, 0, 0, 0, 0, 0, 1, 0, 0, 0, 0, 0, 0, ''),
(@CGUID+175, 0, 0, 0, 0, 0, 0, 1, 0, 0, 0, 0, 0, 0, '374209'),
(@CGUID+176, 0, 0, 0, 0, 0, 0, 0, 0, 0, 0, 0, 0, 0, '394090'),
(@CGUID+177, 0, 0, 0, 0, 3, 0, 1, 0, 0, 0, 0, 0, 0, ''),
(@CGUID+178, 0, 0, 0, 0, 0, 0, 1, 0, 0, 0, 0, 0, 0, ''),
(@CGUID+179, 0, 0, 0, 0, 0, 0, 1, 0, 0, 0, 0, 0, 0, ''),
(@CGUID+180, 0, 0, 0, 0, 0, 0, 1, 0, 0, 0, 0, 0, 0, ''),
(@CGUID+181, 0, 0, 0, 0, 0, 0, 1, 0, 69, 0, 0, 0, 0, ''),
(@CGUID+182, 0, 0, 0, 0, 0, 0, 1, 0, 0, 0, 0, 0, 0, '372737'),
(@CGUID+183, 0, 0, 0, 0, 0, 0, 1, 0, 0, 0, 0, 0, 0, ''),
(@CGUID+184, 0, 0, 0, 0, 0, 0, 1, 0, 0, 0, 0, 0, 0, ''),
(@CGUID+185, 0, 0, 0, 0, 0, 0, 1, 0, 0, 0, 0, 0, 0, '372729'),
(@CGUID+186, 0, 0, 0, 0, 0, 0, 1, 0, 69, 0, 0, 0, 0, ''),
(@CGUID+187, 0, 0, 0, 0, 0, 0, 1, 1, 333, 0, 0, 0, 0, ''),
(@CGUID+188, 0, 0, 0, 0, 0, 0, 1, 1, 333, 0, 0, 0, 0, ''),
(@CGUID+189, 0, 0, 0, 0, 0, 0, 1, 1, 333, 0, 0, 0, 0, ''),
(@CGUID+190, 0, 0, 0, 0, 0, 0, 1, 1, 333, 0, 0, 0, 0, ''),
(@CGUID+191, 0, 0, 0, 0, 0, 0, 1, 1, 333, 0, 0, 0, 0, ''),
(@CGUID+192, 0, 0, 0, 0, 0, 0, 1, 1, 333, 0, 0, 0, 0, ''),
(@CGUID+193, 0, 0, 0, 0, 0, 0, 1, 1, 333, 0, 0, 0, 0, ''),
(@CGUID+194, 0, 0, 0, 0, 0, 0, 1, 1, 333, 0, 0, 0, 0, ''),
(@CGUID+195, 0, 0, 0, 0, 0, 0, 1, 1, 333, 0, 0, 0, 0, ''),
(@CGUID+196, 0, 0, 0, 0, 0, 0, 1, 1, 333, 0, 0, 0, 0, ''),
(@CGUID+197, 0, 0, 0, 0, 0, 0, 1, 1, 333, 0, 0, 0, 0, ''),
(@CGUID+198, 0, 0, 0, 0, 0, 0, 1, 1, 333, 0, 0, 0, 0, ''),
(@CGUID+199, 0, 0, 0, 0, 0, 0, 1, 0, 0, 0, 0, 0, 0, ''),
(@CGUID+200, 0, 0, 0, 0, 0, 0, 1, 0, 0, 0, 0, 0, 0, ''),
(@CGUID+201, 0, 0, 0, 0, 0, 0, 1, 0, 0, 0, 0, 0, 0, ''),
(@CGUID+202, 0, 0, 0, 0, 0, 0, 1, 0, 0, 0, 0, 0, 0, ''),
(@CGUID+203, 0, 0, 0, 0, 0, 0, 1, 0, 0, 0, 0, 0, 0, ''),
(@CGUID+204, 0, 0, 0, 0, 0, 0, 1, 0, 0, 0, 0, 0, 0, ''),
(@CGUID+205, 0, 0, 0, 0, 0, 0, 0, 0, 0, 0, 0, 0, 0, ''),
(@CGUID+206, 0, 0, 0, 0, 0, 0, 1, 0, 0, 0, 0, 0, 0, ''),
(@CGUID+207, 0, 0, 0, 0, 0, 0, 1, 0, 0, 0, 0, 0, 0, ''),
(@CGUID+208, 0, 0, 0, 0, 0, 0, 0, 0, 0, 0, 0, 0, 0, '378042'),
(@CGUID+209, 0, 0, 0, 0, 0, 0, 0, 0, 0, 25783, 0, 0, 0, ''),
(@CGUID+210, 0, 0, 0, 0, 0, 0, 1, 0, 0, 0, 0, 0, 0, ''),
(@CGUID+211, 0, 0, 0, 0, 0, 0, 1, 0, 0, 0, 0, 0, 0, ''),
(@CGUID+212, 0, 0, 0, 0, 0, 0, 1, 0, 0, 0, 0, 0, 0, ''),
(@CGUID+213, 0, 0, 0, 0, 0, 0, 1, 1, 0, 0, 0, 0, 0, '392617'),
(@CGUID+214, 0, 0, 0, 0, 0, 0, 1, 1, 0, 0, 0, 0, 0, '392617'),
(@CGUID+215, 0, 0, 0, 0, 0, 0, 1, 0, 0, 0, 0, 0, 0, ''),
(@CGUID+216, 0, 0, 0, 8, 0, 0, 1, 0, 0, 0, 0, 0, 0, ''),
(@CGUID+217, 0, 0, 0, 0, 0, 0, 1, 0, 0, 0, 0, 0, 0, ''),
(@CGUID+218, 0, 0, 0, 0, 0, 0, 0, 0, 0, 0, 0, 0, 0, '394142'),
(@CGUID+219, 0, 0, 0, 0, 0, 0, 0, 0, 0, 0, 0, 0, 0, ''),
(@CGUID+220, 0, 0, 0, 0, 0, 0, 1, 0, 27, 0, 0, 0, 0, '393746'),
(@CGUID+221, 0, 0, 0, 0, 0, 0, 1, 0, 27, 0, 0, 0, 0, ''),
(@CGUID+222, 0, 0, 0, 0, 0, 0, 1, 0, 27, 0, 0, 0, 0, '393746'),
(@CGUID+223, 0, 0, 0, 0, 0, 0, 1, 0, 27, 0, 0, 0, 0, ''),
(@CGUID+224, 0, 0, 0, 0, 0, 0, 1, 0, 27, 0, 0, 0, 0, '393746'),
(@CGUID+225, 0, 0, 0, 0, 0, 0, 1, 0, 27, 0, 0, 0, 0, ''),
(@CGUID+226, 0, 0, 0, 0, 0, 0, 1, 0, 0, 0, 0, 0, 0, ''),
(@CGUID+227, 0, 0, 0, 0, 0, 0, 0, 0, 0, 0, 0, 0, 0, ''),
(@CGUID+228, 0, 0, 0, 0, 0, 0, 0, 0, 0, 0, 0, 0, 0, ''),
(@CGUID+229, 0, 0, 0, 0, 0, 0, 0, 0, 0, 0, 0, 0, 0, ''),
(@CGUID+230, 0, 0, 0, 0, 0, 0, 1, 0, 0, 0, 0, 0, 0, ''),
(@CGUID+231, 0, 0, 0, 0, 0, 0, 1, 0, 0, 0, 0, 0, 0, ''),
(@CGUID+232, 0, 0, 0, 0, 0, 0, 0, 0, 0, 0, 0, 0, 0, ''),
(@CGUID+233, 0, 0, 0, 0, 0, 0, 1, 0, 483, 0, 0, 0, 0, ''),
(@CGUID+234, 0, 0, 0, 0, 3, 0, 1, 0, 0, 0, 0, 0, 4, ''),
(@CGUID+235, 0, 0, 0, 0, 0, 0, 1, 0, 0, 0, 0, 0, 0, '');

-- creature template addon
DELETE FROM `creature_template_addon` WHERE `entry` IN(3100,3108,3123,3127,3197,3198,3204,3296,3300,4311,5951,6145,39379,39380,40891,40893,41621,42859,49837,51346,61325,62116,71100,88750,149270,149290,149523,152743,160526,160527,160528,160529,160530,180701,184286,184665,184671,184787,184795,184796,184797,184798,184800,184801,184807,184808,184809,184810,184812,184813,184814,184858,189075,189386,189389,189390,189554,189609,193045,193046,193047,193048,193050,193051,193055,193056,193057,193058,193450,194050,194055,194056,194065,194073,194115,194116,194361,194561,194563,194569,194576,194577,194581,194582,194583,195357,195385,197279,197288,197611,197679,197680,197682,198096,198367,198368,198391,198411,198412,198434,198442,198444,198462,198475,198476,198750,199288,199726);
INSERT INTO `creature_template_addon` (`entry`, `PathId`, `mount`, `MountCreatureID`, `StandState`, `AnimTier`, `VisFlags`, `SheathState`, `PvPFlags`, `emote`, `aiAnimKit`, `movementAnimKit`, `meleeAnimKit`, `visibilityDistanceType`, `auras`) VALUES
(3100, 0, 0, 0, 0, 0, 0, 1, 0, 0, 0, 0, 0, 0, ''),
(3108, 0, 0, 0, 0, 0, 0, 1, 0, 0, 0, 0, 0, 0, ''),
(3123, 0, 0, 0, 0, 0, 0, 1, 0, 0, 0, 0, 0, 0, ''),
(3127, 0, 0, 0, 0, 0, 0, 1, 0, 0, 0, 0, 0, 0, ''),
(3197, 0, 0, 0, 0, 0, 0, 1, 0, 0, 0, 0, 0, 0, ''),
(3198, 0, 0, 0, 0, 0, 0, 1, 0, 0, 0, 0, 0, 0, ''),
(3204, 0, 0, 0, 0, 0, 0, 1, 0, 0, 0, 0, 0, 0, ''),
(3296, 0, 0, 0, 0, 0, 0, 1, 1, 0, 0, 0, 0, 0, ''),
(3300, 0, 0, 0, 0, 0, 0, 1, 0, 0, 0, 0, 0, 0, ''),
(4311, 0, 2328, 0, 0, 0, 0, 1, 1, 0, 0, 0, 0, 4, ''),
(5951, 0, 0, 0, 0, 0, 0, 1, 0, 0, 0, 0, 0, 0, ''),
(6145, 0, 0, 0, 0, 0, 0, 1, 0, 0, 0, 0, 0, 0, ''),
(39379, 0, 0, 0, 0, 0, 0, 1, 1, 0, 0, 0, 0, 0, ''),
(39380, 0, 0, 0, 0, 0, 0, 1, 1, 0, 0, 0, 0, 0, ''),
(40891, 0, 0, 0, 0, 0, 0, 1, 1, 0, 0, 0, 0, 0, ''),
(40893, 0, 0, 0, 0, 0, 0, 1, 1, 0, 0, 0, 0, 0, ''),
(41621, 0, 0, 0, 0, 0, 0, 1, 0, 0, 0, 0, 0, 0, ''),
(42859, 0, 0, 0, 0, 0, 0, 1, 0, 0, 0, 0, 0, 0, ''),
(49837, 0, 0, 0, 0, 0, 0, 1, 0, 0, 0, 0, 0, 0, ''),
(51346, 0, 17719, 0, 0, 3, 0, 1, 1, 0, 0, 0, 0, 4, ''),
(61325, 0, 0, 0, 0, 0, 0, 1, 0, 0, 0, 0, 0, 0, ''),
(62116, 0, 0, 0, 0, 0, 0, 1, 0, 0, 0, 0, 0, 0, ''),
(71100, 0, 0, 0, 0, 0, 0, 1, 0, 0, 0, 0, 0, 0, ''),
(88750, 0, 0, 0, 0, 0, 0, 1, 0, 0, 0, 0, 0, 0, ''),
(149270, 0, 0, 0, 0, 0, 0, 1, 1, 0, 0, 0, 0, 0, '18950'),
(149290, 0, 0, 0, 0, 0, 0, 1, 1, 0, 0, 0, 0, 0, ''),
(149523, 0, 0, 0, 0, 0, 0, 1, 1, 0, 0, 0, 0, 0, ''),
(152743, 0, 0, 0, 0, 0, 0, 1, 0, 0, 16996, 0, 0, 0, ''),
(160526, 0, 90766, 0, 0, 0, 0, 1, 0, 0, 0, 0, 0, 0, ''),
(160527, 0, 0, 0, 0, 0, 0, 1, 0, 0, 0, 0, 0, 0, ''),
(160528, 0, 0, 0, 0, 0, 0, 0, 0, 0, 0, 0, 0, 0, ''),
(160529, 0, 0, 0, 0, 0, 0, 0, 0, 0, 0, 0, 0, 0, ''),
(160530, 0, 0, 0, 8, 0, 0, 1, 0, 0, 0, 0, 0, 0, ''),
(180701, 0, 0, 0, 0, 0, 0, 1, 0, 0, 0, 0, 0, 0, ''),
(184665, 0, 0, 0, 0, 0, 0, 0, 0, 0, 0, 0, 0, 0, '383101'),
(184671, 0, 0, 0, 0, 0, 0, 0, 0, 0, 0, 0, 0, 0, ''),
(184787, 0, 0, 0, 0, 0, 0, 0, 0, 0, 0, 0, 0, 0, ''),
(184795, 0, 0, 0, 0, 0, 0, 0, 0, 0, 0, 0, 0, 0, ''),
(184796, 0, 0, 0, 0, 0, 0, 0, 0, 0, 0, 0, 0, 0, ''),
(184797, 0, 0, 0, 0, 0, 0, 1, 0, 0, 0, 0, 0, 0, ''),
(184798, 0, 0, 0, 0, 0, 0, 0, 0, 0, 0, 0, 0, 0, ''),
(184800, 0, 0, 0, 0, 0, 0, 1, 0, 0, 0, 0, 0, 0, ''),
(184801, 0, 0, 0, 0, 0, 0, 1, 0, 0, 0, 0, 0, 0, ''),
(184808, 0, 0, 0, 0, 0, 0, 1, 0, 0, 0, 0, 0, 0, ''),
(184809, 0, 0, 0, 0, 0, 0, 1, 0, 0, 0, 0, 0, 0, ''),
(184810, 0, 0, 0, 0, 0, 0, 0, 0, 0, 0, 0, 0, 0, ''),
(184812, 0, 0, 0, 0, 0, 0, 1, 0, 0, 0, 0, 0, 0, '372471'),
(184813, 0, 0, 0, 0, 0, 0, 1, 0, 0, 0, 0, 0, 0, ''),
(184814, 0, 0, 0, 0, 0, 0, 1, 0, 0, 0, 0, 0, 0, ''),
(184858, 0, 0, 0, 0, 0, 0, 0, 0, 0, 0, 0, 0, 0, '394090'),
(189075, 0, 0, 0, 0, 3, 0, 1, 0, 0, 0, 0, 0, 0, ''),
(189386, 0, 0, 0, 0, 0, 0, 1, 0, 0, 0, 0, 0, 0, ''),
(189389, 0, 0, 0, 0, 0, 0, 1, 0, 0, 0, 0, 0, 0, ''),
(189390, 0, 0, 0, 0, 0, 0, 1, 0, 0, 0, 0, 0, 0, ''),
(189554, 0, 0, 0, 0, 0, 0, 1, 0, 0, 0, 0, 0, 0, ''),
(193045, 0, 0, 0, 0, 0, 0, 1, 1, 0, 0, 0, 0, 0, ''),
(193046, 0, 0, 0, 0, 0, 0, 1, 1, 0, 0, 0, 0, 0, ''),
(193047, 0, 0, 0, 0, 0, 0, 1, 1, 0, 0, 0, 0, 0, ''),
(193048, 0, 0, 0, 0, 0, 0, 1, 1, 0, 0, 0, 0, 0, ''),
(193050, 0, 0, 0, 0, 0, 0, 1, 1, 0, 0, 0, 0, 0, ''),
(193051, 0, 0, 0, 0, 0, 0, 1, 1, 0, 0, 0, 0, 0, ''),
(193055, 0, 0, 0, 0, 0, 0, 1, 0, 0, 0, 0, 0, 0, ''),
(193056, 0, 0, 0, 0, 0, 0, 1, 0, 0, 0, 0, 0, 0, ''),
(193057, 0, 0, 0, 0, 0, 0, 1, 0, 0, 0, 0, 0, 0, ''),
(193058, 0, 0, 0, 0, 0, 0, 1, 0, 0, 0, 0, 0, 0, ''),
(193450, 0, 0, 0, 0, 0, 0, 0, 0, 0, 0, 0, 0, 0, '152821'),
(195357, 0, 0, 0, 0, 0, 0, 1, 0, 0, 0, 0, 0, 0, ''),
(195385, 0, 0, 0, 0, 0, 0, 1, 0, 0, 0, 0, 0, 0, ''),
(197279, 0, 0, 0, 0, 0, 0, 0, 0, 0, 0, 0, 0, 0, '378042'),
(197288, 0, 0, 0, 0, 0, 0, 0, 0, 0, 25783, 0, 0, 0, ''),
(197679, 0, 0, 0, 0, 0, 0, 1, 0, 0, 0, 0, 0, 0, ''),
(197680, 0, 0, 0, 0, 0, 0, 1, 0, 0, 0, 0, 0, 0, ''),
(197682, 0, 0, 0, 0, 0, 0, 1, 0, 0, 0, 0, 0, 0, ''),
(198096, 0, 0, 0, 0, 0, 0, 1, 1, 0, 0, 0, 0, 0, '392617'),
(198391, 0, 0, 0, 0, 0, 0, 1, 0, 0, 0, 0, 0, 0, ''),
(198411, 0, 0, 0, 0, 0, 0, 0, 0, 0, 0, 0, 0, 0, '394142'),
(198412, 0, 0, 0, 0, 0, 0, 0, 0, 0, 0, 0, 0, 0, ''),
(198434, 0, 0, 0, 0, 0, 0, 1, 0, 0, 0, 0, 0, 0, '393746'),
(198442, 0, 0, 0, 0, 0, 0, 1, 0, 0, 0, 0, 0, 0, ''),
(198444, 0, 0, 0, 0, 0, 0, 0, 0, 0, 0, 0, 0, 0, ''),
(198462, 0, 0, 0, 0, 0, 0, 1, 0, 0, 0, 0, 0, 0, ''),
(198475, 0, 0, 0, 0, 0, 0, 1, 0, 0, 0, 0, 0, 0, ''),
(198476, 0, 0, 0, 0, 0, 0, 0, 0, 0, 0, 0, 0, 0, ''),
(199288, 0, 0, 0, 0, 0, 0, 1, 0, 0, 0, 0, 0, 0, ''),
(199726, 0, 0, 0, 0, 3, 0, 1, 0, 0, 0, 0, 0, 4, '');

-- creature template
UPDATE `creature_template` SET `faction` = 189, `npcflag` = 0, `unit_flags` = 0, `unit_flags2` = 2048, `unit_flags3` = 67108864, `VehicleId` = 0 WHERE `entry` = 3100;
UPDATE `creature_template` SET `faction` = 7, `npcflag` = 0, `unit_flags` = 0, `unit_flags2` = 2048, `unit_flags3` = 67108864, `VehicleId` = 0 WHERE `entry` = 3108;
UPDATE `creature_template` SET `faction` = 48, `npcflag` = 0, `unit_flags` = 0, `unit_flags2` = 2048, `unit_flags3` = 67108864, `VehicleId` = 0 WHERE `entry` = 3123;
UPDATE `creature_template` SET `faction` = 413, `npcflag` = 0, `unit_flags` = 0, `unit_flags2` = 2048, `unit_flags3` = 67108864, `VehicleId` = 0 WHERE `entry` = 3127;
UPDATE `creature_template` SET `faction` = 554, `npcflag` = 0, `unit_flags` = 0, `unit_flags2` = 2048, `unit_flags3` = 0, `VehicleId` = 0 WHERE `entry` = 3197;
UPDATE `creature_template` SET `faction` = 554, `npcflag` = 0, `unit_flags` = 0, `unit_flags2` = 2048, `unit_flags3` = 0, `VehicleId` = 0 WHERE `entry` = 3198;
UPDATE `creature_template` SET `faction` = 14, `npcflag` = 0, `unit_flags` = 0, `unit_flags2` = 2048, `unit_flags3` = 0, `VehicleId` = 0 WHERE `entry` = 3204;
UPDATE `creature_template` SET `faction` = 85, `npcflag` = 1, `unit_flags` = 0, `unit_flags2` = 2048, `unit_flags3` = 0, `VehicleId` = 0 WHERE `entry` = 3296;
UPDATE `creature_template` SET `faction` = 7, `npcflag` = 0, `unit_flags` = 0, `unit_flags2` = 2048, `unit_flags3` = 0, `VehicleId` = 0 WHERE `entry` = 3300;
UPDATE `creature_template` SET `faction` = 29, `npcflag` = 3, `unit_flags` = 512, `unit_flags2` = 2048, `unit_flags3` = 0, `VehicleId` = 0 WHERE `entry` = 4311;
UPDATE `creature_template` SET `faction` = 31, `npcflag` = 0, `unit_flags` = 0, `unit_flags2` = 2048, `unit_flags3` = 0, `VehicleId` = 0 WHERE `entry` = 5951;
UPDATE `creature_template` SET `faction` = 188, `npcflag` = 0, `unit_flags` = 0, `unit_flags2` = 2048, `unit_flags3` = 0, `VehicleId` = 0 WHERE `entry` = 6145;
UPDATE `creature_template` SET `faction` = 1595, `npcflag` = 3, `unit_flags` = 0, `unit_flags2` = 2048, `unit_flags3` = 0, `VehicleId` = 0 WHERE `entry` = 39379;
UPDATE `creature_template` SET `faction` = 125, `npcflag` = 3, `unit_flags` = 0, `unit_flags2` = 2048, `unit_flags3` = 0, `VehicleId` = 0 WHERE `entry` = 39380;
UPDATE `creature_template` SET `faction` = 125, `npcflag` = 0, `unit_flags` = 0, `unit_flags2` = 2048, `unit_flags3` = 0, `VehicleId` = 0 WHERE `entry` = 40891;
UPDATE `creature_template` SET `faction` = 125, `npcflag` = 0, `unit_flags` = 0, `unit_flags2` = 2048, `unit_flags3` = 0, `VehicleId` = 0 WHERE `entry` = 40893;
UPDATE `creature_template` SET `faction` = 85, `npcflag` = 2, `unit_flags` = 768, `unit_flags2` = 2048, `unit_flags3` = 8388608, `VehicleId` = 0 WHERE `entry` = 41621;
UPDATE `creature_template` SET `faction` = 189, `npcflag` = 0, `unit_flags` = 0, `unit_flags2` = 2048, `unit_flags3` = 67108864, `VehicleId` = 0 WHERE `entry` = 42859;
UPDATE `creature_template` SET `faction` = 188, `npcflag` = 0, `unit_flags` = 0, `unit_flags2` = 2048, `unit_flags3` = 0, `VehicleId` = 0 WHERE `entry` = 49837;
UPDATE `creature_template` SET `faction` = 85, `npcflag` = 0, `unit_flags` = 0, `unit_flags2` = 2048, `unit_flags3` = 8388608, `VehicleId` = 0 WHERE `entry` = 51346;
UPDATE `creature_template` SET `faction` = 7, `npcflag` = 1073741824, `unit_flags` = 512, `unit_flags2` = 2048, `unit_flags3` = 0, `VehicleId` = 0 WHERE `entry` = 61325;
UPDATE `creature_template` SET `faction` = 188, `npcflag` = 1073741824, `unit_flags` = 512, `unit_flags2` = 2048, `unit_flags3` = 0, `VehicleId` = 0 WHERE `entry` = 62116;
UPDATE `creature_template` SET `faction` = 2160, `npcflag` = 0, `unit_flags` = 0, `unit_flags2` = 2048, `unit_flags3` = 0, `VehicleId` = 0 WHERE `entry` = 71100;
UPDATE `creature_template` SET `faction` = 35, `npcflag` = 0, `unit_flags` = 0, `unit_flags2` = 2048, `unit_flags3` = 16777216, `VehicleId` = 0 WHERE `entry` = 88750;
UPDATE `creature_template` SET `faction` = 85, `npcflag` = 0, `unit_flags` = 512, `unit_flags2` = 2048, `unit_flags3` = 0, `VehicleId` = 0 WHERE `entry` = 149270;
UPDATE `creature_template` SET `faction` = 1735, `npcflag` = 0, `unit_flags` = 512, `unit_flags2` = 2048, `unit_flags3` = 0, `VehicleId` = 0 WHERE `entry` = 149290;
UPDATE `creature_template` SET `faction` = 1735, `npcflag` = 1, `unit_flags` = 512, `unit_flags2` = 2048, `unit_flags3` = 0, `VehicleId` = 0 WHERE `entry` = 149523;
UPDATE `creature_template` SET `faction` = 106, `npcflag` = 0, `unit_flags` = 768, `unit_flags2` = 2048, `unit_flags3` = 1073741824, `VehicleId` = 0 WHERE `entry` = 152743;
UPDATE `creature_template` SET `faction` = 3148, `npcflag` = 0, `unit_flags` = 0, `unit_flags2` = 2048, `unit_flags3` = 0, `VehicleId` = 0 WHERE `entry` = 160526;
UPDATE `creature_template` SET `faction` = 3148, `npcflag` = 0, `unit_flags` = 0, `unit_flags2` = 2048, `unit_flags3` = 0, `VehicleId` = 0 WHERE `entry` = 160527;
UPDATE `creature_template` SET `faction` = 3148, `npcflag` = 0, `unit_flags` = 0, `unit_flags2` = 2048, `unit_flags3` = 0, `VehicleId` = 0 WHERE `entry` = 160528;
UPDATE `creature_template` SET `faction` = 3148, `npcflag` = 0, `unit_flags` = 0, `unit_flags2` = 2048, `unit_flags3` = 0, `VehicleId` = 0 WHERE `entry` = 160529;
UPDATE `creature_template` SET `faction` = 3148, `npcflag` = 0, `unit_flags` = 0, `unit_flags2` = 2048, `unit_flags3` = 0, `VehicleId` = 0 WHERE `entry` = 160530;
UPDATE `creature_template` SET `faction` = 35, `npcflag` = 0, `unit_flags` = 33555200, `unit_flags2` = 67110912, `unit_flags3` = 1073741825, `VehicleId` = 0 WHERE `entry` = 180701;
UPDATE `creature_template` SET `faction` = 1604, `npcflag` = 1, `unit_flags` = 768, `unit_flags2` = 2048, `unit_flags3` = 0, `VehicleId` = 0 WHERE `entry` = 184665;
UPDATE `creature_template` SET `faction` = 2799, `npcflag` = 0, `unit_flags` = 768, `unit_flags2` = 2048, `unit_flags3` = 0, `VehicleId` = 0 WHERE `entry` = 184671;
UPDATE `creature_template` SET `faction` = 1735, `npcflag` = 1, `unit_flags` = 768, `unit_flags2` = 2048, `unit_flags3` = 0, `VehicleId` = 0 WHERE `entry` = 184787;
UPDATE `creature_template` SET `faction` = 3270, `npcflag` = 1, `unit_flags` = 768, `unit_flags2` = 2048, `unit_flags3` = 0, `VehicleId` = 0 WHERE `entry` = 184795;
UPDATE `creature_template` SET `faction` = 3270, `npcflag` = 1, `unit_flags` = 768, `unit_flags2` = 2048, `unit_flags3` = 0, `VehicleId` = 0 WHERE `entry` = 184796;
UPDATE `creature_template` SET `faction` = 35, `npcflag` = 0, `unit_flags` = 768, `unit_flags2` = 2048, `unit_flags3` = 0, `VehicleId` = 0 WHERE `entry` = 184797;
UPDATE `creature_template` SET `faction` = 1734, `npcflag` = 0, `unit_flags` = 768, `unit_flags2` = 2048, `unit_flags3` = 0, `VehicleId` = 0 WHERE `entry` = 184798;
UPDATE `creature_template` SET `faction` = 2980, `npcflag` = 0, `unit_flags` = 768, `unit_flags2` = 2048, `unit_flags3` = 0, `VehicleId` = 0 WHERE `entry` = 184800;
UPDATE `creature_template` SET `faction` = 2980, `npcflag` = 0, `unit_flags` = 768, `unit_flags2` = 2048, `unit_flags3` = 0, `VehicleId` = 0 WHERE `entry` = 184801;
UPDATE `creature_template` SET `faction` = 3270, `npcflag` = 1, `unit_flags` = 768, `unit_flags2` = 2048, `unit_flags3` = 0, `VehicleId` = 0 WHERE `entry` = 184808;
UPDATE `creature_template` SET `faction` = 3270, `npcflag` = 1, `unit_flags` = 768, `unit_flags2` = 2048, `unit_flags3` = 0, `VehicleId` = 0 WHERE `entry` = 184809;
UPDATE `creature_template` SET `faction` = 3270, `npcflag` = 4224, `unit_flags` = 768, `unit_flags2` = 2048, `unit_flags3` = 0, `VehicleId` = 0 WHERE `entry` = 184810;
UPDATE `creature_template` SET `faction` = 3270, `npcflag` = 0, `unit_flags` = 768, `unit_flags2` = 2048, `unit_flags3` = 0, `VehicleId` = 0 WHERE `entry` = 184812;
UPDATE `creature_template` SET `faction` = 3270, `npcflag` = 0, `unit_flags` = 768, `unit_flags2` = 2048, `unit_flags3` = 0, `VehicleId` = 0 WHERE `entry` = 184813;
UPDATE `creature_template` SET `faction` = 3270, `npcflag` = 0, `unit_flags` = 768, `unit_flags2` = 2048, `unit_flags3` = 0, `VehicleId` = 0 WHERE `entry` = 184814;
UPDATE `creature_template` SET `faction` = 3270, `npcflag` = 1, `unit_flags` = 768, `unit_flags2` = 2048, `unit_flags3` = 0, `VehicleId` = 0 WHERE `entry` = 184858;
UPDATE `creature_template` SET `faction` = 188, `npcflag` = 0, `unit_flags` = 768, `unit_flags2` = 2048, `unit_flags3` = 0, `VehicleId` = 0 WHERE `entry` = 189075;
UPDATE `creature_template` SET `faction` = 35, `npcflag` = 2, `unit_flags` = 0, `unit_flags2` = 2048, `unit_flags3` = 0, `VehicleId` = 0 WHERE `entry` = 189386;
UPDATE `creature_template` SET `faction` = 35, `npcflag` = 2, `unit_flags` = 768, `unit_flags2` = 2048, `unit_flags3` = 0, `VehicleId` = 0 WHERE `entry` = 189389;
UPDATE `creature_template` SET `faction` = 35, `npcflag` = 0, `unit_flags` = 0, `unit_flags2` = 2048, `unit_flags3` = 0, `VehicleId` = 0 WHERE `entry` = 189390;
UPDATE `creature_template` SET `faction` = 3270, `npcflag` = 0, `unit_flags` = 768, `unit_flags2` = 2048, `unit_flags3` = 0, `VehicleId` = 0 WHERE `entry` = 189554;
UPDATE `creature_template` SET `faction` = 85, `npcflag` = 0, `unit_flags` = 0, `unit_flags2` = 2048, `unit_flags3` = 0, `VehicleId` = 0 WHERE `entry` = 193045;
UPDATE `creature_template` SET `faction` = 85, `npcflag` = 0, `unit_flags` = 0, `unit_flags2` = 2048, `unit_flags3` = 0, `VehicleId` = 0 WHERE `entry` = 193046;
UPDATE `creature_template` SET `faction` = 85, `npcflag` = 0, `unit_flags` = 0, `unit_flags2` = 2048, `unit_flags3` = 0, `VehicleId` = 0 WHERE `entry` = 193047;
UPDATE `creature_template` SET `faction` = 85, `npcflag` = 0, `unit_flags` = 0, `unit_flags2` = 2048, `unit_flags3` = 0, `VehicleId` = 0 WHERE `entry` = 193048;
UPDATE `creature_template` SET `faction` = 877, `npcflag` = 0, `unit_flags` = 0, `unit_flags2` = 2048, `unit_flags3` = 8388608, `VehicleId` = 0 WHERE `entry` = 193050;
UPDATE `creature_template` SET `faction` = 877, `npcflag` = 0, `unit_flags` = 0, `unit_flags2` = 2048, `unit_flags3` = 8388608, `VehicleId` = 0 WHERE `entry` = 193051;
UPDATE `creature_template` SET `faction` = 35, `npcflag` = 0, `unit_flags` = 768, `unit_flags2` = 2048, `unit_flags3` = 0, `VehicleId` = 0 WHERE `entry` = 193055;
UPDATE `creature_template` SET `faction` = 35, `npcflag` = 0, `unit_flags` = 768, `unit_flags2` = 2048, `unit_flags3` = 0, `VehicleId` = 0 WHERE `entry` = 193056;
UPDATE `creature_template` SET `faction` = 35, `npcflag` = 0, `unit_flags` = 768, `unit_flags2` = 2048, `unit_flags3` = 0, `VehicleId` = 0 WHERE `entry` = 193057;
UPDATE `creature_template` SET `faction` = 35, `npcflag` = 0, `unit_flags` = 768, `unit_flags2` = 2048, `unit_flags3` = 0, `VehicleId` = 0 WHERE `entry` = 193058;
UPDATE `creature_template` SET `faction` = 2110, `npcflag` = 281474976710659, `unit_flags` = 768, `unit_flags2` = 2048, `unit_flags3` = 0, `VehicleId` = 0 WHERE `entry` = 193450;
UPDATE `creature_template` SET `faction` = 2028, `npcflag` = 1, `unit_flags` = 0, `unit_flags2` = 2048, `unit_flags3` = 0, `VehicleId` = 0 WHERE `entry` = 195357;
UPDATE `creature_template` SET `faction` = 2028, `npcflag` = 0, `unit_flags` = 768, `unit_flags2` = 2048, `unit_flags3` = 0, `VehicleId` = 0 WHERE `entry` = 195385;
UPDATE `creature_template` SET `faction` = 3270, `npcflag` = 3, `unit_flags` = 768, `unit_flags2` = 2048, `unit_flags3` = 0, `VehicleId` = 0 WHERE `entry` = 197279;
UPDATE `creature_template` SET `faction` = 3270, `npcflag` = 1, `unit_flags` = 768, `unit_flags2` = 2048, `unit_flags3` = 0, `VehicleId` = 0 WHERE `entry` = 197288;
UPDATE `creature_template` SET `faction` = 83, `npcflag` = 0, `unit_flags` = 768, `unit_flags2` = 2048, `unit_flags3` = 0, `VehicleId` = 0 WHERE `entry` = 197679;
UPDATE `creature_template` SET `faction` = 83, `npcflag` = 0, `unit_flags` = 768, `unit_flags2` = 2048, `unit_flags3` = 0, `VehicleId` = 0 WHERE `entry` = 197680;
UPDATE `creature_template` SET `faction` = 83, `npcflag` = 0, `unit_flags` = 768, `unit_flags2` = 2048, `unit_flags3` = 0, `VehicleId` = 0 WHERE `entry` = 197682;
UPDATE `creature_template` SET `faction` = 3276, `npcflag` = 0, `unit_flags` = 512, `unit_flags2` = 2048, `unit_flags3` = 0, `VehicleId` = 0 WHERE `entry` = 198096;
UPDATE `creature_template` SET `faction` = 35, `npcflag` = 0, `unit_flags` = 768, `unit_flags2` = 2048, `unit_flags3` = 0, `VehicleId` = 0 WHERE `entry` = 198391;
UPDATE `creature_template` SET `faction` = 104, `npcflag` = 1, `unit_flags` = 768, `unit_flags2` = 2048, `unit_flags3` = 0, `VehicleId` = 0 WHERE `entry` = 198411;
UPDATE `creature_template` SET `faction` = 2785, `npcflag` = 0, `unit_flags` = 768, `unit_flags2` = 2048, `unit_flags3` = 0, `VehicleId` = 0 WHERE `entry` = 198412;
UPDATE `creature_template` SET `faction` = 35, `npcflag` = 0, `unit_flags` = 0, `unit_flags2` = 2048, `unit_flags3` = 0, `VehicleId` = 0 WHERE `entry` = 198434;
UPDATE `creature_template` SET `faction` = 35, `npcflag` = 1, `unit_flags` = 768, `unit_flags2` = 2048, `unit_flags3` = 0, `VehicleId` = 0 WHERE `entry` = 198442;
UPDATE `creature_template` SET `faction` = 85, `npcflag` = 0, `unit_flags` = 768, `unit_flags2` = 2048, `unit_flags3` = 0, `VehicleId` = 0 WHERE `entry` = 198444;
UPDATE `creature_template` SET `faction` = 35, `npcflag` = 0, `unit_flags` = 768, `unit_flags2` = 2048, `unit_flags3` = 0, `VehicleId` = 0 WHERE `entry` = 198462;
UPDATE `creature_template` SET `faction` = 3270, `npcflag` = 0, `unit_flags` = 768, `unit_flags2` = 2048, `unit_flags3` = 0, `VehicleId` = 0 WHERE `entry` = 198475;
UPDATE `creature_template` SET `faction` = 3270, `npcflag` = 0, `unit_flags` = 768, `unit_flags2` = 2048, `unit_flags3` = 0, `VehicleId` = 0 WHERE `entry` = 198476;
UPDATE `creature_template` SET `faction` = 29, `npcflag` = 0, `unit_flags` = 768, `unit_flags2` = 2048, `unit_flags3` = 0, `VehicleId` = 0 WHERE `entry` = 199288;
UPDATE `creature_template` SET `faction` = 35, `npcflag` = 0, `unit_flags` = 33554432, `unit_flags2` = 67110912, `unit_flags3` = 1073741825, `VehicleId` = 0 WHERE `entry` = 199726;

-- creature template difficulty
UPDATE `creature_template_difficulty` SET `ContentTuningID` = 70, `StaticFlags1` = 0, `StaticFlags2` = 0, `StaticFlags3` = 0 WHERE `Entry` = 3100;
UPDATE `creature_template_difficulty` SET `ContentTuningID` = 70, `StaticFlags1` = 0, `StaticFlags2` = 0, `StaticFlags3` = 0 WHERE `Entry` = 3108;
UPDATE `creature_template_difficulty` SET `ContentTuningID` = 70, `StaticFlags1` = 0, `StaticFlags2` = 0, `StaticFlags3` = 0 WHERE `Entry` = 3123;
UPDATE `creature_template_difficulty` SET `ContentTuningID` = 70, `StaticFlags1` = 0, `StaticFlags2` = 0, `StaticFlags3` = 0 WHERE `Entry` = 3127;
UPDATE `creature_template_difficulty` SET `ContentTuningID` = 70, `StaticFlags1` = 268435456, `StaticFlags2` = 0, `StaticFlags3` = 0 WHERE `Entry` = 3197;
UPDATE `creature_template_difficulty` SET `ContentTuningID` = 70, `StaticFlags1` = 268435456, `StaticFlags2` = 0, `StaticFlags3` = 0 WHERE `Entry` = 3198;
UPDATE `creature_template_difficulty` SET `ContentTuningID` = 70, `StaticFlags1` = 268435456, `StaticFlags2` = 0, `StaticFlags3` = 0 WHERE `Entry` = 3204;
UPDATE `creature_template_difficulty` SET `ContentTuningID` = 883, `StaticFlags1` = 268435456, `StaticFlags2` = 0, `StaticFlags3` = 0 WHERE `Entry` = 3296;
UPDATE `creature_template_difficulty` SET `ContentTuningID` = 81, `StaticFlags1` = 268435456, `StaticFlags2` = 0, `StaticFlags3` = 0 WHERE `Entry` = 3300;
UPDATE `creature_template_difficulty` SET `ContentTuningID` = 356, `StaticFlags1` = 0, `StaticFlags2` = 0, `StaticFlags3` = 0 WHERE `Entry` = 4311;
UPDATE `creature_template_difficulty` SET `ContentTuningID` = 81, `StaticFlags1` = 0, `StaticFlags2` = 0, `StaticFlags3` = 0 WHERE `Entry` = 5951;
UPDATE `creature_template_difficulty` SET `ContentTuningID` = 81, `StaticFlags1` = 268435456, `StaticFlags2` = 0, `StaticFlags3` = 0 WHERE `Entry` = 6145;
UPDATE `creature_template_difficulty` SET `ContentTuningID` = 70, `StaticFlags1` = 268435456, `StaticFlags2` = 0, `StaticFlags3` = 0 WHERE `Entry` = 39379;
UPDATE `creature_template_difficulty` SET `ContentTuningID` = 70, `StaticFlags1` = 268435456, `StaticFlags2` = 0, `StaticFlags3` = 0 WHERE `Entry` = 39380;
UPDATE `creature_template_difficulty` SET `ContentTuningID` = 70, `StaticFlags1` = 268435456, `StaticFlags2` = 0, `StaticFlags3` = 0 WHERE `Entry` = 40891;
UPDATE `creature_template_difficulty` SET `ContentTuningID` = 70, `StaticFlags1` = 268435456, `StaticFlags2` = 0, `StaticFlags3` = 0 WHERE `Entry` = 40893;
UPDATE `creature_template_difficulty` SET `ContentTuningID` = 866, `StaticFlags1` = 268435456, `StaticFlags2` = 0, `StaticFlags3` = 0 WHERE `Entry` = 41621;
UPDATE `creature_template_difficulty` SET `ContentTuningID` = 70, `StaticFlags1` = 0, `StaticFlags2` = 0, `StaticFlags3` = 0 WHERE `Entry` = 42859;
UPDATE `creature_template_difficulty` SET `ContentTuningID` = 81, `StaticFlags1` = 0, `StaticFlags2` = 0, `StaticFlags3` = 0 WHERE `Entry` = 49837;
UPDATE `creature_template_difficulty` SET `ContentTuningID` = 883, `StaticFlags1` = 805306368, `StaticFlags2` = 0, `StaticFlags3` = 0 WHERE `Entry` = 51346;
UPDATE `creature_template_difficulty` SET `ContentTuningID` = 371, `StaticFlags1` = 268435456, `StaticFlags2` = 0, `StaticFlags3` = 0 WHERE `Entry` = 61325;
UPDATE `creature_template_difficulty` SET `ContentTuningID` = 371, `StaticFlags1` = 0, `StaticFlags2` = 0, `StaticFlags3` = 0 WHERE `Entry` = 62116;
UPDATE `creature_template_difficulty` SET `ContentTuningID` = 711, `StaticFlags1` = 268435456, `StaticFlags2` = 0, `StaticFlags3` = 0 WHERE `Entry` = 71100;
UPDATE `creature_template_difficulty` SET `ContentTuningID` = 79, `StaticFlags1` = 268435456, `StaticFlags2` = 0, `StaticFlags3` = 0 WHERE `Entry` = 88750;
UPDATE `creature_template_difficulty` SET `ContentTuningID` = 883, `StaticFlags1` = 0, `StaticFlags2` = 0, `StaticFlags3` = 0 WHERE `Entry` = 149270;
UPDATE `creature_template_difficulty` SET `ContentTuningID` = 777, `StaticFlags1` = 0, `StaticFlags2` = 0, `StaticFlags3` = 0 WHERE `Entry` = 149290;
UPDATE `creature_template_difficulty` SET `ContentTuningID` = 847, `StaticFlags1` = 0, `StaticFlags2` = 0, `StaticFlags3` = 0 WHERE `Entry` = 149523;
UPDATE `creature_template_difficulty` SET `ContentTuningID` = 713, `StaticFlags1` = 805306624, `StaticFlags2` = 0, `StaticFlags3` = 0 WHERE `Entry` = 152743;
UPDATE `creature_template_difficulty` SET `ContentTuningID` = 782, `StaticFlags1` = 268435456, `StaticFlags2` = 0, `StaticFlags3` = 0 WHERE `Entry` = 160526;
UPDATE `creature_template_difficulty` SET `ContentTuningID` = 782, `StaticFlags1` = 268435456, `StaticFlags2` = 0, `StaticFlags3` = 0 WHERE `Entry` = 160527;
UPDATE `creature_template_difficulty` SET `ContentTuningID` = 782, `StaticFlags1` = 268435456, `StaticFlags2` = 0, `StaticFlags3` = 0 WHERE `Entry` = 160528;
UPDATE `creature_template_difficulty` SET `ContentTuningID` = 782, `StaticFlags1` = 268435456, `StaticFlags2` = 0, `StaticFlags3` = 0 WHERE `Entry` = 160529;
UPDATE `creature_template_difficulty` SET `ContentTuningID` = 782, `StaticFlags1` = 268435456, `StaticFlags2` = 0, `StaticFlags3` = 0 WHERE `Entry` = 160530;
UPDATE `creature_template_difficulty` SET `ContentTuningID` = 2078, `StaticFlags1` = 536871168, `StaticFlags2` = 0, `StaticFlags3` = 0 WHERE `Entry` = 180701;
UPDATE `creature_template_difficulty` SET `ContentTuningID` = 2151, `StaticFlags1` = 268435456, `StaticFlags2` = 0, `StaticFlags3` = 0 WHERE `Entry` = 184665;
UPDATE `creature_template_difficulty` SET `ContentTuningID` = 2151, `StaticFlags1` = 268435456, `StaticFlags2` = 0, `StaticFlags3` = 0 WHERE `Entry` = 184671;
UPDATE `creature_template_difficulty` SET `ContentTuningID` = 2151, `StaticFlags1` = 268435456, `StaticFlags2` = 0, `StaticFlags3` = 0 WHERE `Entry` = 184787;
UPDATE `creature_template_difficulty` SET `ContentTuningID` = 2151, `StaticFlags1` = 268435456, `StaticFlags2` = 0, `StaticFlags3` = 0 WHERE `Entry` = 184795;
UPDATE `creature_template_difficulty` SET `ContentTuningID` = 2151, `StaticFlags1` = 268435456, `StaticFlags2` = 0, `StaticFlags3` = 0 WHERE `Entry` = 184796;
UPDATE `creature_template_difficulty` SET `ContentTuningID` = 2151, `StaticFlags1` = 268435456, `StaticFlags2` = 0, `StaticFlags3` = 0 WHERE `Entry` = 184797;
UPDATE `creature_template_difficulty` SET `ContentTuningID` = 2151, `StaticFlags1` = 268435456, `StaticFlags2` = 0, `StaticFlags3` = 0 WHERE `Entry` = 184798;
UPDATE `creature_template_difficulty` SET `ContentTuningID` = 2151, `StaticFlags1` = 268435456, `StaticFlags2` = 0, `StaticFlags3` = 0 WHERE `Entry` = 184800;
UPDATE `creature_template_difficulty` SET `ContentTuningID` = 2151, `StaticFlags1` = 268435456, `StaticFlags2` = 0, `StaticFlags3` = 0 WHERE `Entry` = 184801;
UPDATE `creature_template_difficulty` SET `ContentTuningID` = 2151, `StaticFlags1` = 268435456, `StaticFlags2` = 0, `StaticFlags3` = 0 WHERE `Entry` = 184808;
UPDATE `creature_template_difficulty` SET `ContentTuningID` = 2151, `StaticFlags1` = 268435456, `StaticFlags2` = 0, `StaticFlags3` = 0 WHERE `Entry` = 184809;
UPDATE `creature_template_difficulty` SET `ContentTuningID` = 2151, `StaticFlags1` = 268435456, `StaticFlags2` = 0, `StaticFlags3` = 0 WHERE `Entry` = 184810;
UPDATE `creature_template_difficulty` SET `ContentTuningID` = 2151, `StaticFlags1` = 268435456, `StaticFlags2` = 0, `StaticFlags3` = 0 WHERE `Entry` = 184812;
UPDATE `creature_template_difficulty` SET `ContentTuningID` = 2151, `StaticFlags1` = 268435456, `StaticFlags2` = 0, `StaticFlags3` = 0 WHERE `Entry` = 184813;
UPDATE `creature_template_difficulty` SET `ContentTuningID` = 2151, `StaticFlags1` = 268435456, `StaticFlags2` = 0, `StaticFlags3` = 0 WHERE `Entry` = 184814;
UPDATE `creature_template_difficulty` SET `ContentTuningID` = 2151, `StaticFlags1` = 268435456, `StaticFlags2` = 0, `StaticFlags3` = 0 WHERE `Entry` = 184858;
UPDATE `creature_template_difficulty` SET `ContentTuningID` = 81, `StaticFlags1` = 805306368, `StaticFlags2` = 0, `StaticFlags3` = 0 WHERE `Entry` = 189075;
UPDATE `creature_template_difficulty` SET `ContentTuningID` = 2078, `StaticFlags1` = 268435456, `StaticFlags2` = 0, `StaticFlags3` = 0 WHERE `Entry` = 189386;
UPDATE `creature_template_difficulty` SET `ContentTuningID` = 2078, `StaticFlags1` = 268435456, `StaticFlags2` = 0, `StaticFlags3` = 0 WHERE `Entry` = 189389;
UPDATE `creature_template_difficulty` SET `ContentTuningID` = 2150, `StaticFlags1` = 0, `StaticFlags2` = 0, `StaticFlags3` = 0 WHERE `Entry` = 189390;
UPDATE `creature_template_difficulty` SET `ContentTuningID` = 2151, `StaticFlags1` = 268435456, `StaticFlags2` = 0, `StaticFlags3` = 0 WHERE `Entry` = 189554;
UPDATE `creature_template_difficulty` SET `ContentTuningID` = 883, `StaticFlags1` = 268435456, `StaticFlags2` = 0, `StaticFlags3` = 0 WHERE `Entry` = 193045;
UPDATE `creature_template_difficulty` SET `ContentTuningID` = 883, `StaticFlags1` = 268435456, `StaticFlags2` = 0, `StaticFlags3` = 0 WHERE `Entry` = 193046;
UPDATE `creature_template_difficulty` SET `ContentTuningID` = 883, `StaticFlags1` = 268435456, `StaticFlags2` = 0, `StaticFlags3` = 0 WHERE `Entry` = 193047;
UPDATE `creature_template_difficulty` SET `ContentTuningID` = 883, `StaticFlags1` = 268435456, `StaticFlags2` = 0, `StaticFlags3` = 0 WHERE `Entry` = 193048;
UPDATE `creature_template_difficulty` SET `ContentTuningID` = 883, `StaticFlags1` = 268435456, `StaticFlags2` = 0, `StaticFlags3` = 0 WHERE `Entry` = 193050;
UPDATE `creature_template_difficulty` SET `ContentTuningID` = 883, `StaticFlags1` = 268435456, `StaticFlags2` = 0, `StaticFlags3` = 0 WHERE `Entry` = 193051;
UPDATE `creature_template_difficulty` SET `ContentTuningID` = 2150, `StaticFlags1` = 268435456, `StaticFlags2` = 0, `StaticFlags3` = 262144 WHERE `Entry` = 193055;
UPDATE `creature_template_difficulty` SET `ContentTuningID` = 2150, `StaticFlags1` = 268435456, `StaticFlags2` = 0, `StaticFlags3` = 262144 WHERE `Entry` = 193056;
UPDATE `creature_template_difficulty` SET `ContentTuningID` = 2150, `StaticFlags1` = 268435456, `StaticFlags2` = 0, `StaticFlags3` = 262144 WHERE `Entry` = 193057;
UPDATE `creature_template_difficulty` SET `ContentTuningID` = 2150, `StaticFlags1` = 268435456, `StaticFlags2` = 0, `StaticFlags3` = 262144 WHERE `Entry` = 193058;
UPDATE `creature_template_difficulty` SET `ContentTuningID` = 2078, `StaticFlags1` = 268435456, `StaticFlags2` = 0, `StaticFlags3` = 0 WHERE `Entry` = 193450;
UPDATE `creature_template_difficulty` SET `ContentTuningID` = 2424, `StaticFlags1` = 0, `StaticFlags2` = 0, `StaticFlags3` = 0 WHERE `Entry` = 195357;
UPDATE `creature_template_difficulty` SET `ContentTuningID` = 2424, `StaticFlags1` = 268435456, `StaticFlags2` = 0, `StaticFlags3` = 0 WHERE `Entry` = 195385;
UPDATE `creature_template_difficulty` SET `ContentTuningID` = 2151, `StaticFlags1` = 268435456, `StaticFlags2` = 0, `StaticFlags3` = 0 WHERE `Entry` = 197279;
UPDATE `creature_template_difficulty` SET `ContentTuningID` = 2151, `StaticFlags1` = 268435456, `StaticFlags2` = 0, `StaticFlags3` = 33554432 WHERE `Entry` = 197288;
UPDATE `creature_template_difficulty` SET `ContentTuningID` = 2307, `StaticFlags1` = 268435456, `StaticFlags2` = 0, `StaticFlags3` = 0 WHERE `Entry` = 197679;
UPDATE `creature_template_difficulty` SET `ContentTuningID` = 2307, `StaticFlags1` = 268435456, `StaticFlags2` = 0, `StaticFlags3` = 0 WHERE `Entry` = 197680;
UPDATE `creature_template_difficulty` SET `ContentTuningID` = 2307, `StaticFlags1` = 268435456, `StaticFlags2` = 0, `StaticFlags3` = 0 WHERE `Entry` = 197682;
UPDATE `creature_template_difficulty` SET `ContentTuningID` = 2424, `StaticFlags1` = 0, `StaticFlags2` = 0, `StaticFlags3` = 0 WHERE `Entry` = 198096;
UPDATE `creature_template_difficulty` SET `ContentTuningID` = 2151, `StaticFlags1` = 268435456, `StaticFlags2` = 0, `StaticFlags3` = 0 WHERE `Entry` = 198391;
UPDATE `creature_template_difficulty` SET `ContentTuningID` = 2151, `StaticFlags1` = 268435456, `StaticFlags2` = 0, `StaticFlags3` = 0 WHERE `Entry` = 198411;
UPDATE `creature_template_difficulty` SET `ContentTuningID` = 2151, `StaticFlags1` = 268435456, `StaticFlags2` = 0, `StaticFlags3` = 0 WHERE `Entry` = 198412;
UPDATE `creature_template_difficulty` SET `ContentTuningID` = 2150, `StaticFlags1` = 268435456, `StaticFlags2` = 0, `StaticFlags3` = 0 WHERE `Entry` = 198434;
UPDATE `creature_template_difficulty` SET `ContentTuningID` = 2151, `StaticFlags1` = 268435456, `StaticFlags2` = 0, `StaticFlags3` = 0 WHERE `Entry` = 198442;
UPDATE `creature_template_difficulty` SET `ContentTuningID` = 883, `StaticFlags1` = 268435456, `StaticFlags2` = 0, `StaticFlags3` = 0 WHERE `Entry` = 198444;
UPDATE `creature_template_difficulty` SET `ContentTuningID` = 2151, `StaticFlags1` = 268435456, `StaticFlags2` = 0, `StaticFlags3` = 0 WHERE `Entry` = 198462;
UPDATE `creature_template_difficulty` SET `ContentTuningID` = 2151, `StaticFlags1` = 268435456, `StaticFlags2` = 0, `StaticFlags3` = 0 WHERE `Entry` = 198475;
UPDATE `creature_template_difficulty` SET `ContentTuningID` = 2151, `StaticFlags1` = 268435456, `StaticFlags2` = 0, `StaticFlags3` = 0 WHERE `Entry` = 198476;
UPDATE `creature_template_difficulty` SET `ContentTuningID` = 866, `StaticFlags1` = 0, `StaticFlags2` = 0, `StaticFlags3` = 0 WHERE `Entry` = 199288;
UPDATE `creature_template_difficulty` SET `ContentTuningID` = 2078, `StaticFlags1` = 536871168, `StaticFlags2` = 0, `StaticFlags3` = 0 WHERE `Entry` = 199726;
