-- DB/WakingShores Map 2444 (Dragon Isles) Zone: 13644 (The Waking Shores) Area: 13739 (Obsidian Bulwark)

SET @CGUID := 9013100;
SET @OGUID := 9013100;

-- creature
DELETE FROM `creature` WHERE `guid` BETWEEN @CGUID+1 AND @CGUID+170;
INSERT INTO `creature` (`guid`, `id`, `map`, `zoneId`, `areaId`, `spawnDifficulties`, `phaseUseFlags`, `PhaseId`, `PhaseGroup`, `terrainSwapMap`, `modelid`, `equipment_id`, `position_x`, `position_y`, `position_z`, `orientation`, `spawntimesecs`, `wander_distance`, `currentwaypoint`, `curHealthPct`, `MovementType`, `npcflag`, `unit_flags`, `unit_flags2`, `unit_flags3`, `ScriptName`, `StringId`, `VerifiedBuild`) VALUES 
(@CGUID+1, 186274, 2444, 13644, 13739, '0', 0, 0, 0, -1, 0, 0, 1816.48, 1266.77, 188.05, 5.52341, 7200, 0, 0, 100, 0, NULL, NULL, NULL, NULL, '', NULL, 59466),
(@CGUID+2, 187189, 2444, 13644, 13739, '0', 0, 0, 0, -1, 0, 0, 1785.45, 1261.25, 188.181, 4.88741, 7200, 10, 0, 100, 1, NULL, NULL, NULL, NULL, '', NULL, 59466),
(@CGUID+3, 187189, 2444, 13644, 13739, '0', 0, 0, 0, -1, 0, 0, 1785.13, 1264.27, 188.389, 4.56722, 7200, 10, 0, 100, 1, NULL, NULL, NULL, NULL, '', NULL, 59466),
(@CGUID+4, 186314, 2444, 13644, 13739, '0', 0, 0, 0, -1, 0, 0, 1808.04, 1268.91, 188.392, 5.28526, 7200, 0, 0, 100, 0, NULL, NULL, NULL, NULL, '', NULL, 59466),
(@CGUID+5, 186312, 2444, 13644, 13739, '0', 0, 0, 0, -1, 0, 0, 1809.66, 1272.55, 188.281, 5.41954, 7200, 0, 0, 100, 0, NULL, NULL, NULL, NULL, '', NULL, 59466),
(@CGUID+6, 186763, 2444, 13644, 13739, '0', 0, 0, 0, -1, 0, 0, 1767.72, 1275.54, 188.574, 3.56309, 7200, 0, 0, 100, 0, NULL, NULL, NULL, NULL, '', NULL, 59466),
(@CGUID+7, 186493, 2444, 13644, 13739, '0', 0, 0, 0, -1, 0, 0, 1816.04, 1237.95, 187.912, 1.54779, 7200, 0, 0, 100, 0, NULL, NULL, NULL, NULL, '', NULL, 59466),
(@CGUID+8, 187189, 2444, 13644, 13739, '0', 0, 0, 0, -1, 0, 0, 1778.6, 1264.03, 188.416, 4.88741, 7200, 10, 0, 100, 1, NULL, NULL, NULL, NULL, '', NULL, 59466),
(@CGUID+9, 187187, 2444, 13644, 13739, '0', 0, 0, 0, -1, 0, 0, 1788.44, 1264.4, 188.442, 4.70413, 7200, 10, 0, 100, 1, NULL, NULL, NULL, NULL, '', NULL, 59466),
(@CGUID+10, 181016, 2444, 13644, 13739, '0', 0, 0, 0, -1, 0, 0, 1866.93, 1265.63, 189.222, 4.78228, 7200, 0, 0, 100, 0, NULL, NULL, NULL, NULL, '', NULL, 59466),
(@CGUID+11, 187189, 2444, 13644, 13739, '0', 0, 0, 0, -1, 0, 0, 1782.29, 1261.24, 188.172, 4.88741, 7200, 10, 0, 100, 1, NULL, NULL, NULL, NULL, '', NULL, 59466),
(@CGUID+12, 181016, 2444, 13644, 13739, '0', 0, 0, 0, -1, 0, 0, 1919.18, 1357.05, 161.741, 1.93073, 7200, 0, 0, 100, 0, NULL, NULL, NULL, NULL, '', NULL, 59466),
(@CGUID+13, 186763, 2444, 13644, 13739, '0', 0, 0, 0, -1, 0, 0, 1773.6, 1244.64, 188.683, 3.59473, 7200, 0, 0, 100, 0, NULL, NULL, NULL, NULL, '', NULL, 59466),
(@CGUID+14, 187187, 2444, 13644, 13739, '0', 0, 0, 0, -1, 0, 0, 1767.09, 1246.63, 189.205, 0.726196, 7200, 0, 0, 100, 0, NULL, NULL, NULL, NULL, '', NULL, 59466),
(@CGUID+15, 186331, 2444, 13644, 13739, '0', 0, 0, 0, -1, 0, 0, 1851.51, 1270.93, 188.296, 4.30955, 7200, 0, 0, 100, 0, NULL, NULL, NULL, NULL, '', NULL, 59466),
(@CGUID+16, 186326, 2444, 13644, 13739, '0', 0, 0, 0, -1, 0, 0, 1862.31, 1272.98, 188.016, 4.32359, 7200, 0, 0, 100, 0, NULL, NULL, NULL, NULL, '', NULL, 59466),
(@CGUID+17, 188444, 2444, 13644, 13739, '0', 0, 0, 0, -1, 0, 0, 1847.78, 1283.53, 188.44, 3.83655, 7200, 0, 0, 100, 0, NULL, NULL, NULL, NULL, '', NULL, 59466),
(@CGUID+18, 186324, 2444, 13644, 13739, '0', 0, 0, 0, -1, 0, 0, 1860.17, 1276.61, 188.066, 4.47403, 7200, 0, 0, 100, 0, NULL, NULL, NULL, NULL, '', NULL, 59466),
(@CGUID+19, 186763, 2444, 13644, 13739, '0', 0, 0, 0, -1, 0, 0, 1774.98, 1243, 188.488, 4.4669, 7200, 0, 0, 100, 0, NULL, NULL, NULL, NULL, '', NULL, 59466),
(@CGUID+20, 187189, 2444, 13644, 13739, '0', 0, 0, 0, -1, 0, 0, 1765.28, 1248.91, 189.115, 1.33588, 7200, 0, 0, 100, 0, NULL, NULL, NULL, NULL, '', NULL, 59466),
(@CGUID+21, 187189, 2444, 13644, 13739, '0', 0, 0, 0, -1, 0, 0, 1781.82, 1242.78, 188.29, 2.87005, 7200, 0, 0, 100, 0, NULL, NULL, NULL, NULL, '', NULL, 59466),
(@CGUID+22, 198879, 2444, 13644, 13739, '0', 0, 0, 0, -1, 0, 0, 1836.84, 1217.36, 190.945, 2.53949, 7200, 0, 0, 100, 0, NULL, NULL, NULL, NULL, '', NULL, 59466),
(@CGUID+23, 191818, 2444, 13644, 13739, '0', 0, 0, 0, -1, 0, 0, 1893.54, 1347.72, 160.136, 4.0558, 7200, 10, 0, 100, 1, NULL, NULL, NULL, NULL, '', NULL, 59466),
(@CGUID+24, 187189, 2444, 13644, 13739, '0', 0, 0, 0, -1, 0, 0, 1852.75, 1277.41, 188.346, 3.48728, 7200, 0, 0, 100, 0, NULL, NULL, NULL, NULL, '', NULL, 59466),
(@CGUID+25, 187189, 2444, 13644, 13739, '0', 0, 0, 0, -1, 0, 0, 1785.57, 1241.93, 188.051, 3.91798, 7200, 0, 0, 100, 0, NULL, NULL, NULL, NULL, '', NULL, 59466),
(@CGUID+26, 187189, 2444, 13644, 13739, '0', 0, 0, 0, -1, 0, 0, 1734.54, 1259.27, 188.298, 0.949737, 7200, 10, 0, 100, 1, NULL, NULL, NULL, NULL, '', NULL, 59466),
(@CGUID+27, 192795, 2444, 13644, 13739, '0', 0, 0, 0, -1, 0, 0, 1819.44, 1266.86, 188.048, 4.10788, 7200, 0, 0, 100, 0, NULL, NULL, NULL, NULL, '', NULL, 59466),
(@CGUID+28, 191818, 2444, 13644, 13739, '0', 0, 0, 0, -1, 0, 0, 1902.21, 1296.58, 173.406, 5.29552, 7200, 10, 0, 100, 1, NULL, NULL, NULL, NULL, '', NULL, 59466),
(@CGUID+29, 196995, 2444, 13644, 13739, '0', 0, 0, 0, -1, 0, 0, 1788.89, 1235.85, 190.135, 0.715817, 7200, 0, 0, 100, 0, NULL, NULL, NULL, NULL, '', NULL, 59466),
(@CGUID+30, 181016, 2444, 13644, 13739, '0', 0, 0, 0, -1, 0, 0, 1936.5, 1354.25, 164.236, 1.40358, 7200, 0, 0, 100, 0, NULL, NULL, NULL, NULL, '', NULL, 59466),
(@CGUID+31, 191818, 2444, 13644, 13739, '0', 0, 0, 0, -1, 0, 0, 1895.14, 1306.59, 170.536, 2.8065, 7200, 10, 0, 100, 1, NULL, NULL, NULL, NULL, '', NULL, 59466),
(@CGUID+32, 186765, 2444, 13644, 13739, '0', 0, 0, 0, -1, 0, 0, 1884.49, 1255.17, 189.629, 3.79818, 7200, 10, 0, 100, 1, NULL, NULL, NULL, NULL, '', NULL, 59466),
(@CGUID+33, 187187, 2444, 13644, 13739, '0', 0, 0, 0, -1, 0, 0, 1806.94, 1225, 187.947, 5.33989, 7200, 0, 0, 100, 0, NULL, NULL, NULL, NULL, '', NULL, 59466),
(@CGUID+34, 192177, 2444, 13644, 13739, '0', 0, 0, 0, -1, 0, 0, 1833.03, 1226.51, 190.945, 3.61055, 7200, 0, 0, 100, 0, NULL, NULL, NULL, NULL, '', NULL, 59466),
(@CGUID+35, 192165, 2444, 13644, 13739, '0', 0, 0, 0, -1, 0, 0, 1833.95, 1225, 190.945, 2.14593, 7200, 0, 0, 100, 0, NULL, NULL, NULL, NULL, '', NULL, 59466),
(@CGUID+36, 187187, 2444, 13644, 13739, '0', 0, 0, 0, -1, 0, 0, 1822.85, 1219.2, 190.945, 5.30933, 7200, 0, 0, 100, 0, NULL, NULL, NULL, NULL, '', NULL, 59466),
(@CGUID+37, 186447, 2444, 13644, 13739, '0', 0, 0, 0, -1, 0, 0, 1789.47, 1234.35, 187.953, 0, 7200, 0, 0, 100, 0, NULL, NULL, NULL, NULL, '', NULL, 59466),
(@CGUID+38, 186430, 2444, 13644, 13739, '0', 0, 0, 0, -1, 0, 0, 1805.06, 1230.05, 187.976, 4.71239, 7200, 0, 0, 100, 0, NULL, NULL, NULL, NULL, '', NULL, 59466),
(@CGUID+39, 187187, 2444, 13644, 13739, '0', 0, 0, 0, -1, 0, 0, 1847.93, 1246.65, 188.076, 1.66533, 7200, 0, 0, 100, 0, NULL, NULL, NULL, NULL, '', NULL, 59466),
(@CGUID+40, 187189, 2444, 13644, 13739, '0', 0, 0, 0, -1, 0, 0, 1823.62, 1217.54, 190.944, 2.01901, 7200, 0, 0, 100, 0, NULL, NULL, NULL, NULL, '', NULL, 59466),
(@CGUID+41, 187189, 2444, 13644, 13739, '0', 0, 0, 0, -1, 0, 0, 1860.7, 1264.11, 188.779, 3.73597, 7200, 0, 0, 100, 0, NULL, NULL, NULL, NULL, '', NULL, 59466),
(@CGUID+42, 191809, 2444, 13644, 13739, '0', 0, 0, 0, -1, 0, 0, 1902.06, 1297.09, 182.72, 0.827291, 7200, 10, 0, 100, 1, NULL, NULL, NULL, NULL, '', NULL, 59466),
(@CGUID+43, 181016, 2444, 13644, 13739, '0', 0, 0, 0, -1, 0, 0, 1879.38, 1224.33, 198.287, 1.61085, 7200, 10, 0, 100, 1, NULL, NULL, NULL, NULL, '', NULL, 59466),
(@CGUID+44, 192186, 2444, 13644, 13739, '0', 0, 0, 0, -1, 0, 0, 1904.57, 1259.85, 226.823, 4.07613, 7200, 10, 0, 100, 1, NULL, NULL, NULL, NULL, '', NULL, 59466),
(@CGUID+45, 186757, 2444, 13644, 13739, '0', 0, 0, 0, -1, 0, 0, 1788.57, 1211.08, 190.002, 0.758971, 7200, 0, 0, 100, 0, NULL, NULL, NULL, NULL, '', NULL, 59466),
(@CGUID+46, 186752, 2444, 13644, 13739, '0', 0, 0, 0, -1, 0, 0, 1781.82, 1218.06, 189.805, 4.57664, 7200, 10, 0, 100, 1, NULL, NULL, NULL, NULL, '', NULL, 59466),
(@CGUID+47, 186765, 2444, 13644, 13739, '0', 0, 0, 0, -1, 0, 0, 1794.98, 1207.29, 189.352, 4.42017, 7200, 0, 0, 100, 0, NULL, NULL, NULL, NULL, '', NULL, 59466),
(@CGUID+48, 186317, 2444, 13644, 13739, '0', 0, 0, 0, -1, 0, 0, 1831.55, 1214.44, 190.945, 1.57754, 7200, 0, 0, 100, 0, NULL, NULL, NULL, NULL, '', NULL, 59466),
(@CGUID+49, 186454, 2444, 13644, 13739, '0', 0, 0, 0, -1, 0, 0, 1788.65, 1213.43, 189.266, 0.816059, 7200, 0, 0, 100, 0, NULL, NULL, NULL, NULL, '', NULL, 59466),
(@CGUID+50, 187466, 2444, 13644, 13739, '0', 0, 0, 0, -1, 0, 0, 1792.83, 1163.49, 210.926, 1.61233, 7200, 0, 0, 100, 0, NULL, NULL, NULL, NULL, '', NULL, 59466),
(@CGUID+51, 186765, 2444, 13644, 13739, '0', 0, 0, 0, -1, 0, 0, 1796.05, 1205.22, 189.572, 2.28638, 7200, 0, 0, 100, 0, NULL, NULL, NULL, NULL, '', NULL, 59466),
(@CGUID+52, 186429, 2444, 13644, 13739, '0', 0, 0, 0, -1, 0, 0, 1781.36, 1215.29, 190.177, 0.643063, 7200, 0, 0, 100, 0, NULL, NULL, NULL, NULL, '', NULL, 59466),
(@CGUID+53, 191809, 2444, 13644, 13739, '0', 0, 0, 0, -1, 0, 0, 1898.13, 1248.48, 198.424, 3.26448, 7200, 10, 0, 100, 1, NULL, NULL, NULL, NULL, '', NULL, 59466),
(@CGUID+54, 188445, 2444, 13644, 13739, '0', 0, 0, 0, -1, 0, 0, 1795.09, 1210.38, 189.012, 1.23677, 7200, 0, 0, 100, 0, NULL, NULL, NULL, NULL, '', NULL, 59466),
(@CGUID+55, 181016, 2444, 13644, 13739, '0', 0, 0, 0, -1, 0, 0, 1868.75, 1182.23, 202.028, 1.20883, 7200, 10, 0, 100, 1, NULL, NULL, NULL, NULL, '', NULL, 59466),
(@CGUID+56, 191818, 2444, 13644, 13739, '0', 0, 0, 0, -1, 0, 0, 1891.71, 1248.59, 195.286, 6.17652, 7200, 10, 0, 100, 1, NULL, NULL, NULL, NULL, '', NULL, 59466),
(@CGUID+57, 194836, 2444, 13644, 13739, '0', 0, 0, 0, -1, 0, 0, 1827.83, 1202.49, 191.123, 4.11879, 7200, 0, 0, 100, 0, NULL, NULL, NULL, NULL, '', NULL, 59466),
(@CGUID+58, 189461, 2444, 13644, 13739, '0', 0, 0, 0, -1, 0, 0, 1872.26, 1147.15, 204.759, 4.25522, 7200, 0, 0, 100, 0, NULL, NULL, NULL, NULL, '', NULL, 59466),
(@CGUID+59, 191818, 2444, 13644, 13739, '0', 0, 0, 0, -1, 0, 0, 1869.83, 1201.82, 201.022, 0.692008, 7200, 10, 0, 100, 1, NULL, NULL, NULL, NULL, '', NULL, 59466),
(@CGUID+60, 187189, 2444, 13644, 13739, '0', 0, 0, 0, -1, 0, 0, 1805.19, 1182.52, 207.253, 1.22518, 7200, 0, 0, 100, 0, NULL, NULL, NULL, NULL, '', NULL, 59466),
(@CGUID+61, 191554, 2444, 13644, 13739, '0', 0, 0, 0, -1, 0, 0, 1915.12, 1243.06, 215.338, 2.21137, 7200, 10, 0, 100, 1, NULL, NULL, NULL, NULL, '', NULL, 59466),
(@CGUID+62, 187187, 2444, 13644, 13739, '0', 0, 0, 0, -1, 0, 0, 1820.45, 1169.61, 206.85, 0.14073, 7200, 0, 0, 100, 0, NULL, NULL, NULL, NULL, '', NULL, 59466),
(@CGUID+63, 187187, 2444, 13644, 13739, '0', 0, 0, 0, -1, 0, 0, 1818.36, 1171.13, 207.096, 0.665549, 7200, 0, 0, 100, 0, NULL, NULL, NULL, NULL, '', NULL, 59466),
(@CGUID+64, 187189, 2444, 13644, 13739, '0', 0, 0, 0, -1, 0, 0, 1845.48, 1171.42, 203.545, 4.85869, 7200, 0, 0, 100, 0, NULL, NULL, NULL, NULL, '', NULL, 59466),
(@CGUID+65, 191823, 2444, 13644, 13739, '0', 0, 0, 0, -1, 0, 0, 1707.96, 1204, 322.54, 0.0563939, 7200, 10, 0, 100, 1, NULL, NULL, NULL, NULL, '', NULL, 59466),
(@CGUID+66, 191696, 2444, 13644, 13739, '0', 0, 0, 0, -1, 0, 0, 1689.47, 1146.66, 264.021, 2.56587, 7200, 0, 0, 100, 0, NULL, NULL, NULL, NULL, '', NULL, 59466),
(@CGUID+67, 192186, 2444, 13644, 13739, '0', 0, 0, 0, -1, 0, 0, 1719.5, 1299.09, 188.929, 6.18491, 7200, 10, 0, 100, 1, NULL, NULL, NULL, NULL, '', NULL, 59466),
(@CGUID+68, 191696, 2444, 13644, 13739, '0', 0, 0, 0, -1, 0, 0, 1684.32, 1153.97, 264.303, 1.86726, 7200, 0, 0, 100, 0, NULL, NULL, NULL, NULL, '', NULL, 59466),
(@CGUID+69, 187187, 2444, 13644, 13739, '0', 0, 0, 0, -1, 0, 0, 1812.51, 1151.86, 206.926, 0.532015, 7200, 0, 0, 100, 0, NULL, NULL, NULL, NULL, '', NULL, 59466),
(@CGUID+70, 186765, 2444, 13644, 13739, '0', 0, 0, 0, -1, 0, 0, 1698.95, 1258.41, 186.377, 1.71719, 7200, 10, 0, 100, 1, NULL, NULL, NULL, NULL, '', NULL, 59466),
(@CGUID+71, 191812, 2444, 13644, 13739, '0', 0, 0, 0, -1, 0, 0, 1705.82, 1263.37, 245.36, 5.55816, 7200, 10, 0, 100, 1, NULL, NULL, NULL, NULL, '', NULL, 59466),
(@CGUID+72, 189507, 2444, 13644, 13739, '0', 0, 0, 0, -1, 0, 0, 1686.16, 1280.3, 186.625, 3.97629, 7200, 0, 0, 100, 0, NULL, NULL, NULL, NULL, '', NULL, 59466),
(@CGUID+73, 191696, 2444, 13644, 13739, '0', 0, 0, 0, -1, 0, 0, 1672.98, 1120.96, 262.629, 0.777886, 7200, 0, 0, 100, 0, NULL, NULL, NULL, NULL, '', NULL, 59466),
(@CGUID+74, 191812, 2444, 13644, 13739, '0', 0, 0, 0, -1, 0, 0, 1699, 1214.13, 268.611, 1.70622, 7200, 10, 0, 100, 1, NULL, NULL, NULL, NULL, '', NULL, 59466),
(@CGUID+75, 191694, 2444, 13644, 13739, '0', 0, 0, 0, -1, 0, 0, 1644.66, 1192.14, 264.457, 5.0325, 7200, 10, 0, 100, 1, NULL, NULL, NULL, NULL, '', NULL, 59466),
(@CGUID+76, 192186, 2444, 13644, 13739, '0', 0, 0, 0, -1, 0, 0, 1639.57, 1260.99, 191.107, 0.796891, 7200, 10, 0, 100, 1, NULL, NULL, NULL, NULL, '', NULL, 59466),
(@CGUID+77, 192186, 2444, 13644, 13739, '0', 0, 0, 0, -1, 0, 0, 1684.67, 1318.71, 254.38, 0.601551, 7200, 10, 0, 100, 1, NULL, NULL, NULL, NULL, '', NULL, 59466),
(@CGUID+78, 192186, 2444, 13644, 13739, '0', 0, 0, 0, -1, 0, 0, 1683.68, 1258.62, 281.19, 1.49649, 7200, 10, 0, 100, 1, NULL, NULL, NULL, NULL, '', NULL, 59466),
(@CGUID+79, 191694, 2444, 13644, 13739, '0', 0, 0, 0, -1, 0, 0, 1641.73, 1179.64, 264.599, 3.07189, 7200, 10, 0, 100, 1, NULL, NULL, NULL, NULL, '', NULL, 59466),
(@CGUID+80, 191818, 2444, 13644, 13739, '0', 0, 0, 0, -1, 0, 0, 1629.17, 1216.67, 173.88, 2.29468, 7200, 10, 0, 100, 1, NULL, NULL, NULL, NULL, '', NULL, 59466),
(@CGUID+81, 191812, 2444, 13644, 13739, '0', 0, 0, 0, -1, 0, 0, 1613.19, 1214.44, 248.631, 4.08885, 7200, 10, 0, 100, 1, NULL, NULL, NULL, NULL, '', NULL, 59466),
(@CGUID+82, 191697, 2444, 13644, 13739, '0', 0, 0, 0, -1, 0, 0, 1664.58, 1089.49, 261.807, 0.964004, 7200, 0, 0, 100, 0, NULL, NULL, NULL, NULL, '', NULL, 59466),
(@CGUID+83, 191809, 2444, 13644, 13739, '0', 0, 0, 0, -1, 0, 0, 1812.92, 1147.01, 207.482, 1.61349, 7200, 10, 0, 100, 1, NULL, NULL, NULL, NULL, '', NULL, 59466),
(@CGUID+84, 187189, 2444, 13644, 13739, '0', 0, 0, 0, -1, 0, 0, 1826.47, 1142.38, 205.683, 2.66353, 7200, 10, 0, 100, 1, NULL, NULL, NULL, NULL, '', NULL, 59466),
(@CGUID+85, 191554, 2444, 13644, 13739, '0', 0, 0, 0, -1, 0, 0, 1840.6, 1137.39, 204.373, 3.3009, 7200, 0, 0, 100, 0, NULL, NULL, NULL, NULL, '', NULL, 59466),
(@CGUID+86, 191554, 2444, 13644, 13739, '0', 0, 0, 0, -1, 0, 0, 1833.03, 1137.62, 205.051, 4.93632, 7200, 0, 0, 100, 0, NULL, NULL, NULL, NULL, '', NULL, 59466),
(@CGUID+87, 191818, 2444, 13644, 13739, '0', 0, 0, 0, -1, 0, 0, 1849.39, 1140.08, 202.422, 1.4965, 7200, 10, 0, 100, 1, NULL, NULL, NULL, NULL, '', NULL, 59466),
(@CGUID+88, 191694, 2444, 13644, 13739, '0', 0, 0, 0, -1, 0, 0, 1674.67, 1130.33, 263.096, 5.22073, 7200, 0, 0, 100, 0, NULL, NULL, NULL, NULL, '', NULL, 59466),
(@CGUID+89, 187187, 2444, 13644, 13739, '0', 0, 0, 0, -1, 0, 0, 1788.78, 1261.38, 188.154, 4.56722, 7200, 10, 0, 100, 1, NULL, NULL, NULL, NULL, '', NULL, 59466),
(@CGUID+90, 187187, 2444, 13644, 13739, '0', 0, 0, 0, -1, 0, 0, 1848.16, 1249.4, 188.106, 4.36205, 7200, 0, 0, 100, 0, NULL, NULL, NULL, NULL, '', NULL, 59466),
(@CGUID+91, 187538, 2444, 13644, 13739, '0', 0, 0, 0, -1, 0, 0, 1920.89, 1343, 163.749, 3.11041, 7200, 0, 0, 100, 0, NULL, NULL, NULL, NULL, '', NULL, 59466),
(@CGUID+92, 198876, 2444, 13644, 13739, '0', 0, 0, 0, -1, 0, 0, 1840.49, 1278.32, 188.423, 0, 7200, 10, 0, 100, 1, NULL, NULL, NULL, NULL, '', NULL, 59466),
(@CGUID+93, 198197, 2444, 13644, 13739, '0', 0, 0, 0, -1, 0, 0, 2020.58, 1500.33, 188.659, 4.85845, 7200, 10, 0, 100, 1, NULL, NULL, NULL, NULL, '', NULL, 59466),
(@CGUID+94, 187189, 2444, 13644, 13739, '0', 0, 0, 0, -1, 0, 0, 1729.59, 1267.95, 188.401, 5.53263, 7200, 0, 0, 100, 0, NULL, NULL, NULL, NULL, '', NULL, 59466),
(@CGUID+95, 187189, 2444, 13644, 13739, '0', 0, 0, 0, -1, 0, 0, 1723.15, 1253.39, 188.207, 2.87176, 7200, 0, 0, 100, 0, NULL, NULL, NULL, NULL, '', NULL, 59466),
(@CGUID+96, 187187, 2444, 13644, 13739, '0', 0, 0, 0, -1, 0, 0, 1744.82, 1269.41, 189.543, 1.41184, 7200, 0, 0, 100, 0, NULL, NULL, NULL, NULL, '', NULL, 59466),
(@CGUID+97, 198876, 2444, 13644, 13739, '0', 0, 0, 0, -1, 0, 0, 1812.39, 1279.77, 188.423, 2.42457, 7200, 10, 0, 100, 1, NULL, NULL, NULL, NULL, '', NULL, 59466),
(@CGUID+98, 187189, 2444, 13644, 13739, '0', 0, 0, 0, -1, 0, 0, 1775.94, 1261.25, 187.954, 4.88741, 7200, 0, 0, 100, 0, NULL, NULL, NULL, NULL, '', NULL, 59466),
(@CGUID+99, 187187, 2444, 13644, 13739, '0', 0, 0, 0, -1, 0, 0, 1731.49, 1268.74, 188.515, 3.69583, 7200, 0, 0, 100, 0, NULL, NULL, NULL, NULL, '', NULL, 59466),
(@CGUID+100, 187187, 2444, 13644, 13739, '0', 0, 0, 0, -1, 0, 0, 1723.69, 1250.85, 188.214, 1.83252, 7200, 0, 0, 100, 0, NULL, NULL, NULL, NULL, '', NULL, 59466),
(@CGUID+101, 187187, 2444, 13644, 13739, '0', 0, 0, 0, -1, 0, 0, 1742.2, 1269.47, 189.437, 1.7795, 7200, 0, 0, 100, 0, NULL, NULL, NULL, NULL, '', NULL, 59466),
(@CGUID+102, 187187, 2444, 13644, 13739, '0', 0, 0, 0, -1, 0, 0, 1693.66, 1259.52, 186.28, 2.98764, 7200, 0, 0, 100, 0, NULL, NULL, NULL, NULL, '', NULL, 59466),
(@CGUID+103, 187187, 2444, 13644, 13739, '0', 0, 0, 0, -1, 0, 0, 1687.3, 1262.18, 185.894, 4.57059, 7200, 0, 0, 100, 0, NULL, NULL, NULL, NULL, '', NULL, 59466),
(@CGUID+104, 187189, 2444, 13644, 13739, '0', 0, 0, 0, -1, 0, 0, 1691.41, 1260.35, 186.54, 5.58907, 7200, 0, 0, 100, 0, NULL, NULL, NULL, NULL, '', NULL, 59466),
(@CGUID+105, 187189, 2444, 13644, 13739, '0', 0, 0, 0, -1, 0, 0, 1686.23, 1256.48, 185.275, 4.08426, 7200, 10, 0, 100, 1, NULL, NULL, NULL, NULL, '', NULL, 59466),
(@CGUID+106, 191818, 2444, 13644, 13739, '0', 0, 0, 0, -1, 0, 0, 1673.74, 1245.25, 183.04, 5.79989, 7200, 0, 0, 100, 0, NULL, NULL, NULL, NULL, '', NULL, 59466),
(@CGUID+107, 187187, 2444, 13644, 13739, '0', 0, 0, 0, -1, 0, 0, 1779.42, 1261.15, 188.112, 4.88741, 7200, 0, 0, 100, 0, NULL, NULL, NULL, NULL, '', NULL, 59466),
(@CGUID+108, 187187, 2444, 13644, 13739, '0', 0, 0, 0, -1, 0, 0, 1781.88, 1264.25, 188.452, 4.56722, 7200, 0, 0, 100, 0, NULL, NULL, NULL, NULL, '', NULL, 59466),
(@CGUID+109, 187189, 2444, 13644, 13739, '0', 0, 0, 0, -1, 0, 0, 1766.28, 1272.15, 189.137, 4.88741, 7200, 10, 0, 100, 1, NULL, NULL, NULL, NULL, '', NULL, 59466),
(@CGUID+110, 187187, 2444, 13644, 13739, '0', 0, 0, 0, -1, 0, 0, 1768.53, 1274.4, 188.972, 2.34197, 7200, 0, 0, 100, 0, NULL, NULL, NULL, NULL, '', NULL, 59466),
(@CGUID+111, 192186, 2444, 13644, 13739, '0', 0, 0, 0, -1, 0, 0, 1619.6, 1222.32, 276.182, 5.59101, 7200, 0, 0, 100, 0, NULL, NULL, NULL, NULL, '', NULL, 59466),
(@CGUID+112, 186452, 2444, 13644, 13739, '0', 0, 0, 0, -1, 0, 0, 1670.57, 1174.11, 265.838, 6.08114, 7200, 0, 0, 100, 0, NULL, NULL, NULL, NULL, '', NULL, 59466),
(@CGUID+113, 187187, 2444, 13644, 13739, '0', 0, 0, 0, -1, 0, 0, 1806.87, 1225, 187.946, 5.30539, 7200, 10, 0, 100, 1, NULL, NULL, NULL, NULL, '', NULL, 59466),
(@CGUID+114, 191816, 2444, 13644, 13739, '0', 0, 0, 0, -1, 0, 0, 1818.05, 1147.25, 257.287, 1.89128, 7200, 0, 0, 100, 0, NULL, NULL, NULL, NULL, '', NULL, 59466),
(@CGUID+115, 191816, 2444, 13644, 13739, '0', 0, 0, 0, -1, 0, 0, 1805.08, 1195.43, 216.818, 2.02965, 7200, 0, 0, 100, 0, NULL, NULL, NULL, NULL, '', NULL, 59466),
(@CGUID+116, 191816, 2444, 13644, 13739, '0', 0, 0, 0, -1, 0, 0, 1814.38, 1176.6, 236.706, 2.02965, 7200, 0, 0, 100, 0, NULL, NULL, NULL, NULL, '', NULL, 59466),
(@CGUID+117, 191816, 2444, 13644, 13739, '0', 0, 0, 0, -1, 0, 0, 1806.16, 1183.58, 233.02, 1.63852, 7200, 0, 0, 100, 0, NULL, NULL, NULL, NULL, '', NULL, 59466),
(@CGUID+118, 191816, 2444, 13644, 13739, '0', 0, 0, 0, -1, 0, 0, 1889.83, 1182.85, 272.476, 1.89128, 7200, 0, 0, 100, 0, NULL, NULL, NULL, NULL, '', NULL, 59466),
(@CGUID+119, 191048, 2444, 13644, 13739, '0', 0, 0, 0, -1, 0, 0, 1840.41, 989.146, 170.893, 1.22617, 7200, 0, 0, 100, 0, NULL, NULL, NULL, NULL, '', NULL, 59466),
(@CGUID+120, 191049, 2444, 13644, 13739, '0', 0, 0, 0, -1, 0, 0, 1837.93, 991.286, 171.587, 2.34515, 7200, 0, 0, 100, 0, NULL, NULL, NULL, NULL, '', NULL, 59466),
(@CGUID+121, 191049, 2444, 13644, 13739, '0', 0, 0, 0, -1, 0, 0, 1839.95, 992.688, 171.87, 1.49016, 7200, 0, 0, 100, 0, NULL, NULL, NULL, NULL, '', NULL, 59466),
(@CGUID+122, 3300, 2444, 13644, 13739, '0', 0, 0, 0, -1, 0, 0, 1869.48, 988.644, 175.746, 5.5413, 7200, 0, 0, 100, 0, NULL, NULL, NULL, NULL, '', NULL, 59466),
(@CGUID+123, 192103, 2444, 13644, 13739, '0', 0, 0, 0, -1, 0, 0, 1799.35, 952.148, 164.183, 4.2119, 7200, 0, 0, 100, 0, NULL, NULL, NULL, NULL, '', NULL, 59466),
(@CGUID+124, 192186, 2444, 13644, 13739, '0', 0, 0, 0, -1, 0, 0, 1831.07, 944.579, 206.738, 0.894896, 7200, 0, 0, 100, 0, NULL, NULL, NULL, NULL, '', NULL, 59466),
(@CGUID+125, 189093, 2444, 13644, 13739, '0', 0, 0, 0, -1, 0, 0, 2006.42, 965.713, 159.426, 4.02849, 7200, 0, 0, 100, 0, NULL, NULL, NULL, NULL, '', NULL, 59466),
(@CGUID+126, 191816, 2444, 13644, 13739, '0', 0, 0, 0, -1, 0, 0, 1822.96, 1325.47, 213.909, 1.81588, 7200, 0, 0, 100, 0, NULL, NULL, NULL, NULL, '', NULL, 59466),
(@CGUID+127, 191816, 2444, 13644, 13739, '0', 0, 0, 0, -1, 0, 0, 1806.35, 1176.6, 236.706, 1.89128, 7200, 0, 0, 100, 0, NULL, NULL, NULL, NULL, '', NULL, 59466),
(@CGUID+128, 191816, 2444, 13644, 13739, '0', 0, 0, 0, -1, 0, 0, 1803.41, 1517.28, 117.686, 1.3282, 7200, 0, 0, 100, 0, NULL, NULL, NULL, NULL, '', NULL, 59466),
(@CGUID+129, 191696, 2444, 13644, 13739, '0', 0, 0, 0, -1, 0, 0, 1683.7, 1152.72, 264.3, 3.19477, 7200, 10, 0, 100, 1, NULL, NULL, NULL, NULL, '', NULL, 59466),
(@CGUID+130, 191696, 2444, 13644, 13739, '0', 0, 0, 0, -1, 0, 0, 1673.7, 1118.35, 262.01, 4.40929, 7200, 0, 0, 100, 0, NULL, NULL, NULL, NULL, '', NULL, 59466),
(@CGUID+131, 191696, 2444, 13644, 13739, '0', 0, 0, 0, -1, 0, 0, 1679.47, 1109.89, 261.521, 6.04016, 7200, 10, 0, 100, 1, NULL, NULL, NULL, NULL, '', NULL, 59466),
(@CGUID+132, 192186, 2444, 13644, 13739, '0', 0, 0, 0, -1, 0, 0, 1735.99, 1261.21, 195.699, 3.73393, 7200, 0, 0, 100, 0, NULL, NULL, NULL, NULL, '', NULL, 59466),
(@CGUID+133, 181016, 2444, 13644, 13739, '0', 0, 0, 0, -1, 0, 0, 1875.17, 1199.16, 201.317, 0.752527, 7200, 0, 0, 100, 0, NULL, NULL, NULL, NULL, '', NULL, 59466),
(@CGUID+134, 191696, 2444, 13644, 13739, '0', 0, 0, 0, -1, 0, 0, 1684.55, 1148.86, 264.105, 4.65847, 7200, 10, 0, 100, 1, NULL, NULL, NULL, NULL, '', NULL, 59466),
(@CGUID+135, 187189, 2444, 13644, 13739, '0', 0, 0, 0, -1, 0, 0, 1727.88, 1252.7, 188.134, 2.62768, 7200, 0, 0, 100, 0, NULL, NULL, NULL, NULL, '', NULL, 59466),
(@CGUID+136, 187189, 2444, 13644, 13739, '0', 0, 0, 0, -1, 0, 0, 1762.9, 1271.39, 189.209, 4.50854, 7200, 0, 0, 100, 0, NULL, NULL, NULL, NULL, '', NULL, 59466),
(@CGUID+137, 191809, 2444, 13644, 13739, '0', 0, 0, 0, -1, 0, 0, 1885.27, 1284.2, 184.855, 3.92154, 7200, 10, 0, 100, 1, NULL, NULL, NULL, NULL, '', NULL, 59466),
(@CGUID+138, 181016, 2444, 13644, 13739, '0', 0, 0, 0, -1, 0, 0, 1911.1, 1327.38, 161.536, 5.90893, 7200, 10, 0, 100, 1, NULL, NULL, NULL, NULL, '', NULL, 59466),
(@CGUID+139, 191696, 2444, 13644, 13739, '0', 0, 0, 0, -1, 0, 0, 1692.77, 1150.68, 264.331, 5.83489, 7200, 10, 0, 100, 1, NULL, NULL, NULL, NULL, '', NULL, 59466),
(@CGUID+140, 192186, 2444, 13644, 13739, '0', 0, 0, 0, -1, 0, 0, 1755.62, 1238.89, 281.19, 4.25699, 7200, 0, 0, 100, 0, NULL, NULL, NULL, NULL, '', NULL, 59466),
(@CGUID+141, 181016, 2444, 13644, 13739, '0', 0, 0, 0, -1, 0, 0, 1879.22, 1229.44, 197.023, 1.58447, 7200, 0, 0, 100, 0, NULL, NULL, NULL, NULL, '', NULL, 59466),
(@CGUID+142, 192186, 2444, 13644, 13739, '0', 0, 0, 0, -1, 0, 0, 1701.91, 1253.84, 196.068, 3.3997, 7200, 0, 0, 100, 0, NULL, NULL, NULL, NULL, '', NULL, 59466),
(@CGUID+143, 191818, 2444, 13644, 13739, '0', 0, 0, 0, -1, 0, 0, 1901.41, 1254.76, 196.107, 0.424769, 7200, 10, 0, 100, 1, NULL, NULL, NULL, NULL, '', NULL, 59466),
(@CGUID+144, 191818, 2444, 13644, 13739, '0', 0, 0, 0, -1, 0, 0, 1873.52, 1201.26, 201.141, 5.6211, 7200, 10, 0, 100, 1, NULL, NULL, NULL, NULL, '', NULL, 59466),
(@CGUID+145, 187187, 2444, 13644, 13739, '0', 0, 0, 0, -1, 0, 0, 1804.82, 1225.8, 187.893, 2.55475, 7200, 0, 0, 100, 0, NULL, NULL, NULL, NULL, '', NULL, 59466),
(@CGUID+146, 186752, 2444, 13644, 13739, '0', 0, 0, 0, -1, 0, 0, 1785.71, 1214.61, 189.522, 1.02539, 7200, 0, 0, 100, 0, NULL, NULL, NULL, NULL, '', NULL, 59466),
(@CGUID+147, 191816, 2444, 13644, 13739, '0', 0, 0, 0, -1, 0, 0, 1802.06, 1382, 176.247, 1.89945, 7200, 0, 0, 100, 0, NULL, NULL, NULL, NULL, '', NULL, 59466),
(@CGUID+148, 191809, 2444, 13644, 13739, '0', 0, 0, 0, -1, 0, 0, 1897.07, 1256.65, 198.499, 5.10805, 7200, 10, 0, 100, 1, NULL, NULL, NULL, NULL, '', NULL, 59466),
(@CGUID+149, 192186, 2444, 13644, 13739, '0', 0, 0, 0, -1, 0, 0, 1889.58, 1247.73, 226.823, 3.56325, 7200, 0, 0, 100, 0, NULL, NULL, NULL, NULL, '', NULL, 59466),
(@CGUID+150, 191818, 2444, 13644, 13739, '0', 0, 0, 0, -1, 0, 0, 1858.15, 1328.77, 145.36, 5.20375, 7200, 10, 0, 100, 1, NULL, NULL, NULL, NULL, '', NULL, 59466),
(@CGUID+151, 191554, 2444, 13644, 13739, '0', 0, 0, 0, -1, 0, 0, 1911.62, 1239.01, 215.318, 3.81069, 7200, 10, 0, 100, 1, NULL, NULL, NULL, NULL, '', NULL, 59466),
(@CGUID+152, 191818, 2444, 13644, 13739, '0', 0, 0, 0, -1, 0, 0, 1912.99, 1290.28, 176.685, 2.38243, 7200, 10, 0, 100, 1, NULL, NULL, NULL, NULL, '', NULL, 59466),
(@CGUID+153, 186765, 2444, 13644, 13739, '0', 0, 0, 0, -1, 0, 0, 1916.57, 1299.78, 171.885, 1.34524, 7200, 10, 0, 100, 1, NULL, NULL, NULL, NULL, '', NULL, 59466),
(@CGUID+154, 191823, 2444, 13644, 13739, '0', 0, 0, 0, -1, 0, 0, 1712.49, 1204.21, 322.55, 0.0342803, 7200, 10, 0, 100, 1, NULL, NULL, NULL, NULL, '', NULL, 59466),
(@CGUID+155, 191812, 2444, 13644, 13739, '0', 0, 0, 0, -1, 0, 0, 1708.41, 1262.01, 245.326, 1.76915, 7200, 0, 0, 100, 0, NULL, NULL, NULL, NULL, '', NULL, 59466),
(@CGUID+156, 196109, 2444, 13644, 13739, '0', 0, 0, 0, -1, 0, 0, 1564.78, 1051.78, 347.788, 1.67206, 7200, 10, 0, 100, 1, NULL, NULL, NULL, NULL, '', NULL, 59466),
(@CGUID+157, 191809, 2444, 13644, 13739, '0', 0, 0, 0, -1, 0, 0, 1688, 1290.07, 188.266, 4.14799, 7200, 0, 0, 100, 0, NULL, NULL, NULL, NULL, '', NULL, 59466),
(@CGUID+158, 191818, 2444, 13644, 13739, '0', 0, 0, 0, -1, 0, 0, 1891.27, 1345.47, 159.607, 3.60472, 7200, 0, 0, 100, 0, NULL, NULL, NULL, NULL, '', NULL, 59466),
(@CGUID+159, 191553, 2444, 13644, 13739, '0', 0, 0, 0, -1, 0, 0, 1850.74, 1366.64, 160.986, 5.12558, 7200, 0, 0, 100, 0, NULL, NULL, NULL, NULL, '', NULL, 59466),
(@CGUID+160, 191818, 2444, 13644, 13739, '0', 0, 0, 0, -1, 0, 0, 1848.04, 1135.15, 203.441, 3.12499, 7200, 0, 0, 100, 0, NULL, NULL, NULL, NULL, '', NULL, 59466),
(@CGUID+161, 187189, 2444, 13644, 13739, '0', 0, 0, 0, -1, 0, 0, 1831.47, 1140.97, 205.279, 0.85814, 7200, 0, 0, 100, 0, NULL, NULL, NULL, NULL, '', NULL, 59466),
(@CGUID+162, 191809, 2444, 13644, 13739, '0', 0, 0, 0, -1, 0, 0, 1808.81, 1142.2, 207.297, 4.33621, 7200, 0, 0, 100, 0, NULL, NULL, NULL, NULL, '', NULL, 59466),
(@CGUID+163, 61325, 2444, 13644, 13739, '0', 0, 0, 0, -1, 0, 0, 1867.7, 985.996, 175.018, 3.92747, 7200, 0, 0, 100, 0, NULL, NULL, NULL, NULL, '', NULL, 59466),
(@CGUID+164, 3300, 2444, 13644, 13739, '0', 0, 0, 0, -1, 0, 0, 1994.68, 894.935, 131.284, 1.57312, 7200, 0, 0, 100, 0, NULL, NULL, NULL, NULL, '', NULL, 59466),
(@CGUID+165, 192103, 2444, 13644, 13739, '0', 0, 0, 0, -1, 0, 0, 2006.3, 966.47, 159.632, 4.31846, 7200, 0, 0, 100, 0, NULL, NULL, NULL, NULL, '', NULL, 59466),
(@CGUID+166, 195120, 2444, 13644, 13739, '0', 0, 0, 0, -1, 0, 0, 1922.75, 509.227, 257.623, 3.41302, 7200, 10, 0, 100, 1, NULL, NULL, NULL, NULL, '', NULL, 59466),
(@CGUID+167, 190694, 2444, 13644, 13739, '0', 0, 0, 0, -1, 0, 0, 2142.02, 817.69, 54.8424, 5.9426, 7200, 10, 0, 100, 1, NULL, NULL, NULL, NULL, '', NULL, 59466),
(@CGUID+168, 190694, 2444, 13644, 13739, '0', 0, 0, 0, -1, 0, 0, 2121.96, 802.914, 56.1412, 2.07934, 7200, 10, 0, 100, 1, NULL, NULL, NULL, NULL, '', NULL, 59466),
(@CGUID+169, 191624, 2444, 13644, 13739, '0', 0, 0, 0, -1, 0, 0, 1989.33, 789.957, 99.16, 4.26797, 7200, 10, 0, 100, 1, NULL, NULL, NULL, NULL, '', NULL, 59466),
(@CGUID+170, 191624, 2444, 13644, 13739, '0', 0, 0, 0, -1, 0, 0, 1997.81, 795.535, 99.8665, 3.96084, 7200, 10, 0, 100, 1, NULL, NULL, NULL, NULL, '', NULL, 59466);

-- creature addon
DELETE FROM `creature_addon` WHERE `guid` BETWEEN @CGUID+1 AND @CGUID+170;
INSERT INTO `creature_addon` (`guid`, `PathId`, `mount`, `MountCreatureID`, `StandState`, `AnimTier`, `VisFlags`, `SheathState`, `PvPFlags`, `emote`, `aiAnimKit`, `movementAnimKit`, `meleeAnimKit`, `visibilityDistanceType`, `auras`) VALUES 
(@CGUID+1, 0, 0, 0, 0, 0, 0, 1, 0, 0, 0, 0, 0, 3, ''),
(@CGUID+2, 0, 0, 0, 0, 0, 0, 0, 0, 0, 0, 0, 0, 0, ''),
(@CGUID+3, 0, 0, 0, 0, 0, 0, 0, 0, 0, 0, 0, 0, 0, ''),
(@CGUID+4, 0, 0, 0, 0, 0, 0, 1, 0, 743, 0, 0, 0, 0, ''),
(@CGUID+5, 0, 0, 0, 0, 0, 0, 0, 0, 0, 0, 0, 0, 0, ''),
(@CGUID+6, 0, 0, 0, 0, 0, 0, 1, 0, 0, 0, 0, 0, 0, ''),
(@CGUID+7, 0, 0, 0, 0, 0, 0, 0, 0, 0, 0, 0, 0, 0, ''),
(@CGUID+8, 0, 0, 0, 0, 0, 0, 0, 0, 0, 0, 0, 0, 0, ''),
(@CGUID+9, 0, 0, 0, 0, 0, 0, 0, 0, 0, 0, 0, 0, 0, ''),
(@CGUID+10, 0, 0, 0, 0, 0, 0, 1, 0, 0, 0, 0, 0, 0, ''),
(@CGUID+11, 0, 0, 0, 0, 0, 0, 0, 0, 0, 0, 0, 0, 0, ''),
(@CGUID+12, 0, 0, 0, 0, 0, 0, 1, 0, 0, 0, 0, 0, 0, ''),
(@CGUID+13, 0, 0, 0, 0, 0, 0, 1, 0, 0, 0, 0, 0, 0, ''),
(@CGUID+14, 0, 0, 0, 0, 0, 0, 0, 0, 0, 0, 0, 0, 0, ''),
(@CGUID+15, 0, 0, 0, 0, 0, 0, 1, 0, 0, 0, 0, 0, 0, '389243'),
(@CGUID+16, 0, 0, 0, 0, 0, 0, 0, 0, 0, 0, 0, 0, 0, ''),
(@CGUID+17, 0, 0, 0, 0, 0, 0, 0, 0, 0, 0, 0, 0, 0, '389243'),
(@CGUID+18, 0, 0, 0, 0, 0, 0, 1, 0, 69, 0, 0, 0, 0, ''),
(@CGUID+19, 0, 0, 0, 0, 0, 0, 1, 0, 0, 0, 0, 0, 0, ''),
(@CGUID+20, 0, 0, 0, 0, 0, 0, 0, 0, 0, 0, 0, 0, 0, ''),
(@CGUID+21, 0, 0, 0, 0, 0, 0, 0, 0, 0, 15430, 0, 0, 0, ''),
(@CGUID+22, 0, 0, 0, 0, 0, 0, 1, 1, 0, 0, 0, 0, 0, ''),
(@CGUID+23, 0, 0, 0, 0, 0, 0, 1, 0, 0, 0, 0, 0, 0, ''),
(@CGUID+24, 0, 0, 0, 0, 0, 0, 0, 0, 0, 0, 0, 0, 0, ''),
(@CGUID+25, 0, 0, 0, 0, 0, 0, 1, 0, 0, 0, 0, 0, 0, ''),
(@CGUID+26, 0, 0, 0, 0, 0, 0, 0, 0, 0, 0, 0, 0, 0, ''),
(@CGUID+27, 0, 0, 0, 0, 0, 0, 1, 0, 0, 0, 0, 0, 0, ''),
(@CGUID+28, 0, 0, 0, 0, 0, 0, 1, 0, 0, 0, 0, 0, 0, ''),
(@CGUID+29, 0, 0, 0, 0, 0, 0, 0, 0, 732, 0, 0, 0, 0, ''),
(@CGUID+30, 0, 0, 0, 0, 0, 0, 1, 0, 0, 0, 0, 0, 0, ''),
(@CGUID+31, 0, 0, 0, 0, 0, 0, 1, 0, 0, 0, 0, 0, 0, ''),
(@CGUID+32, 0, 0, 0, 0, 0, 0, 1, 0, 0, 0, 0, 0, 0, ''),
(@CGUID+33, 0, 0, 0, 0, 0, 0, 0, 0, 0, 0, 0, 0, 0, ''),
(@CGUID+34, 0, 0, 0, 1, 0, 0, 1, 0, 0, 0, 0, 0, 0, '294181'),
(@CGUID+35, 0, 0, 0, 0, 0, 0, 1, 0, 0, 0, 0, 0, 0, '296922'),
(@CGUID+36, 0, 0, 0, 0, 0, 0, 0, 0, 0, 0, 0, 0, 0, ''),
(@CGUID+37, 0, 0, 0, 0, 0, 0, 1, 0, 0, 8480, 0, 0, 0, ''),
(@CGUID+38, 0, 0, 0, 0, 0, 0, 1, 0, 0, 0, 0, 0, 0, ''),
(@CGUID+39, 0, 0, 0, 0, 0, 0, 0, 0, 0, 0, 0, 0, 0, ''),
(@CGUID+40, 0, 0, 0, 0, 0, 0, 0, 0, 0, 0, 0, 0, 0, ''),
(@CGUID+41, 0, 0, 0, 0, 0, 0, 0, 0, 0, 0, 0, 0, 0, ''),
(@CGUID+42, 0, 0, 0, 0, 3, 0, 1, 0, 0, 0, 0, 0, 0, ''),
(@CGUID+43, 0, 0, 0, 0, 0, 0, 1, 0, 0, 0, 0, 0, 0, ''),
(@CGUID+44, 0, 0, 0, 0, 3, 0, 1, 0, 0, 0, 0, 0, 0, ''),
(@CGUID+45, 0, 0, 0, 0, 0, 0, 0, 1, 732, 0, 0, 0, 0, ''),
(@CGUID+46, 0, 0, 0, 0, 0, 0, 1, 1, 0, 0, 0, 0, 0, ''),
(@CGUID+47, 0, 0, 0, 0, 0, 0, 1, 0, 0, 0, 0, 0, 0, '102426'),
(@CGUID+48, 0, 0, 0, 0, 0, 0, 1, 0, 0, 0, 0, 0, 0, ''),
(@CGUID+49, 0, 0, 0, 0, 0, 0, 1, 1, 0, 0, 0, 0, 0, '244867'),
(@CGUID+50, 0, 0, 0, 0, 0, 0, 1, 0, 0, 0, 0, 0, 0, ''),
(@CGUID+51, 0, 0, 0, 0, 0, 0, 1, 0, 0, 0, 0, 0, 0, ''),
(@CGUID+52, 0, 0, 0, 1, 0, 0, 1, 0, 0, 0, 0, 0, 0, ''),
(@CGUID+53, 0, 0, 0, 0, 3, 0, 1, 0, 0, 0, 0, 0, 0, ''),
(@CGUID+54, 0, 0, 0, 0, 0, 0, 1, 0, 0, 0, 0, 0, 0, ''),
(@CGUID+55, 0, 0, 0, 0, 0, 0, 1, 0, 0, 0, 0, 0, 0, ''),
(@CGUID+56, 0, 0, 0, 0, 0, 0, 1, 0, 0, 0, 0, 0, 0, ''),
(@CGUID+57, 0, 0, 0, 0, 0, 0, 1, 0, 455, 0, 0, 0, 0, ''),
(@CGUID+58, 0, 0, 0, 0, 0, 0, 1, 0, 0, 0, 0, 0, 0, ''),
(@CGUID+59, 0, 0, 0, 0, 0, 0, 1, 0, 0, 0, 0, 0, 0, ''),
(@CGUID+60, 0, 0, 0, 0, 0, 0, 0, 0, 0, 0, 0, 0, 0, ''),
(@CGUID+61, 0, 0, 0, 0, 0, 0, 1, 0, 0, 0, 0, 0, 0, ''),
(@CGUID+62, 0, 0, 0, 1, 0, 0, 0, 0, 0, 0, 0, 0, 0, ''),
(@CGUID+63, 0, 0, 0, 1, 0, 0, 0, 0, 0, 0, 0, 0, 0, ''),
(@CGUID+64, 0, 0, 0, 0, 0, 0, 0, 0, 0, 0, 0, 0, 0, ''),
(@CGUID+65, 0, 0, 0, 0, 3, 0, 1, 0, 0, 0, 0, 0, 0, ''),
(@CGUID+66, 0, 0, 0, 0, 0, 0, 1, 0, 0, 0, 0, 0, 0, ''),
(@CGUID+67, 0, 0, 0, 0, 0, 0, 1, 0, 0, 0, 0, 0, 0, ''),
(@CGUID+68, 0, 0, 0, 0, 0, 0, 1, 0, 0, 0, 0, 0, 0, ''),
(@CGUID+69, 0, 0, 0, 1, 0, 0, 0, 0, 0, 0, 0, 0, 0, ''),
(@CGUID+70, 0, 0, 0, 0, 0, 0, 0, 0, 378, 0, 0, 0, 0, ''),
(@CGUID+71, 0, 0, 0, 0, 0, 0, 1, 0, 0, 0, 0, 0, 0, ''),
(@CGUID+72, 0, 0, 0, 0, 0, 0, 1, 0, 0, 0, 0, 0, 0, ''),
(@CGUID+73, 0, 0, 0, 0, 0, 0, 1, 0, 0, 0, 0, 0, 0, ''),
(@CGUID+74, 0, 0, 0, 0, 0, 0, 1, 0, 0, 0, 0, 0, 0, ''),
(@CGUID+75, 0, 0, 0, 0, 0, 0, 1, 0, 0, 0, 0, 0, 0, ''),
(@CGUID+76, 0, 0, 0, 0, 0, 0, 1, 0, 0, 0, 0, 0, 0, ''),
(@CGUID+77, 0, 0, 0, 0, 3, 0, 1, 0, 0, 0, 0, 0, 0, ''),
(@CGUID+78, 0, 0, 0, 0, 3, 0, 1, 0, 0, 0, 0, 0, 0, ''),
(@CGUID+79, 0, 0, 0, 0, 0, 0, 1, 0, 0, 0, 0, 0, 0, ''),
(@CGUID+80, 0, 0, 0, 0, 0, 0, 1, 0, 0, 0, 0, 0, 0, ''),
(@CGUID+81, 0, 0, 0, 0, 0, 0, 1, 0, 0, 0, 0, 0, 0, ''),
(@CGUID+82, 0, 0, 0, 0, 0, 0, 1, 0, 0, 0, 0, 0, 0, ''),
(@CGUID+83, 0, 0, 0, 0, 3, 0, 1, 0, 0, 0, 0, 0, 0, ''),
(@CGUID+84, 0, 0, 0, 0, 0, 0, 0, 0, 0, 0, 0, 0, 0, ''),
(@CGUID+85, 0, 0, 0, 0, 0, 0, 1, 0, 0, 0, 0, 0, 0, ''),
(@CGUID+86, 0, 0, 0, 0, 0, 0, 1, 0, 0, 0, 0, 0, 0, ''),
(@CGUID+87, 0, 0, 0, 0, 0, 0, 1, 0, 0, 0, 0, 0, 0, ''),
(@CGUID+88, 0, 0, 0, 0, 0, 0, 1, 0, 0, 0, 0, 0, 0, ''),
(@CGUID+89, 0, 0, 0, 0, 0, 0, 0, 0, 0, 0, 0, 0, 0, ''),
(@CGUID+90, 0, 0, 0, 0, 0, 0, 0, 0, 0, 0, 0, 0, 0, ''),
(@CGUID+91, 0, 42295, 0, 0, 0, 0, 1, 0, 0, 0, 0, 0, 0, ''),
(@CGUID+92, 0, 0, 0, 0, 0, 0, 1, 1, 0, 0, 0, 0, 0, ''),
(@CGUID+93, 0, 0, 0, 0, 3, 0, 1, 0, 0, 0, 0, 0, 3, ''),
(@CGUID+94, 0, 0, 0, 1, 0, 0, 0, 0, 0, 0, 0, 0, 0, ''),
(@CGUID+95, 0, 0, 0, 0, 0, 0, 0, 0, 425, 0, 0, 0, 0, ''),
(@CGUID+96, 0, 0, 0, 1, 0, 0, 0, 0, 0, 0, 0, 0, 0, ''),
(@CGUID+97, 0, 0, 0, 0, 0, 0, 1, 1, 0, 0, 0, 0, 0, ''),
(@CGUID+98, 0, 0, 0, 0, 0, 0, 0, 0, 0, 0, 0, 0, 0, ''),
(@CGUID+99, 0, 0, 0, 0, 0, 0, 0, 0, 0, 0, 0, 0, 0, ''),
(@CGUID+100, 0, 0, 0, 1, 0, 0, 0, 0, 0, 0, 0, 0, 0, ''),
(@CGUID+101, 0, 0, 0, 1, 0, 0, 0, 0, 0, 0, 0, 0, 0, ''),
(@CGUID+102, 0, 0, 0, 0, 0, 0, 0, 0, 0, 0, 0, 0, 0, ''),
(@CGUID+103, 0, 0, 0, 1, 0, 0, 0, 0, 0, 0, 0, 0, 0, ''),
(@CGUID+104, 0, 0, 0, 0, 0, 0, 0, 0, 0, 0, 0, 0, 0, ''),
(@CGUID+105, 0, 0, 0, 0, 0, 0, 0, 0, 0, 0, 0, 0, 0, ''),
(@CGUID+106, 0, 0, 0, 0, 0, 0, 1, 0, 0, 0, 0, 0, 0, ''),
(@CGUID+107, 0, 0, 0, 0, 0, 0, 0, 0, 0, 0, 0, 0, 0, ''),
(@CGUID+108, 0, 0, 0, 0, 0, 0, 0, 0, 0, 0, 0, 0, 0, ''),
(@CGUID+109, 0, 0, 0, 0, 0, 0, 0, 0, 0, 0, 0, 0, 0, ''),
(@CGUID+110, 0, 0, 0, 0, 0, 0, 0, 0, 569, 0, 0, 0, 0, ''),
(@CGUID+111, 0, 0, 0, 0, 3, 0, 1, 0, 0, 0, 0, 0, 0, ''),
(@CGUID+112, 0, 0, 0, 0, 0, 4, 1, 0, 0, 0, 0, 0, 0, ''),
(@CGUID+113, 0, 0, 0, 0, 0, 0, 0, 0, 0, 0, 0, 0, 0, ''),
(@CGUID+114, 0, 0, 0, 0, 3, 0, 1, 0, 0, 0, 0, 0, 0, ''),
(@CGUID+115, 0, 0, 0, 0, 3, 0, 1, 0, 0, 0, 0, 0, 0, ''),
(@CGUID+116, 0, 0, 0, 0, 3, 0, 1, 0, 0, 0, 0, 0, 0, ''),
(@CGUID+117, 0, 0, 0, 0, 3, 0, 1, 0, 0, 0, 0, 0, 0, ''),
(@CGUID+118, 0, 0, 0, 0, 3, 0, 1, 0, 0, 0, 0, 0, 0, ''),
(@CGUID+119, 0, 0, 0, 0, 0, 0, 1, 0, 0, 0, 0, 0, 0, ''),
(@CGUID+120, 0, 0, 0, 0, 0, 0, 1, 0, 0, 0, 0, 0, 0, ''),
(@CGUID+121, 0, 0, 0, 0, 0, 0, 1, 0, 0, 0, 0, 0, 0, ''),
(@CGUID+122, 0, 0, 0, 0, 0, 0, 1, 0, 0, 0, 0, 0, 0, ''),
(@CGUID+123, 0, 0, 0, 0, 0, 0, 1, 0, 0, 0, 0, 0, 0, ''),
(@CGUID+124, 0, 0, 0, 0, 3, 0, 1, 0, 0, 0, 0, 0, 0, ''),
(@CGUID+125, 0, 0, 0, 0, 0, 0, 1, 0, 0, 0, 0, 0, 0, ''),
(@CGUID+126, 0, 0, 0, 0, 3, 0, 1, 0, 0, 0, 0, 0, 0, ''),
(@CGUID+127, 0, 0, 0, 0, 3, 0, 1, 0, 0, 0, 0, 0, 0, ''),
(@CGUID+128, 0, 0, 0, 0, 3, 0, 1, 0, 0, 0, 0, 0, 0, ''),
(@CGUID+129, 0, 0, 0, 0, 0, 0, 1, 0, 0, 0, 0, 0, 0, ''),
(@CGUID+130, 0, 0, 0, 0, 0, 0, 1, 0, 0, 0, 0, 0, 0, ''),
(@CGUID+131, 0, 0, 0, 0, 0, 0, 1, 0, 0, 0, 0, 0, 0, ''),
(@CGUID+132, 0, 0, 0, 0, 3, 0, 1, 0, 0, 0, 0, 0, 0, ''),
(@CGUID+133, 0, 0, 0, 0, 0, 0, 1, 0, 0, 0, 0, 0, 0, ''),
(@CGUID+134, 0, 0, 0, 0, 0, 0, 1, 0, 0, 0, 0, 0, 0, ''),
(@CGUID+135, 0, 0, 0, 0, 0, 0, 0, 0, 0, 0, 0, 0, 0, ''),
(@CGUID+136, 0, 0, 0, 0, 0, 0, 0, 0, 0, 0, 0, 0, 0, ''),
(@CGUID+137, 0, 0, 0, 0, 3, 0, 1, 0, 0, 0, 0, 0, 0, ''),
(@CGUID+138, 0, 0, 0, 0, 0, 0, 1, 0, 0, 0, 0, 0, 0, ''),
(@CGUID+139, 0, 0, 0, 0, 0, 0, 1, 0, 0, 0, 0, 0, 0, ''),
(@CGUID+140, 0, 0, 0, 0, 3, 0, 1, 0, 0, 0, 0, 0, 0, ''),
(@CGUID+141, 0, 0, 0, 0, 0, 0, 1, 0, 0, 0, 0, 0, 0, ''),
(@CGUID+142, 0, 0, 0, 0, 0, 0, 1, 0, 0, 0, 0, 0, 0, ''),
(@CGUID+143, 0, 0, 0, 0, 0, 0, 1, 0, 0, 0, 0, 0, 0, ''),
(@CGUID+144, 0, 0, 0, 0, 0, 0, 1, 0, 0, 0, 0, 0, 0, ''),
(@CGUID+145, 0, 0, 0, 0, 0, 0, 0, 0, 0, 0, 0, 0, 0, ''),
(@CGUID+146, 0, 0, 0, 0, 0, 0, 1, 1, 0, 0, 0, 0, 0, ''),
(@CGUID+147, 0, 0, 0, 0, 3, 0, 1, 0, 0, 0, 0, 0, 0, ''),
(@CGUID+148, 0, 0, 0, 0, 3, 0, 1, 0, 0, 0, 0, 0, 0, ''),
(@CGUID+149, 0, 0, 0, 0, 3, 0, 1, 0, 0, 0, 0, 0, 0, ''),
(@CGUID+150, 0, 0, 0, 0, 0, 0, 1, 0, 0, 0, 0, 0, 0, ''),
(@CGUID+151, 0, 0, 0, 0, 0, 0, 1, 0, 0, 0, 0, 0, 0, ''),
(@CGUID+152, 0, 0, 0, 0, 0, 0, 1, 0, 0, 0, 0, 0, 0, ''),
(@CGUID+153, 0, 0, 0, 0, 0, 0, 1, 0, 0, 0, 0, 0, 0, ''),
(@CGUID+154, 0, 0, 0, 0, 3, 0, 1, 0, 0, 0, 0, 0, 0, '391254'),
(@CGUID+155, 0, 0, 0, 0, 0, 0, 1, 0, 0, 0, 0, 0, 0, ''),
(@CGUID+156, 0, 0, 0, 0, 3, 0, 1, 0, 0, 0, 0, 0, 3, ''),
(@CGUID+157, 0, 0, 0, 0, 3, 0, 1, 0, 0, 0, 0, 0, 0, ''),
(@CGUID+158, 0, 0, 0, 0, 0, 0, 1, 0, 0, 0, 0, 0, 0, ''),
(@CGUID+159, 0, 0, 0, 0, 0, 0, 1, 0, 0, 0, 0, 0, 0, ''),
(@CGUID+160, 0, 0, 0, 0, 0, 0, 1, 0, 0, 0, 0, 0, 0, ''),
(@CGUID+161, 0, 0, 0, 0, 0, 0, 0, 0, 0, 0, 0, 0, 0, ''),
(@CGUID+162, 0, 0, 0, 0, 3, 0, 1, 0, 0, 0, 0, 0, 0, ''),
(@CGUID+163, 0, 0, 0, 0, 0, 0, 1, 0, 0, 0, 0, 0, 0, ''),
(@CGUID+164, 0, 0, 0, 0, 0, 0, 1, 0, 0, 0, 0, 0, 0, ''),
(@CGUID+165, 0, 0, 0, 0, 0, 0, 1, 0, 0, 0, 0, 0, 0, ''),
(@CGUID+166, 0, 0, 0, 0, 3, 0, 1, 0, 0, 0, 0, 0, 4, ''),
(@CGUID+167, 0, 0, 0, 0, 2, 0, 1, 0, 0, 0, 0, 0, 0, ''),
(@CGUID+168, 0, 0, 0, 0, 2, 0, 1, 0, 0, 0, 0, 0, 0, ''),
(@CGUID+169, 0, 0, 0, 0, 0, 0, 1, 0, 0, 0, 0, 0, 0, ''),
(@CGUID+170, 0, 0, 0, 0, 0, 0, 1, 0, 0, 0, 0, 0, 0, '');

-- creature template addon
DELETE FROM `creature_template_addon` WHERE `entry` IN(3300,61325,181016,186274,186312,186314,186317,186324,186326,186331,186429,186430,186447,186452,186454,186493,186752,186757,186763,186765,187187,187189,187466,187538,188444,188445,189093,189461,189507,190694,191048,191049,191553,191554,191624,191694,191696,191697,191809,191812,191816,191818,191823,192103,192165,192177,192186,192795,194836,195120,196109,196995,198197,198876,198879);
INSERT INTO `creature_template_addon` (`entry`, `PathId`, `mount`, `MountCreatureID`, `StandState`, `AnimTier`, `VisFlags`, `SheathState`, `PvPFlags`, `emote`, `aiAnimKit`, `movementAnimKit`, `meleeAnimKit`, `visibilityDistanceType`, `auras`) VALUES 
(3300, 0, 0, 0, 0, 0, 0, 1, 0, 0, 0, 0, 0, 0, ''),
(61325, 0, 0, 0, 0, 0, 0, 1, 0, 0, 0, 0, 0, 0, ''),
(181016, 0, 0, 0, 0, 0, 0, 1, 0, 0, 0, 0, 0, 0, ''),
(186274, 0, 0, 0, 0, 0, 0, 1, 0, 0, 0, 0, 0, 3, ''),
(186312, 0, 0, 0, 0, 0, 0, 0, 0, 0, 0, 0, 0, 0, ''),
(186314, 0, 0, 0, 0, 0, 0, 1, 0, 0, 0, 0, 0, 0, ''),
(186317, 0, 0, 0, 0, 0, 0, 1, 0, 0, 0, 0, 0, 0, ''),
(186324, 0, 0, 0, 0, 0, 0, 1, 0, 0, 0, 0, 0, 0, ''),
(186326, 0, 0, 0, 0, 0, 0, 0, 0, 0, 0, 0, 0, 0, ''),
(186331, 0, 0, 0, 0, 0, 0, 1, 0, 0, 0, 0, 0, 0, '389243'),
(186429, 0, 0, 0, 1, 0, 0, 1, 0, 0, 0, 0, 0, 0, ''),
(186430, 0, 0, 0, 0, 0, 0, 1, 0, 0, 0, 0, 0, 0, ''),
(186447, 0, 0, 0, 0, 0, 0, 1, 0, 0, 8480, 0, 0, 0, ''),
(186452, 0, 0, 0, 0, 0, 4, 1, 0, 0, 0, 0, 0, 0, ''),
(186454, 0, 0, 0, 0, 0, 0, 1, 1, 0, 0, 0, 0, 0, '244867'),
(186493, 0, 0, 0, 0, 0, 0, 0, 0, 0, 0, 0, 0, 0, ''),
(186752, 0, 0, 0, 0, 0, 0, 1, 1, 0, 0, 0, 0, 0, ''),
(186757, 0, 0, 0, 0, 0, 0, 0, 1, 0, 0, 0, 0, 0, ''),
(186763, 0, 0, 0, 0, 0, 0, 1, 0, 0, 0, 0, 0, 0, ''),
(186765, 0, 0, 0, 0, 0, 0, 1, 0, 0, 0, 0, 0, 0, ''),
(187187, 0, 0, 0, 0, 0, 0, 0, 0, 0, 0, 0, 0, 0, ''),
(187189, 0, 0, 0, 0, 0, 0, 0, 0, 0, 0, 0, 0, 0, ''),
(187466, 0, 0, 0, 0, 0, 0, 1, 0, 0, 0, 0, 0, 0, ''),
(187538, 0, 42295, 0, 0, 0, 0, 1, 0, 0, 0, 0, 0, 0, ''),
(188444, 0, 0, 0, 0, 0, 0, 0, 0, 0, 0, 0, 0, 0, '389243'),
(188445, 0, 0, 0, 0, 0, 0, 1, 0, 0, 0, 0, 0, 0, ''),
(189093, 0, 0, 0, 0, 0, 0, 1, 0, 0, 0, 0, 0, 0, ''),
(189461, 0, 0, 0, 0, 0, 0, 1, 0, 0, 0, 0, 0, 0, ''),
(189507, 0, 0, 0, 0, 0, 0, 1, 0, 0, 0, 0, 0, 0, ''),
(190694, 0, 0, 0, 0, 2, 0, 1, 0, 0, 0, 0, 0, 0, ''),
(191048, 0, 0, 0, 0, 0, 0, 1, 0, 0, 0, 0, 0, 0, ''),
(191049, 0, 0, 0, 0, 0, 0, 1, 0, 0, 0, 0, 0, 0, ''),
(191553, 0, 0, 0, 0, 0, 0, 1, 0, 0, 0, 0, 0, 0, ''),
(191554, 0, 0, 0, 0, 0, 0, 1, 0, 0, 0, 0, 0, 0, ''),
(191624, 0, 0, 0, 0, 0, 0, 1, 0, 0, 0, 0, 0, 0, ''),
(191694, 0, 0, 0, 0, 0, 0, 1, 0, 0, 0, 0, 0, 0, ''),
(191696, 0, 0, 0, 0, 0, 0, 1, 0, 0, 0, 0, 0, 0, ''),
(191697, 0, 0, 0, 0, 0, 0, 1, 0, 0, 0, 0, 0, 0, ''),
(191809, 0, 0, 0, 0, 3, 0, 1, 0, 0, 0, 0, 0, 0, ''),
(191812, 0, 0, 0, 0, 0, 0, 1, 0, 0, 0, 0, 0, 0, ''),
(191816, 0, 0, 0, 0, 3, 0, 1, 0, 0, 0, 0, 0, 0, ''),
(191818, 0, 0, 0, 0, 0, 0, 1, 0, 0, 0, 0, 0, 0, ''),
(191823, 0, 0, 0, 0, 0, 0, 1, 0, 0, 0, 0, 0, 0, ''),
(192103, 0, 0, 0, 0, 0, 0, 1, 0, 0, 0, 0, 0, 0, ''),
(192165, 0, 0, 0, 0, 0, 0, 1, 0, 0, 0, 0, 0, 0, '296922'),
(192177, 0, 0, 0, 1, 0, 0, 1, 0, 0, 0, 0, 0, 0, '294181'),
(192186, 0, 0, 0, 0, 3, 0, 1, 0, 0, 0, 0, 0, 0, ''),
(192795, 0, 0, 0, 0, 0, 0, 1, 0, 0, 0, 0, 0, 0, ''),
(194836, 0, 0, 0, 0, 0, 0, 1, 0, 0, 0, 0, 0, 0, ''),
(195120, 0, 0, 0, 0, 3, 0, 1, 0, 0, 0, 0, 0, 4, ''),
(196109, 0, 0, 0, 0, 3, 0, 1, 0, 0, 0, 0, 0, 3, ''),
(196995, 0, 0, 0, 0, 0, 0, 0, 0, 0, 0, 0, 0, 0, ''),
(198197, 0, 0, 0, 0, 3, 0, 1, 0, 0, 0, 0, 0, 3, ''),
(198876, 0, 0, 0, 0, 0, 0, 1, 1, 0, 0, 0, 0, 0, ''),
(198879, 0, 0, 0, 0, 0, 0, 1, 1, 0, 0, 0, 0, 0, '');

-- creature template
UPDATE `creature_template` SET `faction` = 3285, `npcflag` = 1, `unit_flags` = 832, `unit_flags2` = 2048, `unit_flags3` = 0, `VehicleId` = 0 WHERE `entry` = 186314;
UPDATE `creature_template` SET `faction` = 3285, `npcflag` = 69761, `unit_flags` = 768, `unit_flags2` = 2048, `unit_flags3` = 0, `VehicleId` = 0 WHERE `entry` = 186317;
UPDATE `creature_template` SET `faction` = 3285, `npcflag` = 0, `unit_flags` = 64, `unit_flags2` = 2048, `unit_flags3` = 0, `VehicleId` = 0 WHERE `entry` = 186324;
UPDATE `creature_template` SET `faction` = 3285, `npcflag` = 0, `unit_flags` = 64, `unit_flags2` = 2048, `unit_flags3` = 0, `VehicleId` = 0 WHERE `entry` = 186326;
UPDATE `creature_template` SET `faction` = 3285, `npcflag` = 3, `unit_flags` = 64, `unit_flags2` = 2048, `unit_flags3` = 0, `VehicleId` = 0 WHERE `entry` = 186331;
UPDATE `creature_template` SET `faction` = 3285, `npcflag` = 549755813888, `unit_flags` = 0, `unit_flags2` = 2048, `unit_flags3` = 0, `VehicleId` = 0 WHERE `entry` = 186429;
UPDATE `creature_template` SET `faction` = 3314, `npcflag` = 4224, `unit_flags` = 256, `unit_flags2` = 2048, `unit_flags3` = 0, `VehicleId` = 0 WHERE `entry` = 186430;
UPDATE `creature_template` SET `faction` = 3285, `npcflag` = 1, `unit_flags` = 768, `unit_flags2` = 2048, `unit_flags3` = 0, `VehicleId` = 0 WHERE `entry` = 186447;
UPDATE `creature_template` SET `faction` = 3314, `npcflag` = 0, `unit_flags` = 768, `unit_flags2` = 2048, `unit_flags3` = 1, `VehicleId` = 0 WHERE `entry` = 186452;
UPDATE `creature_template` SET `faction` = 35, `npcflag` = 129, `unit_flags` = 0, `unit_flags2` = 2048, `unit_flags3` = 0, `VehicleId` = 0 WHERE `entry` = 186454;
UPDATE `creature_template` SET `faction` = 3277, `npcflag` = 3, `unit_flags` = 832, `unit_flags2` = 2048, `unit_flags3` = 0, `VehicleId` = 0 WHERE `entry` = 186493;
UPDATE `creature_template` SET `faction` = 35, `npcflag` = 128, `unit_flags` = 0, `unit_flags2` = 2048, `unit_flags3` = 0, `VehicleId` = 0 WHERE `entry` = 186752;
UPDATE `creature_template` SET `faction` = 35, `npcflag` = 1, `unit_flags` = 0, `unit_flags2` = 2048, `unit_flags3` = 0, `VehicleId` = 0 WHERE `entry` = 186757;
UPDATE `creature_template` SET `faction` = 3285, `npcflag` = 0, `unit_flags` = 768, `unit_flags2` = 2048, `unit_flags3` = 0, `VehicleId` = 0 WHERE `entry` = 186763;
UPDATE `creature_template` SET `faction` = 3285, `npcflag` = 0, `unit_flags` = 0, `unit_flags2` = 2048, `unit_flags3` = 0, `VehicleId` = 0 WHERE `entry` = 186765;
UPDATE `creature_template` SET `faction` = 3314, `npcflag` = 1, `unit_flags` = 64, `unit_flags2` = 2048, `unit_flags3` = 0, `VehicleId` = 0 WHERE `entry` = 187187;
UPDATE `creature_template` SET `faction` = 3314, `npcflag` = 1, `unit_flags` = 512, `unit_flags2` = 2048, `unit_flags3` = 0, `VehicleId` = 0 WHERE `entry` = 187189;
UPDATE `creature_template` SET `faction` = 3285, `npcflag` = 1, `unit_flags` = 768, `unit_flags2` = 2048, `unit_flags3` = 0, `VehicleId` = 0 WHERE `entry` = 187466;
UPDATE `creature_template` SET `faction` = 3285, `npcflag` = 2, `unit_flags` = 832, `unit_flags2` = 2048, `unit_flags3` = 0, `VehicleId` = 0 WHERE `entry` = 187538;
UPDATE `creature_template` SET `faction` = 3285, `npcflag` = 8193, `unit_flags` = 64, `unit_flags2` = 2048, `unit_flags3` = 0, `VehicleId` = 0 WHERE `entry` = 188444;
UPDATE `creature_template` SET `faction` = 3285, `npcflag` = 4194433, `unit_flags` = 0, `unit_flags2` = 2048, `unit_flags3` = 0, `VehicleId` = 0 WHERE `entry` = 188445;
UPDATE `creature_template` SET `faction` = 188, `npcflag` = 1073741824, `unit_flags` = 512, `unit_flags2` = 2048, `unit_flags3` = 0, `VehicleId` = 0 WHERE `entry` = 189093;
UPDATE `creature_template` SET `faction` = 3314, `npcflag` = 0, `unit_flags` = 0, `unit_flags2` = 2048, `unit_flags3` = 0, `VehicleId` = 0 WHERE `entry` = 189461;
UPDATE `creature_template` SET `faction` = 3285, `npcflag` = 1, `unit_flags` = 64, `unit_flags2` = 2048, `unit_flags3` = 0, `VehicleId` = 0 WHERE `entry` = 189507;
UPDATE `creature_template` SET `faction` = 16, `npcflag` = 0, `unit_flags` = 0, `unit_flags2` = 2048, `unit_flags3` = 0, `VehicleId` = 0 WHERE `entry` = 190694;
UPDATE `creature_template` SET `faction` = 16, `npcflag` = 0, `unit_flags` = 0, `unit_flags2` = 2048, `unit_flags3` = 0, `VehicleId` = 0 WHERE `entry` = 191048;
UPDATE `creature_template` SET `faction` = 16, `npcflag` = 0, `unit_flags` = 0, `unit_flags2` = 2048, `unit_flags3` = 0, `VehicleId` = 0 WHERE `entry` = 191049;
UPDATE `creature_template` SET `faction` = 2575, `npcflag` = 0, `unit_flags` = 0, `unit_flags2` = 2048, `unit_flags3` = 67108864, `VehicleId` = 0 WHERE `entry` = 191553;
UPDATE `creature_template` SET `faction` = 188, `npcflag` = 0, `unit_flags` = 0, `unit_flags2` = 2048, `unit_flags3` = 67108864, `VehicleId` = 0 WHERE `entry` = 191554;
UPDATE `creature_template` SET `faction` = 190, `npcflag` = 0, `unit_flags` = 0, `unit_flags2` = 2048, `unit_flags3` = 67108864, `VehicleId` = 0 WHERE `entry` = 191624;
UPDATE `creature_template` SET `faction` = 190, `npcflag` = 0, `unit_flags` = 0, `unit_flags2` = 2048, `unit_flags3` = 67108864, `VehicleId` = 0 WHERE `entry` = 191694;
UPDATE `creature_template` SET `faction` = 16, `npcflag` = 0, `unit_flags` = 64, `unit_flags2` = 2048, `unit_flags3` = 67108864, `VehicleId` = 0 WHERE `entry` = 191696;
UPDATE `creature_template` SET `faction` = 16, `npcflag` = 0, `unit_flags` = 64, `unit_flags2` = 2048, `unit_flags3` = 67108864, `VehicleId` = 0 WHERE `entry` = 191697;
UPDATE `creature_template` SET `faction` = 188, `npcflag` = 0, `unit_flags` = 0, `unit_flags2` = 2048, `unit_flags3` = 0, `VehicleId` = 0 WHERE `entry` = 191809;
UPDATE `creature_template` SET `faction` = 188, `npcflag` = 0, `unit_flags` = 0, `unit_flags2` = 2048, `unit_flags3` = 0, `VehicleId` = 0 WHERE `entry` = 191812;
UPDATE `creature_template` SET `faction` = 3288, `npcflag` = 0, `unit_flags` = 64, `unit_flags2` = 2048, `unit_flags3` = 0, `VehicleId` = 7821 WHERE `entry` = 191816;
UPDATE `creature_template` SET `faction` = 190, `npcflag` = 0, `unit_flags` = 0, `unit_flags2` = 2048, `unit_flags3` = 0, `VehicleId` = 0 WHERE `entry` = 191818;
UPDATE `creature_template` SET `faction` = 16, `npcflag` = 0, `unit_flags` = 0, `unit_flags2` = 2048, `unit_flags3` = 0, `VehicleId` = 0 WHERE `entry` = 191823;
UPDATE `creature_template` SET `faction` = 188, `npcflag` = 0, `unit_flags` = 512, `unit_flags2` = 2048, `unit_flags3` = 0, `VehicleId` = 0 WHERE `entry` = 192103;
UPDATE `creature_template` SET `faction` = 35, `npcflag` = 82, `unit_flags` = 768, `unit_flags2` = 18432, `unit_flags3` = 1073741824, `VehicleId` = 0 WHERE `entry` = 192165;
UPDATE `creature_template` SET `faction` = 35, `npcflag` = 128, `unit_flags` = 768, `unit_flags2` = 2048, `unit_flags3` = 0, `VehicleId` = 0 WHERE `entry` = 192177;
UPDATE `creature_template` SET `faction` = 190, `npcflag` = 0, `unit_flags` = 0, `unit_flags2` = 2048, `unit_flags3` = 0, `VehicleId` = 0 WHERE `entry` = 192186;
UPDATE `creature_template` SET `faction` = 35, `npcflag` = 3, `unit_flags` = 832, `unit_flags2` = 2048, `unit_flags3` = 0, `VehicleId` = 0 WHERE `entry` = 192795;
UPDATE `creature_template` SET `faction` = 35, `npcflag` = 1, `unit_flags` = 256, `unit_flags2` = 2048, `unit_flags3` = 0, `VehicleId` = 0 WHERE `entry` = 194836;
UPDATE `creature_template` SET `faction` = 3276, `npcflag` = 0, `unit_flags` = 768, `unit_flags2` = 2048, `unit_flags3` = 0, `VehicleId` = 0 WHERE `entry` = 195120;
UPDATE `creature_template` SET `faction` = 16, `npcflag` = 0, `unit_flags` = 64, `unit_flags2` = 2048, `unit_flags3` = 0, `VehicleId` = 0 WHERE `entry` = 196109;
UPDATE `creature_template` SET `faction` = 3285, `npcflag` = 0, `unit_flags` = 0, `unit_flags2` = 2048, `unit_flags3` = 0, `VehicleId` = 0 WHERE `entry` = 196995;
UPDATE `creature_template` SET `faction` = 16, `npcflag` = 0, `unit_flags` = 64, `unit_flags2` = 2048, `unit_flags3` = 0, `VehicleId` = 0 WHERE `entry` = 198197;
UPDATE `creature_template` SET `faction` = 3277, `npcflag` = 0, `unit_flags` = 0, `unit_flags2` = 2048, `unit_flags3` = 8388608, `VehicleId` = 0 WHERE `entry` = 198876;
UPDATE `creature_template` SET `faction` = 3324, `npcflag` = 0, `unit_flags` = 0, `unit_flags2` = 2048, `unit_flags3` = 8388608, `VehicleId` = 0 WHERE `entry` = 198879;

-- creature template difficulty
UPDATE `creature_template_difficulty` SET `ContentTuningID` = 81, `StaticFlags1` = 268435456, `StaticFlags2` = 0, `StaticFlags3` = 0 WHERE `Entry` = 3300;
UPDATE `creature_template_difficulty` SET `ContentTuningID` = 371, `StaticFlags1` = 268435456, `StaticFlags2` = 0, `StaticFlags3` = 0 WHERE `Entry` = 61325;
UPDATE `creature_template_difficulty` SET `ContentTuningID` = 2151, `StaticFlags1` = 268435456, `StaticFlags2` = 0, `StaticFlags3` = 0 WHERE `Entry` = 181016;
UPDATE `creature_template_difficulty` SET `ContentTuningID` = 2078, `StaticFlags1` = 268435456, `StaticFlags2` = 0, `StaticFlags3` = 0 WHERE `Entry` = 186274;
UPDATE `creature_template_difficulty` SET `ContentTuningID` = 2078, `StaticFlags1` = 0, `StaticFlags2` = 0, `StaticFlags3` = 0 WHERE `Entry` = 186312;
UPDATE `creature_template_difficulty` SET `ContentTuningID` = 2078, `StaticFlags1` = 0, `StaticFlags2` = 0, `StaticFlags3` = 0 WHERE `Entry` = 186314;
UPDATE `creature_template_difficulty` SET `ContentTuningID` = 2286, `StaticFlags1` = 0, `StaticFlags2` = 0, `StaticFlags3` = 0 WHERE `Entry` = 186317;
UPDATE `creature_template_difficulty` SET `ContentTuningID` = 2151, `StaticFlags1` = 268435456, `StaticFlags2` = 0, `StaticFlags3` = 0 WHERE `Entry` = 186324;
UPDATE `creature_template_difficulty` SET `ContentTuningID` = 2151, `StaticFlags1` = 268435456, `StaticFlags2` = 0, `StaticFlags3` = 0 WHERE `Entry` = 186326;
UPDATE `creature_template_difficulty` SET `ContentTuningID` = 2151, `StaticFlags1` = 268435456, `StaticFlags2` = 0, `StaticFlags3` = 0 WHERE `Entry` = 186331;
UPDATE `creature_template_difficulty` SET `ContentTuningID` = 2078, `StaticFlags1` = 268435456, `StaticFlags2` = 0, `StaticFlags3` = 0 WHERE `Entry` = 186429;
UPDATE `creature_template_difficulty` SET `ContentTuningID` = 2078, `StaticFlags1` = 268435456, `StaticFlags2` = 0, `StaticFlags3` = 0 WHERE `Entry` = 186430;
UPDATE `creature_template_difficulty` SET `ContentTuningID` = 633, `StaticFlags1` = 268435456, `StaticFlags2` = 0, `StaticFlags3` = 33554432 WHERE `Entry` = 186447;
UPDATE `creature_template_difficulty` SET `ContentTuningID` = 2151, `StaticFlags1` = 268435712, `StaticFlags2` = 0, `StaticFlags3` = 0 WHERE `Entry` = 186452;
UPDATE `creature_template_difficulty` SET `ContentTuningID` = 2078, `StaticFlags1` = 268435456, `StaticFlags2` = 0, `StaticFlags3` = 0 WHERE `Entry` = 186454;
UPDATE `creature_template_difficulty` SET `ContentTuningID` = 2151, `StaticFlags1` = 268435456, `StaticFlags2` = 0, `StaticFlags3` = 0 WHERE `Entry` = 186493;
UPDATE `creature_template_difficulty` SET `ContentTuningID` = 2078, `StaticFlags1` = 268435456, `StaticFlags2` = 0, `StaticFlags3` = 0 WHERE `Entry` = 186752;
UPDATE `creature_template_difficulty` SET `ContentTuningID` = 2078, `StaticFlags1` = 268435456, `StaticFlags2` = 0, `StaticFlags3` = 0 WHERE `Entry` = 186757;
UPDATE `creature_template_difficulty` SET `ContentTuningID` = 2151, `StaticFlags1` = 0, `StaticFlags2` = 0, `StaticFlags3` = 0 WHERE `Entry` = 186763;
UPDATE `creature_template_difficulty` SET `ContentTuningID` = 2151, `StaticFlags1` = 268435456, `StaticFlags2` = 0, `StaticFlags3` = 0 WHERE `Entry` = 186765;
UPDATE `creature_template_difficulty` SET `ContentTuningID` = 2151, `StaticFlags1` = 268435456, `StaticFlags2` = 0, `StaticFlags3` = 262144 WHERE `Entry` = 187187;
UPDATE `creature_template_difficulty` SET `ContentTuningID` = 2151, `StaticFlags1` = 268435456, `StaticFlags2` = 0, `StaticFlags3` = 262144 WHERE `Entry` = 187189;
UPDATE `creature_template_difficulty` SET `ContentTuningID` = 2151, `StaticFlags1` = 268435456, `StaticFlags2` = 0, `StaticFlags3` = 0 WHERE `Entry` = 187466;
UPDATE `creature_template_difficulty` SET `ContentTuningID` = 2291, `StaticFlags1` = 268435456, `StaticFlags2` = 0, `StaticFlags3` = 0 WHERE `Entry` = 187538;
UPDATE `creature_template_difficulty` SET `ContentTuningID` = 2151, `StaticFlags1` = 268435456, `StaticFlags2` = 0, `StaticFlags3` = 0 WHERE `Entry` = 188444;
UPDATE `creature_template_difficulty` SET `ContentTuningID` = 2151, `StaticFlags1` = 268435456, `StaticFlags2` = 0, `StaticFlags3` = 0 WHERE `Entry` = 188445;
UPDATE `creature_template_difficulty` SET `ContentTuningID` = 371, `StaticFlags1` = 268435456, `StaticFlags2` = 0, `StaticFlags3` = 0 WHERE `Entry` = 189093;
UPDATE `creature_template_difficulty` SET `ContentTuningID` = 2151, `StaticFlags1` = 268435456, `StaticFlags2` = 0, `StaticFlags3` = 0 WHERE `Entry` = 189461;
UPDATE `creature_template_difficulty` SET `ContentTuningID` = 2151, `StaticFlags1` = 268435456, `StaticFlags2` = 0, `StaticFlags3` = 0 WHERE `Entry` = 189507;
UPDATE `creature_template_difficulty` SET `ContentTuningID` = 2151, `StaticFlags1` = 268435456, `StaticFlags2` = 0, `StaticFlags3` = 0 WHERE `Entry` = 190694;
UPDATE `creature_template_difficulty` SET `ContentTuningID` = 2295, `StaticFlags1` = 268435456, `StaticFlags2` = 0, `StaticFlags3` = 0 WHERE `Entry` = 191048;
UPDATE `creature_template_difficulty` SET `ContentTuningID` = 2295, `StaticFlags1` = 268435456, `StaticFlags2` = 0, `StaticFlags3` = 0 WHERE `Entry` = 191049;
UPDATE `creature_template_difficulty` SET `ContentTuningID` = 2151, `StaticFlags1` = 268435456, `StaticFlags2` = 0, `StaticFlags3` = 0 WHERE `Entry` = 191553;
UPDATE `creature_template_difficulty` SET `ContentTuningID` = 2151, `StaticFlags1` = 268435456, `StaticFlags2` = 0, `StaticFlags3` = 0 WHERE `Entry` = 191554;
UPDATE `creature_template_difficulty` SET `ContentTuningID` = 2151, `StaticFlags1` = 268435456, `StaticFlags2` = 0, `StaticFlags3` = 0 WHERE `Entry` = 191624;
UPDATE `creature_template_difficulty` SET `ContentTuningID` = 2151, `StaticFlags1` = 268435456, `StaticFlags2` = 0, `StaticFlags3` = 0 WHERE `Entry` = 191694;
UPDATE `creature_template_difficulty` SET `ContentTuningID` = 2151, `StaticFlags1` = 268435456, `StaticFlags2` = 0, `StaticFlags3` = 0 WHERE `Entry` = 191696;
UPDATE `creature_template_difficulty` SET `ContentTuningID` = 2151, `StaticFlags1` = 268435456, `StaticFlags2` = 0, `StaticFlags3` = 0 WHERE `Entry` = 191697;
UPDATE `creature_template_difficulty` SET `ContentTuningID` = 81, `StaticFlags1` = 805306368, `StaticFlags2` = 0, `StaticFlags3` = 0 WHERE `Entry` = 191809;
UPDATE `creature_template_difficulty` SET `ContentTuningID` = 81, `StaticFlags1` = 268435456, `StaticFlags2` = 0, `StaticFlags3` = 0 WHERE `Entry` = 191812;
UPDATE `creature_template_difficulty` SET `ContentTuningID` = 2151, `StaticFlags1` = 536870912, `StaticFlags2` = 0, `StaticFlags3` = 0 WHERE `Entry` = 191816;
UPDATE `creature_template_difficulty` SET `ContentTuningID` = 81, `StaticFlags1` = 268435456, `StaticFlags2` = 0, `StaticFlags3` = 0 WHERE `Entry` = 191818;
UPDATE `creature_template_difficulty` SET `ContentTuningID` = 2151, `StaticFlags1` = 268435456, `StaticFlags2` = 0, `StaticFlags3` = 0 WHERE `Entry` = 191823;
UPDATE `creature_template_difficulty` SET `ContentTuningID` = 371, `StaticFlags1` = 268435456, `StaticFlags2` = 0, `StaticFlags3` = 0 WHERE `Entry` = 192103;
UPDATE `creature_template_difficulty` SET `ContentTuningID` = 2286, `StaticFlags1` = 805306624, `StaticFlags2` = 0, `StaticFlags3` = 0 WHERE `Entry` = 192165;
UPDATE `creature_template_difficulty` SET `ContentTuningID` = 2286, `StaticFlags1` = 268435456, `StaticFlags2` = 0, `StaticFlags3` = 0 WHERE `Entry` = 192177;
UPDATE `creature_template_difficulty` SET `ContentTuningID` = 2151, `StaticFlags1` = 805306368, `StaticFlags2` = 0, `StaticFlags3` = 0 WHERE `Entry` = 192186;
UPDATE `creature_template_difficulty` SET `ContentTuningID` = 2078, `StaticFlags1` = 0, `StaticFlags2` = 0, `StaticFlags3` = 0 WHERE `Entry` = 192795;
UPDATE `creature_template_difficulty` SET `ContentTuningID` = 2474, `StaticFlags1` = 268435456, `StaticFlags2` = 0, `StaticFlags3` = 0 WHERE `Entry` = 194836;
UPDATE `creature_template_difficulty` SET `ContentTuningID` = 2151, `StaticFlags1` = 805306368, `StaticFlags2` = 0, `StaticFlags3` = 0 WHERE `Entry` = 195120;
UPDATE `creature_template_difficulty` SET `ContentTuningID` = 2151, `StaticFlags1` = 805306368, `StaticFlags2` = 0, `StaticFlags3` = 0 WHERE `Entry` = 196109;
UPDATE `creature_template_difficulty` SET `ContentTuningID` = 2151, `StaticFlags1` = 268435456, `StaticFlags2` = 0, `StaticFlags3` = 0 WHERE `Entry` = 196995;
UPDATE `creature_template_difficulty` SET `ContentTuningID` = 2151, `StaticFlags1` = 805306368, `StaticFlags2` = 0, `StaticFlags3` = 0 WHERE `Entry` = 198197;
UPDATE `creature_template_difficulty` SET `ContentTuningID` = 883, `StaticFlags1` = 268435456, `StaticFlags2` = 0, `StaticFlags3` = 0 WHERE `Entry` = 198876;
UPDATE `creature_template_difficulty` SET `ContentTuningID` = 2456, `StaticFlags1` = 268435456, `StaticFlags2` = 0, `StaticFlags3` = 0 WHERE `Entry` = 198879;
