-- DB/WakingShores Map 2444 (Dragon Isles) Zone: 13644 (The Waking Shores) Area: 13733 (Wild Preserve)

SET @CGUID := 9014500;
SET @OGUID := 9014500;

-- creature
DELETE FROM `creature` WHERE `guid` BETWEEN @CGUID+1 AND @CGUID+307;
INSERT INTO `creature` (`guid`, `id`, `map`, `zoneId`, `areaId`, `spawnDifficulties`, `phaseUseFlags`, `PhaseId`, `PhaseGroup`, `terrainSwapMap`, `modelid`, `equipment_id`, `position_x`, `position_y`, `position_z`, `orientation`, `spawntimesecs`, `wander_distance`, `currentwaypoint`, `curHealthPct`, `MovementType`, `npcflag`, `unit_flags`, `unit_flags2`, `unit_flags3`, `ScriptName`, `StringId`, `VerifiedBuild`) VALUES 
(@CGUID+1, 191818, 2444, 13644, 13733, '0', 0, 0, 0, -1, 0, 0, 1018.11, 1169.68, 34.8543, 4.23914, 7200, 0, 0, 100, 0, NULL, NULL, NULL, NULL, '', NULL, 59466),
(@CGUID+2, 191818, 2444, 13644, 13733, '0', 0, 0, 0, -1, 0, 0, 1135.33, 1113.53, 58.3381, 0.366685, 7200, 0, 0, 100, 0, NULL, NULL, NULL, NULL, '', NULL, 59466),
(@CGUID+3, 193517, 2444, 13644, 13733, '0', 0, 0, 0, -1, 0, 0, 1035.75, 994.556, 112.257, 6.08998, 7200, 0, 0, 100, 0, NULL, NULL, NULL, NULL, '', NULL, 59466),
(@CGUID+4, 189307, 2444, 13644, 13733, '0', 0, 0, 0, -1, 0, 0, 1046.32, 1157.15, 38.8853, 5.50818, 7200, 0, 0, 100, 0, NULL, NULL, NULL, NULL, '', NULL, 59466),
(@CGUID+5, 194092, 2444, 13644, 13733, '0', 0, 0, 0, -1, 0, 0, 879.512, 1127.55, 102.81, 0.221371, 7200, 0, 0, 100, 0, NULL, NULL, NULL, NULL, '', NULL, 59466),
(@CGUID+6, 194092, 2444, 13644, 13733, '0', 0, 0, 0, -1, 0, 0, 885.443, 1129.59, 104.47, 3.31986, 7200, 0, 0, 100, 0, NULL, NULL, NULL, NULL, '', NULL, 59466),
(@CGUID+7, 193640, 2444, 13644, 13733, '0', 0, 0, 0, -1, 0, 0, 991.714, 1137.55, 102.392, 2.00351, 7200, 0, 0, 100, 0, NULL, NULL, NULL, NULL, '', NULL, 59466),
(@CGUID+8, 193623, 2444, 13644, 13733, '0', 0, 0, 0, -1, 0, 0, 1077.13, 1179.03, 26.2717, 1.87898, 7200, 0, 0, 100, 0, NULL, NULL, NULL, NULL, '', NULL, 59466),
(@CGUID+9, 191284, 2444, 13644, 13733, '0', 0, 0, 0, -1, 0, 0, 1049.19, 1171.27, 30.5167, 4.71579, 7200, 0, 0, 100, 0, NULL, NULL, NULL, NULL, '', NULL, 59466),
(@CGUID+10, 193623, 2444, 13644, 13733, '0', 0, 0, 0, -1, 0, 0, 942.681, 1089.5, 28.0066, 5.19611, 7200, 0, 0, 100, 0, NULL, NULL, NULL, NULL, '', NULL, 59466),
(@CGUID+11, 194444, 2444, 13644, 13733, '0', 0, 0, 0, -1, 0, 0, 997.517, 1258.2, 25.9408, 2.42472, 7200, 0, 0, 100, 0, NULL, NULL, NULL, NULL, '', NULL, 59466),
(@CGUID+12, 194444, 2444, 13644, 13733, '0', 0, 0, 0, -1, 0, 0, 997.928, 1261.12, 26.0643, 4.49945, 7200, 0, 0, 100, 0, NULL, NULL, NULL, NULL, '', NULL, 59466),
(@CGUID+13, 196385, 2444, 13644, 13733, '0', 0, 0, 0, -1, 0, 0, 956.799, 1178.25, 214.16, 1.21219, 7200, 0, 0, 100, 0, NULL, NULL, NULL, NULL, '', NULL, 59466),
(@CGUID+14, 193623, 2444, 13644, 13733, '0', 0, 0, 0, -1, 0, 0, 1013.16, 1212.43, 26.254, 0.866934, 7200, 0, 0, 100, 0, NULL, NULL, NULL, NULL, '', NULL, 59466),
(@CGUID+15, 193623, 2444, 13644, 13733, '0', 0, 0, 0, -1, 0, 0, 1044.88, 1207.74, 26.2931, 2.84956, 7200, 0, 0, 100, 0, NULL, NULL, NULL, NULL, '', NULL, 59466),
(@CGUID+16, 189307, 2444, 13644, 13733, '0', 0, 0, 0, -1, 0, 0, 1066.39, 1197.17, 35.7721, 0.318053, 7200, 0, 0, 100, 0, NULL, NULL, NULL, NULL, '', NULL, 59466),
(@CGUID+17, 189307, 2444, 13644, 13733, '0', 0, 0, 0, -1, 0, 0, 1131.11, 1187.18, 38.4411, 4.99845, 7200, 0, 0, 100, 0, NULL, NULL, NULL, NULL, '', NULL, 59466),
(@CGUID+18, 189307, 2444, 13644, 13733, '0', 0, 0, 0, -1, 0, 0, 1035.91, 1221.53, 35.734, 3.56498, 7200, 0, 0, 100, 0, NULL, NULL, NULL, NULL, '', NULL, 59466),
(@CGUID+19, 189307, 2444, 13644, 13733, '0', 0, 0, 0, -1, 0, 0, 1145.77, 1171.58, 39.6834, 1.65028, 7200, 0, 0, 100, 0, NULL, NULL, NULL, NULL, '', NULL, 59466),
(@CGUID+20, 191687, 2444, 13644, 13733, '0', 0, 0, 0, -1, 0, 0, 880.163, 1210.14, 24.1332, 0.479237, 7200, 0, 0, 100, 0, NULL, NULL, NULL, NULL, '', NULL, 59466),
(@CGUID+21, 194087, 2444, 13644, 13733, '0', 0, 0, 0, -1, 0, 0, 1218.73, 1193.92, 63.4142, 3.84647, 7200, 0, 0, 100, 0, NULL, NULL, NULL, NULL, '', NULL, 59466),
(@CGUID+22, 193793, 2444, 13644, 13733, '0', 0, 0, 0, -1, 0, 0, 967.295, 1190.32, 38.2171, 0, 7200, 0, 0, 100, 0, NULL, NULL, NULL, NULL, '', NULL, 59466),
(@CGUID+23, 189307, 2444, 13644, 13733, '0', 0, 0, 0, -1, 0, 0, 1044.57, 1195.98, 38.8853, 1.93926, 7200, 0, 0, 100, 0, NULL, NULL, NULL, NULL, '', NULL, 59466),
(@CGUID+24, 191180, 2444, 13644, 13733, '0', 0, 0, 0, -1, 0, 0, 1192.53, 1278.2, 89.707, 3.25402, 7200, 0, 0, 100, 0, NULL, NULL, NULL, NULL, '', NULL, 59466),
(@CGUID+25, 189307, 2444, 13644, 13733, '0', 0, 0, 0, -1, 0, 0, 1100.4, 1196.29, 37.5113, 3.99248, 7200, 0, 0, 100, 0, NULL, NULL, NULL, NULL, '', NULL, 59466),
(@CGUID+26, 193623, 2444, 13644, 13733, '0', 0, 0, 0, -1, 0, 0, 1107.22, 1199.37, 26.4774, 5.76125, 7200, 0, 0, 100, 0, NULL, NULL, NULL, NULL, '', NULL, 59466),
(@CGUID+27, 189307, 2444, 13644, 13733, '0', 0, 0, 0, -1, 0, 0, 1028.64, 1213.9, 38.7852, 1.96003, 7200, 0, 0, 100, 0, NULL, NULL, NULL, NULL, '', NULL, 59466),
(@CGUID+28, 194444, 2444, 13644, 13733, '0', 0, 0, 0, -1, 0, 0, 997.829, 1275.29, 26.4848, 4.6744, 7200, 0, 0, 100, 0, NULL, NULL, NULL, NULL, '', NULL, 59466),
(@CGUID+29, 194075, 2444, 13644, 13733, '0', 0, 0, 0, -1, 0, 0, 896.647, 1238.33, 24.2532, 0.313333, 7200, 10, 0, 100, 1, NULL, NULL, NULL, NULL, '', NULL, 59466),
(@CGUID+30, 188754, 2444, 13644, 13733, '0', 0, 0, 0, -1, 0, 0, 1058.74, 1263.04, 38.5479, 2.43222, 7200, 10, 0, 100, 1, NULL, NULL, NULL, NULL, '', NULL, 59466),
(@CGUID+31, 189307, 2444, 13644, 13733, '0', 0, 0, 0, -1, 0, 0, 978.159, 1238.23, 40.0335, 3.64557, 7200, 0, 0, 100, 0, NULL, NULL, NULL, NULL, '', NULL, 59466),
(@CGUID+32, 189307, 2444, 13644, 13733, '0', 0, 0, 0, -1, 0, 0, 1000.68, 1258.79, 26.0627, 4.02597, 7200, 0, 0, 100, 0, NULL, NULL, NULL, NULL, '', NULL, 59466),
(@CGUID+33, 191818, 2444, 13644, 13733, '0', 0, 0, 0, -1, 0, 0, 1119.55, 1247.8, 29.9979, 3.63276, 7200, 0, 0, 100, 0, NULL, NULL, NULL, NULL, '', NULL, 59466),
(@CGUID+34, 189307, 2444, 13644, 13733, '0', 0, 0, 0, -1, 0, 0, 1006.68, 1238.17, 38.6885, 0.887177, 7200, 0, 0, 100, 0, NULL, NULL, NULL, NULL, '', NULL, 59466),
(@CGUID+35, 193623, 2444, 13644, 13733, '0', 0, 0, 0, -1, 0, 0, 1010.87, 1244.54, 26.959, 0.974395, 7200, 0, 0, 100, 0, NULL, NULL, NULL, NULL, '', NULL, 59466),
(@CGUID+36, 191818, 2444, 13644, 13733, '0', 0, 0, 0, -1, 0, 0, 1041.03, 1279.1, 42.4166, 2.13249, 7200, 0, 0, 100, 0, NULL, NULL, NULL, NULL, '', NULL, 59466),
(@CGUID+37, 189307, 2444, 13644, 13733, '0', 0, 0, 0, -1, 0, 0, 991.187, 1238.03, 38.7464, 1.60905, 7200, 0, 0, 100, 0, NULL, NULL, NULL, NULL, '', NULL, 59466),
(@CGUID+38, 193623, 2444, 13644, 13733, '0', 0, 0, 0, -1, 0, 0, 1152.06, 1187.29, 26.3363, 1.86833, 7200, 0, 0, 100, 0, NULL, NULL, NULL, NULL, '', NULL, 59466),
(@CGUID+39, 193623, 2444, 13644, 13733, '0', 0, 0, 0, -1, 0, 0, 965.585, 1238.11, 26.1447, 2.42671, 7200, 0, 0, 100, 0, NULL, NULL, NULL, NULL, '', NULL, 59466),
(@CGUID+40, 191413, 2444, 13644, 13733, '0', 0, 0, 0, -1, 0, 0, 1201.52, 1287.88, 90.0724, 1.85716, 7200, 0, 0, 100, 0, NULL, NULL, NULL, NULL, '', NULL, 59466),
(@CGUID+41, 189307, 2444, 13644, 13733, '0', 0, 0, 0, -1, 0, 0, 967.313, 1229.38, 40.0335, 6.00888, 7200, 0, 0, 100, 0, NULL, NULL, NULL, NULL, '', NULL, 59466),
(@CGUID+42, 191818, 2444, 13644, 13733, '0', 0, 0, 0, -1, 0, 0, 929.294, 1198.56, 34.0787, 4.82391, 7200, 0, 0, 100, 0, NULL, NULL, NULL, NULL, '', NULL, 59466),
(@CGUID+43, 193623, 2444, 13644, 13733, '0', 0, 0, 0, -1, 0, 0, 952.617, 1256.13, 27.1869, 4.22123, 7200, 0, 0, 100, 0, NULL, NULL, NULL, NULL, '', NULL, 59466),
(@CGUID+44, 189307, 2444, 13644, 13733, '0', 0, 0, 0, -1, 0, 0, 982.179, 1285.65, 38.7464, 4.9691, 7200, 0, 0, 100, 0, NULL, NULL, NULL, NULL, '', NULL, 59466),
(@CGUID+45, 191704, 2444, 13644, 13733, '0', 0, 0, 0, -1, 0, 0, 1138.19, 1463.98, 168.417, 5.86212, 7200, 10, 0, 100, 1, NULL, NULL, NULL, NULL, '', NULL, 59466),
(@CGUID+46, 189307, 2444, 13644, 13733, '0', 0, 0, 0, -1, 0, 0, 939.761, 1239.98, 41.9652, 2.26116, 7200, 0, 0, 100, 0, NULL, NULL, NULL, NULL, '', NULL, 59466),
(@CGUID+47, 193623, 2444, 13644, 13733, '0', 0, 0, 0, -1, 0, 0, 932.586, 1229.73, 25.377, 1.50533, 7200, 0, 0, 100, 0, NULL, NULL, NULL, NULL, '', NULL, 59466),
(@CGUID+48, 191684, 2444, 13644, 13733, '0', 0, 0, 0, -1, 0, 0, 922.865, 1245.82, 26.4423, 4.19013, 7200, 0, 0, 100, 0, NULL, NULL, NULL, NULL, '', NULL, 59466),
(@CGUID+49, 191818, 2444, 13644, 13733, '0', 0, 0, 0, -1, 0, 0, 926.707, 1272.83, 35.9226, 0.817868, 7200, 0, 0, 100, 0, NULL, NULL, NULL, NULL, '', NULL, 59466),
(@CGUID+50, 191684, 2444, 13644, 13733, '0', 0, 0, 0, -1, 0, 0, 914.698, 1248.31, 26.4536, 4.22359, 7200, 0, 0, 100, 0, NULL, NULL, NULL, NULL, '', NULL, 59466),
(@CGUID+51, 196381, 2444, 13644, 13733, '0', 0, 0, 0, -1, 0, 0, 799.74, 1184.58, 122.391, 1.00376, 7200, 0, 0, 100, 0, NULL, NULL, NULL, NULL, '', NULL, 59466),
(@CGUID+52, 191818, 2444, 13644, 13733, '0', 0, 0, 0, -1, 0, 0, 948.281, 1320.93, 36.4477, 3.86345, 7200, 10, 0, 100, 1, NULL, NULL, NULL, NULL, '', NULL, 59466),
(@CGUID+53, 189307, 2444, 13644, 13733, '0', 0, 0, 0, -1, 0, 0, 906.313, 1205.82, 43.9188, 3.88491, 7200, 0, 0, 100, 0, NULL, NULL, NULL, NULL, '', NULL, 59466),
(@CGUID+54, 189104, 2444, 13644, 13733, '0', 0, 0, 0, -1, 0, 0, 979.008, 1331, 26.0654, 5.92431, 7200, 10, 0, 100, 1, NULL, NULL, NULL, NULL, '', NULL, 59466),
(@CGUID+55, 193623, 2444, 13644, 13733, '0', 0, 0, 0, -1, 0, 0, 991.598, 1315.56, 27.6858, 1.42973, 7200, 10, 0, 100, 1, NULL, NULL, NULL, NULL, '', NULL, 59466),
(@CGUID+56, 196379, 2444, 13644, 13733, '0', 0, 0, 0, -1, 0, 0, 1089.16, 1393.3, 108.408, 1.16766, 7200, 0, 0, 100, 0, NULL, NULL, NULL, NULL, '', NULL, 59466),
(@CGUID+57, 189307, 2444, 13644, 13733, '0', 0, 0, 0, -1, 0, 0, 944.814, 1358.13, 36.9859, 1.67986, 7200, 10, 0, 100, 1, NULL, NULL, NULL, NULL, '', NULL, 59466),
(@CGUID+58, 189307, 2444, 13644, 13733, '0', 0, 0, 0, -1, 0, 0, 963.355, 1393.4, 40.3714, 4.69425, 7200, 10, 0, 100, 1, NULL, NULL, NULL, NULL, '', NULL, 59466),
(@CGUID+59, 189486, 2444, 13644, 13733, '0', 0, 0, 0, -1, 0, 0, 845.318, 1440.69, 46.1118, 5.85493, 7200, 0, 0, 100, 0, NULL, NULL, NULL, NULL, '', NULL, 59466),
(@CGUID+60, 191818, 2444, 13644, 13733, '0', 0, 0, 0, -1, 0, 0, 1015.37, 1392.01, 34.1762, 1.03309, 7200, 10, 0, 100, 1, NULL, NULL, NULL, NULL, '', NULL, 59466),
(@CGUID+61, 189307, 2444, 13644, 13733, '0', 0, 0, 0, -1, 0, 0, 945.674, 1408.25, 37.9908, 2.05597, 7200, 10, 0, 100, 1, NULL, NULL, NULL, NULL, '', NULL, 59466),
(@CGUID+62, 191818, 2444, 13644, 13733, '0', 0, 0, 0, -1, 0, 0, 898.203, 1379.4, 35.7434, 3.26708, 7200, 10, 0, 100, 1, NULL, NULL, NULL, NULL, '', NULL, 59466),
(@CGUID+63, 193623, 2444, 13644, 13733, '0', 0, 0, 0, -1, 0, 0, 916.522, 1383.08, 27.9329, 4.65229, 7200, 10, 0, 100, 1, NULL, NULL, NULL, NULL, '', NULL, 59466),
(@CGUID+64, 193623, 2444, 13644, 13733, '0', 0, 0, 0, -1, 0, 0, 979.166, 1383.33, 26.0147, 2.10561, 7200, 10, 0, 100, 1, NULL, NULL, NULL, NULL, '', NULL, 59466),
(@CGUID+65, 189307, 2444, 13644, 13733, '0', 0, 0, 0, -1, 0, 0, 923.341, 1389.1, 38.1547, 4.45244, 7200, 10, 0, 100, 1, NULL, NULL, NULL, NULL, '', NULL, 59466),
(@CGUID+66, 193807, 2444, 13644, 13733, '0', 0, 0, 0, -1, 0, 0, 836.411, 1414.17, 41.4566, 1.46743, 7200, 0, 0, 100, 0, NULL, NULL, NULL, NULL, '', NULL, 59466),
(@CGUID+67, 193623, 2444, 13644, 13733, '0', 0, 0, 0, -1, 0, 0, 995.497, 1440.33, 27.3048, 6.11932, 7200, 10, 0, 100, 1, NULL, NULL, NULL, NULL, '', NULL, 59466),
(@CGUID+68, 193795, 2444, 13644, 13733, '0', 0, 0, 0, -1, 0, 0, 847.78, 1396.11, 42.878, 4.3701, 7200, 0, 0, 100, 0, NULL, NULL, NULL, NULL, '', NULL, 59466),
(@CGUID+69, 189486, 2444, 13644, 13733, '0', 0, 0, 0, -1, 0, 0, 811.573, 1448.04, 46.082, 4.0582, 7200, 0, 0, 100, 0, NULL, NULL, NULL, NULL, '', NULL, 59466),
(@CGUID+70, 189307, 2444, 13644, 13733, '0', 0, 0, 0, -1, 0, 0, 896.633, 1416.25, 37.7309, 5.01305, 7200, 10, 0, 100, 1, NULL, NULL, NULL, NULL, '', NULL, 59466),
(@CGUID+71, 188722, 2444, 13644, 13733, '0', 0, 0, 0, -1, 0, 0, 1053.57, 1490.22, 41.5875, 2.97786, 7200, 10, 0, 100, 1, NULL, NULL, NULL, NULL, '', NULL, 59466),
(@CGUID+72, 189307, 2444, 13644, 13733, '0', 0, 0, 0, -1, 0, 0, 895.753, 1431.42, 34.9802, 4.33274, 7200, 10, 0, 100, 1, NULL, NULL, NULL, NULL, '', NULL, 59466),
(@CGUID+73, 191705, 2444, 13644, 13733, '0', 0, 0, 0, -1, 0, 0, 715.178, 1450.59, 182.866, 0.639851, 7200, 0, 0, 100, 0, NULL, NULL, NULL, NULL, '', NULL, 59466),
(@CGUID+74, 194145, 2444, 13644, 13733, '0', 0, 0, 0, -1, 0, 0, 1089.9, 1474.01, 26.7106, 1.16051, 7200, 0, 0, 100, 0, NULL, NULL, NULL, NULL, '', NULL, 59466),
(@CGUID+75, 189307, 2444, 13644, 13733, '0', 0, 0, 0, -1, 0, 0, 881.035, 1418.64, 35.5638, 5.09745, 7200, 10, 0, 100, 1, NULL, NULL, NULL, NULL, '', NULL, 59466),
(@CGUID+76, 189307, 2444, 13644, 13733, '0', 0, 0, 0, -1, 0, 0, 940.831, 1421.74, 37.6461, 2.67764, 7200, 10, 0, 100, 1, NULL, NULL, NULL, NULL, '', NULL, 59466),
(@CGUID+77, 189307, 2444, 13644, 13733, '0', 0, 0, 0, -1, 0, 0, 964.097, 1445.21, 37.0265, 2.7913, 7200, 10, 0, 100, 1, NULL, NULL, NULL, NULL, '', NULL, 59466),
(@CGUID+78, 189307, 2444, 13644, 13733, '0', 0, 0, 0, -1, 0, 0, 946.762, 1430.45, 35.5497, 2.48552, 7200, 10, 0, 100, 1, NULL, NULL, NULL, NULL, '', NULL, 59466),
(@CGUID+79, 190812, 2444, 13644, 13733, '0', 0, 0, 0, -1, 0, 0, 1104.16, 1451.05, 107.153, 0, 7200, 0, 0, 100, 0, NULL, NULL, NULL, NULL, '', NULL, 59466),
(@CGUID+80, 189486, 2444, 13644, 13733, '0', 0, 0, 0, -1, 0, 0, 1022.76, 1532.9, 40.7681, 1.0218, 7200, 0, 0, 100, 0, NULL, NULL, NULL, NULL, '', NULL, 59466),
(@CGUID+81, 189307, 2444, 13644, 13733, '0', 0, 0, 0, -1, 0, 0, 925.25, 1414.95, 35.455, 0.784743, 7200, 10, 0, 100, 1, NULL, NULL, NULL, NULL, '', NULL, 59466),
(@CGUID+82, 190812, 2444, 13644, 13733, '0', 0, 0, 0, -1, 0, 0, 1113.78, 1448.26, 108.098, 2.95515, 7200, 0, 0, 100, 0, NULL, NULL, NULL, NULL, '', NULL, 59466),
(@CGUID+83, 189307, 2444, 13644, 13733, '0', 0, 0, 0, -1, 0, 0, 922.116, 1422.98, 38.9064, 0.707088, 7200, 10, 0, 100, 1, NULL, NULL, NULL, NULL, '', NULL, 59466),
(@CGUID+84, 196380, 2444, 13644, 13733, '0', 0, 0, 0, -1, 0, 0, 844.245, 1509.38, 104.226, 4.29336, 7200, 0, 0, 100, 0, NULL, NULL, NULL, NULL, '', NULL, 59466),
(@CGUID+85, 193807, 2444, 13644, 13733, '0', 0, 0, 0, -1, 0, 0, 837.802, 1414.87, 41.4224, 1.46743, 7200, 0, 0, 100, 0, NULL, NULL, NULL, NULL, '', NULL, 59466),
(@CGUID+86, 193623, 2444, 13644, 13733, '0', 0, 0, 0, -1, 0, 0, 898.342, 1418.3, 26.1002, 0.211571, 7200, 10, 0, 100, 1, NULL, NULL, NULL, NULL, '', NULL, 59466),
(@CGUID+87, 193807, 2444, 13644, 13733, '0', 0, 0, 0, -1, 0, 0, 838.354, 1416.36, 41.6071, 1.46743, 7200, 0, 0, 100, 0, NULL, NULL, NULL, NULL, '', NULL, 59466),
(@CGUID+88, 189307, 2444, 13644, 13733, '0', 0, 0, 0, -1, 0, 0, 1024.64, 1483.53, 44.7479, 5.58715, 7200, 10, 0, 100, 1, NULL, NULL, NULL, NULL, '', NULL, 59466),
(@CGUID+89, 189307, 2444, 13644, 13733, '0', 0, 0, 0, -1, 0, 0, 1021.01, 1485.88, 36.0616, 3.06934, 7200, 10, 0, 100, 1, NULL, NULL, NULL, NULL, '', NULL, 59466),
(@CGUID+90, 194145, 2444, 13644, 13733, '0', 0, 0, 0, -1, 0, 0, 1137.93, 1473.43, 26.0839, 3.47643, 7200, 10, 0, 100, 1, NULL, NULL, NULL, NULL, '', NULL, 59466),
(@CGUID+91, 189486, 2444, 13644, 13733, '0', 0, 0, 0, -1, 0, 0, 1161.21, 1447.37, 36.0746, 4.0582, 7200, 0, 0, 100, 0, NULL, NULL, NULL, NULL, '', NULL, 59466),
(@CGUID+92, 193640, 2444, 13644, 13733, '0', 0, 0, 0, -1, 0, 0, 1053.63, 1401.4, 111.521, 2.66264, 7200, 10, 0, 100, 1, NULL, NULL, NULL, NULL, '', NULL, 59466),
(@CGUID+93, 191413, 2444, 13644, 13733, '0', 0, 0, 0, -1, 0, 0, 1153.62, 1421.74, 111.397, 0.584175, 7200, 0, 0, 100, 0, NULL, NULL, NULL, NULL, '', NULL, 59466),
(@CGUID+94, 189307, 2444, 13644, 13733, '0', 0, 0, 0, -1, 0, 0, 980.221, 1480.99, 35.5638, 2.74002, 7200, 10, 0, 100, 1, NULL, NULL, NULL, NULL, '', NULL, 59466),
(@CGUID+95, 191708, 2444, 13644, 13733, '0', 0, 0, 0, -1, 0, 0, 1148.06, 1477.32, 71.5298, 5.51012, 7200, 10, 0, 100, 1, NULL, NULL, NULL, NULL, '', NULL, 59466),
(@CGUID+96, 194145, 2444, 13644, 13733, '0', 0, 0, 0, -1, 0, 0, 1139.59, 1464.65, 26.6376, 1.16051, 7200, 0, 0, 100, 0, NULL, NULL, NULL, NULL, '', NULL, 59466),
(@CGUID+97, 189486, 2444, 13644, 13733, '0', 0, 0, 0, -1, 0, 0, 1077.44, 1552.77, 46.5292, 1.70713, 7200, 0, 0, 100, 0, NULL, NULL, NULL, NULL, '', NULL, 59466),
(@CGUID+98, 193623, 2444, 13644, 13733, '0', 0, 0, 0, -1, 0, 0, 983.821, 1504.41, 27.5908, 3.48293, 7200, 10, 0, 100, 1, NULL, NULL, NULL, NULL, '', NULL, 59466),
(@CGUID+99, 193623, 2444, 13644, 13733, '0', 0, 0, 0, -1, 0, 0, 1022.84, 1517.11, 28.9061, 3.18184, 7200, 0, 0, 100, 0, NULL, NULL, NULL, NULL, '', NULL, 59466),
(@CGUID+100, 194145, 2444, 13644, 13733, '0', 0, 0, 0, -1, 0, 0, 957.047, 1587.99, 26.79, 5.99339, 7200, 0, 0, 100, 0, NULL, NULL, NULL, NULL, '', NULL, 59466),
(@CGUID+101, 193795, 2444, 13644, 13733, '0', 0, 0, 0, -1, 0, 0, 1057.44, 1547.18, 39.3785, 4.06105, 7200, 0, 0, 100, 0, NULL, NULL, NULL, NULL, '', NULL, 59466),
(@CGUID+102, 189515, 2444, 13644, 13733, '0', 0, 0, 0, -1, 0, 0, 1166.7, 1498.46, 53.6261, 3.17773, 7200, 10, 0, 100, 1, NULL, NULL, NULL, NULL, '', NULL, 59466),
(@CGUID+103, 189307, 2444, 13644, 13733, '0', 0, 0, 0, -1, 0, 0, 1054.18, 1493.8, 39.7971, 3.44696, 7200, 10, 0, 100, 1, NULL, NULL, NULL, NULL, '', NULL, 59466),
(@CGUID+104, 193623, 2444, 13644, 13733, '0', 0, 0, 0, -1, 0, 0, 1047.81, 1489.99, 26.2112, 5.42525, 7200, 10, 0, 100, 1, NULL, NULL, NULL, NULL, '', NULL, 59466),
(@CGUID+105, 191708, 2444, 13644, 13733, '0', 0, 0, 0, -1, 0, 0, 954.807, 1605.09, 133.271, 1.42047, 7200, 10, 0, 100, 1, NULL, NULL, NULL, NULL, '', NULL, 59466),
(@CGUID+106, 193640, 2444, 13644, 13733, '0', 0, 0, 0, -1, 0, 0, 927.342, 1512.59, 47.1905, 4.63634, 7200, 10, 0, 100, 1, NULL, NULL, NULL, NULL, '', NULL, 59466),
(@CGUID+107, 192067, 2444, 13644, 13733, '0', 0, 0, 0, -1, 0, 0, 945.097, 1550.15, 45.793, 2.6737, 7200, 0, 0, 100, 0, NULL, NULL, NULL, NULL, '', NULL, 59466),
(@CGUID+108, 192097, 2444, 13644, 13733, '0', 0, 0, 0, -1, 0, 0, 943.085, 1549.13, 46.9739, 2.92164, 7200, 0, 0, 100, 0, NULL, NULL, NULL, NULL, '', NULL, 59466),
(@CGUID+109, 192106, 2444, 13644, 13733, '0', 0, 0, 0, -1, 0, 0, 943.281, 1552.13, 45.7566, 3.84768, 7200, 0, 0, 100, 0, NULL, NULL, NULL, NULL, '', NULL, 59466),
(@CGUID+110, 193795, 2444, 13644, 13733, '0', 0, 0, 0, -1, 0, 0, 826.358, 1403.22, 43.1013, 3.10663, 7200, 0, 0, 100, 0, NULL, NULL, NULL, NULL, '', NULL, 59466),
(@CGUID+111, 189515, 2444, 13644, 13733, '0', 0, 0, 0, -1, 0, 0, 749.71, 1426.15, 54.5226, 4.28758, 7200, 10, 0, 100, 1, NULL, NULL, NULL, NULL, '', NULL, 59466),
(@CGUID+112, 193623, 2444, 13644, 13733, '0', 0, 0, 0, -1, 0, 0, 849.044, 1473.96, 27.0621, 2.17776, 7200, 10, 0, 100, 1, NULL, NULL, NULL, NULL, '', NULL, 59466),
(@CGUID+113, 193795, 2444, 13644, 13733, '0', 0, 0, 0, -1, 0, 0, 826.512, 1421.69, 42.2951, 4.09732, 7200, 0, 0, 100, 0, NULL, NULL, NULL, NULL, '', NULL, 59466),
(@CGUID+114, 194145, 2444, 13644, 13733, '0', 0, 0, 0, -1, 0, 0, 965.509, 1616.6, 25.902, 5.2359, 7200, 10, 0, 100, 1, NULL, NULL, NULL, NULL, '', NULL, 59466),
(@CGUID+115, 193640, 2444, 13644, 13733, '0', 0, 0, 0, -1, 0, 0, 931.688, 1540.29, 45.9882, 2.26673, 7200, 10, 0, 100, 1, NULL, NULL, NULL, NULL, '', NULL, 59466),
(@CGUID+116, 191818, 2444, 13644, 13733, '0', 0, 0, 0, -1, 0, 0, 904.965, 1537.14, 48.1211, 5.43838, 7200, 10, 0, 100, 1, NULL, NULL, NULL, NULL, '', NULL, 59466),
(@CGUID+117, 196264, 2444, 13644, 13733, '0', 0, 0, 0, -1, 0, 0, 942.177, 1550.89, 45.8917, 3.24633, 7200, 0, 0, 100, 0, NULL, NULL, NULL, NULL, '', NULL, 59466),
(@CGUID+118, 194146, 2444, 13644, 13733, '0', 0, 0, 0, -1, 0, 0, 790.41, 1553.89, 27.4113, 3.18274, 7200, 0, 0, 100, 0, NULL, NULL, NULL, NULL, '', NULL, 59466),
(@CGUID+119, 193954, 2444, 13644, 13733, '0', 0, 0, 0, -1, 0, 0, 942.068, 1536.77, 45.9519, 2.41048, 7200, 0, 0, 100, 0, NULL, NULL, NULL, NULL, '', NULL, 59466),
(@CGUID+120, 190363, 2444, 13644, 13733, '0', 0, 0, 0, -1, 0, 0, 866.932, 1492.45, 34.9812, 0, 7200, 0, 0, 100, 0, NULL, NULL, NULL, NULL, '', NULL, 59466),
(@CGUID+121, 191818, 2444, 13644, 13733, '0', 0, 0, 0, -1, 0, 0, 908.115, 1507.9, 46.4583, 1.10682, 7200, 10, 0, 100, 1, NULL, NULL, NULL, NULL, '', NULL, 59466),
(@CGUID+122, 194146, 2444, 13644, 13733, '0', 0, 0, 0, -1, 0, 0, 836.275, 1596.94, 52.6324, 0.742322, 7200, 10, 0, 100, 1, NULL, NULL, NULL, NULL, '', NULL, 59466),
(@CGUID+123, 194146, 2444, 13644, 13733, '0', 0, 0, 0, -1, 0, 0, 777.689, 1512.64, 27.1014, 2.67868, 7200, 0, 0, 100, 0, NULL, NULL, NULL, NULL, '', NULL, 59466),
(@CGUID+124, 189307, 2444, 13644, 13733, '0', 0, 0, 0, -1, 0, 0, 870.026, 1435.77, 37.7309, 0.0704987, 7200, 10, 0, 100, 1, NULL, NULL, NULL, NULL, '', NULL, 59466),
(@CGUID+125, 193740, 2444, 13644, 13733, '0', 0, 0, 0, -1, 0, 0, 944.064, 1541.66, 46.0363, 3.16414, 7200, 0, 0, 100, 0, NULL, NULL, NULL, NULL, '', NULL, 59466),
(@CGUID+126, 193825, 2444, 13644, 13733, '0', 0, 0, 0, -1, 0, 0, 846.661, 1392.05, 43.694, 1.30585, 7200, 0, 0, 100, 0, NULL, NULL, NULL, NULL, '', NULL, 59466),
(@CGUID+127, 194146, 2444, 13644, 13733, '0', 0, 0, 0, -1, 0, 0, 829.944, 1621.27, 26.893, 2.63167, 7200, 0, 0, 100, 0, NULL, NULL, NULL, NULL, '', NULL, 59466),
(@CGUID+128, 193825, 2444, 13644, 13733, '0', 0, 0, 0, -1, 0, 0, 824.49, 1418.39, 42.513, 1.18142, 7200, 0, 0, 100, 0, NULL, NULL, NULL, NULL, '', NULL, 59466),
(@CGUID+129, 189485, 2444, 13644, 13733, '0', 0, 0, 0, -1, 0, 0, 840.332, 1427.83, 39.8312, 1.20095, 7200, 0, 0, 100, 0, NULL, NULL, NULL, NULL, '', NULL, 59466),
(@CGUID+130, 189307, 2444, 13644, 13733, '0', 0, 0, 0, -1, 0, 0, 830.975, 1445.01, 35.8866, 3.4948, 7200, 10, 0, 100, 1, NULL, NULL, NULL, NULL, '', NULL, 59466),
(@CGUID+131, 192188, 2444, 13644, 13733, '0', 0, 0, 0, -1, 0, 0, 752.526, 1486.01, 32.2271, 2.23892, 7200, 0, 0, 100, 0, NULL, NULL, NULL, NULL, '', NULL, 59466),
(@CGUID+132, 194146, 2444, 13644, 13733, '0', 0, 0, 0, -1, 0, 0, 804.731, 1578.01, 31.3943, 3.50182, 7200, 0, 0, 100, 0, NULL, NULL, NULL, NULL, '', NULL, 59466),
(@CGUID+133, 193868, 2444, 13644, 13733, '0', 0, 0, 0, -1, 0, 0, 893.566, 1564.65, 216.447, 4.82372, 7200, 0, 0, 100, 0, NULL, NULL, NULL, NULL, '', NULL, 59466),
(@CGUID+134, 194146, 2444, 13644, 13733, '0', 0, 0, 0, -1, 0, 0, 798.767, 1598.37, 26.6683, 2.62648, 7200, 0, 0, 100, 0, NULL, NULL, NULL, NULL, '', NULL, 59466),
(@CGUID+135, 194146, 2444, 13644, 13733, '0', 0, 0, 0, -1, 0, 0, 831.062, 1602.28, 32.2142, 2.35546, 7200, 0, 0, 100, 0, NULL, NULL, NULL, NULL, '', NULL, 59466),
(@CGUID+136, 191818, 2444, 13644, 13733, '0', 0, 0, 0, -1, 0, 0, 850.927, 1385.8, 42.219, 2.26353, 7200, 10, 0, 100, 1, NULL, NULL, NULL, NULL, '', NULL, 59466),
(@CGUID+137, 191818, 2444, 13644, 13733, '0', 0, 0, 0, -1, 0, 0, 837.858, 1499.19, 32.5485, 1.98684, 7200, 10, 0, 100, 1, NULL, NULL, NULL, NULL, '', NULL, 59466),
(@CGUID+138, 193623, 2444, 13644, 13733, '0', 0, 0, 0, -1, 0, 0, 783.696, 1472.83, 26.6304, 2.89537, 7200, 10, 0, 100, 1, NULL, NULL, NULL, NULL, '', NULL, 59466),
(@CGUID+139, 193640, 2444, 13644, 13733, '0', 0, 0, 0, -1, 0, 0, 804.23, 1450.52, 100.326, 5.94499, 7200, 10, 0, 100, 1, NULL, NULL, NULL, NULL, '', NULL, 59466),
(@CGUID+140, 192058, 2444, 13644, 13733, '0', 0, 0, 0, -1, 0, 0, 816.667, 1381.25, 53.9254, 3.39497, 7200, 10, 0, 100, 1, NULL, NULL, NULL, NULL, '', NULL, 59466),
(@CGUID+141, 193825, 2444, 13644, 13733, '0', 0, 0, 0, -1, 0, 0, 822.458, 1403.57, 44.2036, 0.228582, 7200, 0, 0, 100, 0, NULL, NULL, NULL, NULL, '', NULL, 59466),
(@CGUID+142, 189485, 2444, 13644, 13733, '0', 0, 0, 0, -1, 0, 0, 810.75, 1434.74, 39.6689, 1.50899, 7200, 0, 0, 100, 0, NULL, NULL, NULL, NULL, '', NULL, 59466),
(@CGUID+143, 189307, 2444, 13644, 13733, '0', 0, 0, 0, -1, 0, 0, 813.367, 1505.16, 37.1619, 0.196764, 7200, 10, 0, 100, 1, NULL, NULL, NULL, NULL, '', NULL, 59466),
(@CGUID+144, 194146, 2444, 13644, 13733, '0', 0, 0, 0, -1, 0, 0, 777.354, 1612.48, 28.3379, 5.33489, 7200, 0, 0, 100, 0, NULL, NULL, NULL, NULL, '', NULL, 59466),
(@CGUID+145, 192188, 2444, 13644, 13733, '0', 0, 0, 0, -1, 0, 0, 721.325, 1529.16, 99.6786, 2.28362, 7200, 0, 0, 100, 0, NULL, NULL, NULL, NULL, '', NULL, 59466),
(@CGUID+146, 189307, 2444, 13644, 13733, '0', 0, 0, 0, -1, 0, 0, 790.679, 1454.2, 37.1619, 2.26979, 7200, 10, 0, 100, 1, NULL, NULL, NULL, NULL, '', NULL, 59466),
(@CGUID+147, 189307, 2444, 13644, 13733, '0', 0, 0, 0, -1, 0, 0, 794.819, 1444.36, 39.6729, 6.23965, 7200, 10, 0, 100, 1, NULL, NULL, NULL, NULL, '', NULL, 59466),
(@CGUID+148, 191818, 2444, 13644, 13733, '0', 0, 0, 0, -1, 0, 0, 805.768, 1524.29, 29.4491, 4.8565, 7200, 10, 0, 100, 1, NULL, NULL, NULL, NULL, '', NULL, 59466),
(@CGUID+149, 193623, 2444, 13644, 13733, '0', 0, 0, 0, -1, 0, 0, 809.999, 1499.56, 28.2518, 3.26692, 7200, 10, 0, 100, 1, NULL, NULL, NULL, NULL, '', NULL, 59466),
(@CGUID+150, 193640, 2444, 13644, 13733, '0', 0, 0, 0, -1, 0, 0, 839.761, 1520.86, 102.841, 2.05259, 7200, 10, 0, 100, 1, NULL, NULL, NULL, NULL, '', NULL, 59466),
(@CGUID+151, 192188, 2444, 13644, 13733, '0', 0, 0, 0, -1, 0, 0, 714.976, 1485.93, 39.395, 1.89638, 7200, 0, 0, 100, 0, NULL, NULL, NULL, NULL, '', NULL, 59466),
(@CGUID+152, 192188, 2444, 13644, 13733, '0', 0, 0, 0, -1, 0, 0, 707.281, 1369.61, 51.0681, 0.187704, 7200, 0, 0, 100, 0, NULL, NULL, NULL, NULL, '', NULL, 59466),
(@CGUID+153, 189307, 2444, 13644, 13733, '0', 0, 0, 0, -1, 0, 0, 790.433, 1535.15, 39.2923, 3.98032, 7200, 10, 0, 100, 1, NULL, NULL, NULL, NULL, '', NULL, 59466),
(@CGUID+154, 193640, 2444, 13644, 13733, '0', 0, 0, 0, -1, 0, 0, 775.314, 1482.58, 28.8221, 3.91229, 7200, 10, 0, 100, 1, NULL, NULL, NULL, NULL, '', NULL, 59466),
(@CGUID+155, 194888, 2444, 13644, 13733, '0', 0, 0, 0, -1, 0, 0, 775.906, 1514.28, 27.1077, 4.99082, 7200, 0, 0, 100, 0, NULL, NULL, NULL, NULL, '', NULL, 59466),
(@CGUID+156, 192188, 2444, 13644, 13733, '0', 0, 0, 0, -1, 0, 0, 681.283, 1393.06, 36.8782, 4.229, 7200, 0, 0, 100, 0, NULL, NULL, NULL, NULL, '', NULL, 59466),
(@CGUID+157, 192188, 2444, 13644, 13733, '0', 0, 0, 0, -1, 0, 0, 700.061, 1359.84, 49.1555, 0.810994, 7200, 0, 0, 100, 0, NULL, NULL, NULL, NULL, '', NULL, 59466),
(@CGUID+158, 193640, 2444, 13644, 13733, '0', 0, 0, 0, -1, 0, 0, 737.576, 1478.24, 32.5317, 4.68877, 7200, 10, 0, 100, 1, NULL, NULL, NULL, NULL, '', NULL, 59466),
(@CGUID+159, 191818, 2444, 13644, 13733, '0', 0, 0, 0, -1, 0, 0, 783.269, 1379.61, 58.5545, 6.12697, 7200, 10, 0, 100, 1, NULL, NULL, NULL, NULL, '', NULL, 59466),
(@CGUID+160, 192188, 2444, 13644, 13733, '0', 0, 0, 0, -1, 0, 0, 669.662, 1338.31, 50.9136, 5.96896, 7200, 0, 0, 100, 0, NULL, NULL, NULL, NULL, '', NULL, 59466),
(@CGUID+161, 192188, 2444, 13644, 13733, '0', 0, 0, 0, -1, 0, 0, 637.479, 1385.19, 48.4779, 4.5623, 7200, 0, 0, 100, 0, NULL, NULL, NULL, NULL, '', NULL, 59466),
(@CGUID+162, 192188, 2444, 13644, 13733, '0', 0, 0, 0, -1, 0, 0, 695.066, 1354.58, 50.0515, 0.810994, 7200, 0, 0, 100, 0, NULL, NULL, NULL, NULL, '', NULL, 59466),
(@CGUID+163, 193640, 2444, 13644, 13733, '0', 0, 0, 0, -1, 0, 0, 771.485, 1408.18, 104.016, 4.5994, 7200, 10, 0, 100, 1, NULL, NULL, NULL, NULL, '', NULL, 59466),
(@CGUID+164, 189307, 2444, 13644, 13733, '0', 0, 0, 0, -1, 0, 0, 743.54, 1417.58, 37.5225, 4.81777, 7200, 10, 0, 100, 1, NULL, NULL, NULL, NULL, '', NULL, 59466),
(@CGUID+165, 190503, 2444, 13644, 13733, '0', 0, 0, 0, -1, 0, 0, 347.569, 1256.94, 229.259, 2.97128, 7200, 0, 0, 100, 0, NULL, NULL, NULL, NULL, '', NULL, 59466),
(@CGUID+166, 192188, 2444, 13644, 13733, '0', 0, 0, 0, -1, 0, 0, 649.507, 1446.81, 115.389, 0.0183865, 7200, 0, 0, 100, 0, NULL, NULL, NULL, NULL, '', NULL, 59466),
(@CGUID+167, 193640, 2444, 13644, 13733, '0', 0, 0, 0, -1, 0, 0, 695.653, 1479.15, 45.428, 1.65783, 7200, 0, 0, 100, 0, NULL, NULL, NULL, NULL, '', NULL, 59466),
(@CGUID+168, 189307, 2444, 13644, 13733, '0', 0, 0, 0, -1, 0, 0, 708.976, 1436.19, 36.3066, 1.55288, 7200, 10, 0, 100, 1, NULL, NULL, NULL, NULL, '', NULL, 59466),
(@CGUID+169, 191818, 2444, 13644, 13733, '0', 0, 0, 0, -1, 0, 0, 841.095, 1309.89, 48.919, 5.01599, 7200, 10, 0, 100, 1, NULL, NULL, NULL, NULL, '', NULL, 59466),
(@CGUID+170, 189307, 2444, 13644, 13733, '0', 0, 0, 0, -1, 0, 0, 855.933, 1274.51, 53.9625, 0.710497, 7200, 10, 0, 100, 1, NULL, NULL, NULL, NULL, '', NULL, 59466),
(@CGUID+171, 191818, 2444, 13644, 13733, '0', 0, 0, 0, -1, 0, 0, 842.928, 1276.44, 48.0946, 5.09997, 7200, 10, 0, 100, 1, NULL, NULL, NULL, NULL, '', NULL, 59466),
(@CGUID+172, 192717, 2444, 13644, 13733, '0', 0, 0, 0, -1, 0, 0, 631.726, 1305.75, 55.9533, 2.12079, 7200, 0, 0, 100, 0, NULL, NULL, NULL, NULL, '', NULL, 59466),
(@CGUID+173, 191818, 2444, 13644, 13733, '0', 0, 0, 0, -1, 0, 0, 720.406, 1346.56, 51.3051, 1.30592, 7200, 0, 0, 100, 0, NULL, NULL, NULL, NULL, '', NULL, 59466),
(@CGUID+174, 191818, 2444, 13644, 13733, '0', 0, 0, 0, -1, 0, 0, 792.946, 1272.08, 49.8152, 0.432203, 7200, 10, 0, 100, 1, NULL, NULL, NULL, NULL, '', NULL, 59466),
(@CGUID+175, 191818, 2444, 13644, 13733, '0', 0, 0, 0, -1, 0, 0, 728.719, 1304.66, 58.5564, 0, 7200, 0, 0, 100, 0, NULL, NULL, NULL, NULL, '', NULL, 59466),
(@CGUID+176, 191818, 2444, 13644, 13733, '0', 0, 0, 0, -1, 0, 0, 695.182, 1368.12, 49.4208, 4.71922, 7200, 0, 0, 100, 0, NULL, NULL, NULL, NULL, '', NULL, 59466),
(@CGUID+177, 192393, 2444, 13644, 13733, '0', 0, 0, 0, -1, 0, 0, 672.511, 1371.49, 210.53, 6.24436, 7200, 10, 0, 100, 1, NULL, NULL, NULL, NULL, '', NULL, 59466),
(@CGUID+178, 192188, 2444, 13644, 13733, '0', 0, 0, 0, -1, 0, 0, 582.458, 1380.91, 70.618, 2.68833, 7200, 0, 0, 100, 0, NULL, NULL, NULL, NULL, '', NULL, 59466),
(@CGUID+179, 191818, 2444, 13644, 13733, '0', 0, 0, 0, -1, 0, 0, 674.252, 1329.3, 49.1244, 4.33225, 7200, 0, 0, 100, 0, NULL, NULL, NULL, NULL, '', NULL, 59466),
(@CGUID+180, 194444, 2444, 13644, 13733, '0', 0, 0, 0, -1, 0, 0, 698.995, 1203.69, 56.1282, 2.96565, 7200, 0, 0, 100, 0, NULL, NULL, NULL, NULL, '', NULL, 59466),
(@CGUID+181, 194444, 2444, 13644, 13733, '0', 0, 0, 0, -1, 0, 0, 690.793, 1206.09, 56.8979, 6.08607, 7200, 0, 0, 100, 0, NULL, NULL, NULL, NULL, '', NULL, 59466),
(@CGUID+182, 192188, 2444, 13644, 13733, '0', 0, 0, 0, -1, 0, 0, 573.448, 1385.3, 69.663, 6.11188, 7200, 0, 0, 100, 0, NULL, NULL, NULL, NULL, '', NULL, 59466),
(@CGUID+183, 189307, 2444, 13644, 13733, '0', 0, 0, 0, -1, 0, 0, 763.201, 1264.79, 59.8445, 5.32755, 7200, 10, 0, 100, 1, NULL, NULL, NULL, NULL, '', NULL, 59466),
(@CGUID+184, 191818, 2444, 13644, 13733, '0', 0, 0, 0, -1, 0, 0, 643.298, 1354.61, 55.7462, 4.97513, 7200, 0, 0, 100, 0, NULL, NULL, NULL, NULL, '', NULL, 59466),
(@CGUID+185, 192188, 2444, 13644, 13733, '0', 0, 0, 0, -1, 0, 0, 579.934, 1292.64, 44.684, 2.48099, 7200, 0, 0, 100, 0, NULL, NULL, NULL, NULL, '', NULL, 59466),
(@CGUID+186, 192188, 2444, 13644, 13733, '0', 0, 0, 0, -1, 0, 0, 562.533, 1335.76, 68.4244, 3.27298, 7200, 0, 0, 100, 0, NULL, NULL, NULL, NULL, '', NULL, 59466),
(@CGUID+187, 192188, 2444, 13644, 13733, '0', 0, 0, 0, -1, 0, 0, 593.962, 1248.6, 46.377, 5.49003, 7200, 0, 0, 100, 0, NULL, NULL, NULL, NULL, '', NULL, 59466),
(@CGUID+188, 192188, 2444, 13644, 13733, '0', 0, 0, 0, -1, 0, 0, 601.285, 1241.16, 46.7677, 2.57566, 7200, 0, 0, 100, 0, NULL, NULL, NULL, NULL, '', NULL, 59466),
(@CGUID+189, 193623, 2444, 13644, 13733, '0', 0, 0, 0, -1, 0, 0, 651.53, 1291.32, 41.5092, 0.56137, 7200, 0, 0, 100, 0, NULL, NULL, NULL, NULL, '', NULL, 59466),
(@CGUID+190, 189515, 2444, 13644, 13733, '0', 0, 0, 0, -1, 0, 0, 962.222, 1578.89, 62.1815, 4.38987, 7200, 0, 0, 100, 0, NULL, NULL, NULL, NULL, '', NULL, 59466),
(@CGUID+191, 194146, 2444, 13644, 13733, '0', 0, 0, 0, -1, 0, 0, 802.236, 1662.1, 27.0784, 4.68521, 7200, 0, 0, 100, 0, NULL, NULL, NULL, NULL, '', NULL, 59466),
(@CGUID+192, 193795, 2444, 13644, 13733, '0', 0, 0, 0, -1, 0, 0, 1138.67, 1443.21, 35.9518, 2.88123, 7200, 0, 0, 100, 0, NULL, NULL, NULL, NULL, '', NULL, 59466),
(@CGUID+193, 189307, 2444, 13644, 13733, '0', 0, 0, 0, -1, 0, 0, 1014.58, 1519.5, 45.5739, 3.88719, 7200, 0, 0, 100, 0, NULL, NULL, NULL, NULL, '', NULL, 59466),
(@CGUID+194, 189307, 2444, 13644, 13733, '0', 0, 0, 0, -1, 0, 0, 1067.87, 1505.77, 41.8861, 4.84865, 7200, 0, 0, 100, 0, NULL, NULL, NULL, NULL, '', NULL, 59466),
(@CGUID+195, 193640, 2444, 13644, 13733, '0', 0, 0, 0, -1, 0, 0, 1082.95, 1412.29, 107.504, 4.54446, 7200, 0, 0, 100, 0, NULL, NULL, NULL, NULL, '', NULL, 59466),
(@CGUID+196, 193795, 2444, 13644, 13733, '0', 0, 0, 0, -1, 0, 0, 1007.56, 1595.63, 34.951, 2.88123, 7200, 0, 0, 100, 0, NULL, NULL, NULL, NULL, '', NULL, 59466),
(@CGUID+197, 189486, 2444, 13644, 13733, '0', 0, 0, 0, -1, 0, 0, 1076.73, 1634.13, 34.1444, 4.95232, 7200, 0, 0, 100, 0, NULL, NULL, NULL, NULL, '', NULL, 59466),
(@CGUID+198, 193623, 2444, 13644, 13733, '0', 0, 0, 0, -1, 0, 0, 988.061, 1553.26, 26.615, 6.17059, 7200, 0, 0, 100, 0, NULL, NULL, NULL, NULL, '', NULL, 59466),
(@CGUID+199, 189486, 2444, 13644, 13733, '0', 0, 0, 0, -1, 0, 0, 1129.64, 1596.63, 36.4378, 2.32274, 7200, 0, 0, 100, 0, NULL, NULL, NULL, NULL, '', NULL, 59466),
(@CGUID+200, 193795, 2444, 13644, 13733, '0', 0, 0, 0, -1, 0, 0, 1052.92, 1586.19, 43.6658, 4.774, 7200, 0, 0, 100, 0, NULL, NULL, NULL, NULL, '', NULL, 59466),
(@CGUID+201, 193825, 2444, 13644, 13733, '0', 0, 0, 0, -1, 0, 0, 1055.14, 1543.66, 39.2715, 0.996803, 7200, 0, 0, 100, 0, NULL, NULL, NULL, NULL, '', NULL, 59466),
(@CGUID+202, 193623, 2444, 13644, 13733, '0', 0, 0, 0, -1, 0, 0, 1085.49, 1494.95, 26.4688, 5.45471, 7200, 0, 0, 100, 0, NULL, NULL, NULL, NULL, '', NULL, 59466),
(@CGUID+203, 193807, 2444, 13644, 13733, '0', 0, 0, 0, -1, 0, 0, 1076.32, 1596.64, 40.927, 1.46743, 7200, 0, 0, 100, 0, NULL, NULL, NULL, NULL, '', NULL, 59466),
(@CGUID+204, 189307, 2444, 13644, 13733, '0', 0, 0, 0, -1, 0, 0, 1107, 1505.47, 39.8641, 3.26047, 7200, 0, 0, 100, 0, NULL, NULL, NULL, NULL, '', NULL, 59466),
(@CGUID+205, 193807, 2444, 13644, 13733, '0', 0, 0, 0, -1, 0, 0, 1077.82, 1596.05, 41.41, 1.46743, 7200, 0, 0, 100, 0, NULL, NULL, NULL, NULL, '', NULL, 59466),
(@CGUID+206, 193807, 2444, 13644, 13733, '0', 0, 0, 0, -1, 0, 0, 1075.45, 1595.16, 41.2928, 1.46743, 7200, 0, 0, 100, 0, NULL, NULL, NULL, NULL, '', NULL, 59466),
(@CGUID+207, 189485, 2444, 13644, 13733, '0', 0, 0, 0, -1, 0, 0, 1032.23, 1546.98, 39.8531, 4.1203, 7200, 0, 0, 100, 0, NULL, NULL, NULL, NULL, '', NULL, 59466),
(@CGUID+208, 189486, 2444, 13644, 13733, '0', 0, 0, 0, -1, 0, 0, 1027.98, 1626.85, 35.7445, 5.31521, 7200, 0, 0, 100, 0, NULL, NULL, NULL, NULL, '', NULL, 59466),
(@CGUID+209, 191818, 2444, 13644, 13733, '0', 0, 0, 0, -1, 0, 0, 1017.93, 1560.03, 38.4526, 2.25591, 7200, 0, 0, 100, 0, NULL, NULL, NULL, NULL, '', NULL, 59466),
(@CGUID+210, 193825, 2444, 13644, 13733, '0', 0, 0, 0, -1, 0, 0, 1003.52, 1596.81, 35.5291, 6.01549, 7200, 0, 0, 100, 0, NULL, NULL, NULL, NULL, '', NULL, 59466),
(@CGUID+211, 193825, 2444, 13644, 13733, '0', 0, 0, 0, -1, 0, 0, 1053.56, 1582.87, 44.1616, 1.79323, 7200, 0, 0, 100, 0, NULL, NULL, NULL, NULL, '', NULL, 59466),
(@CGUID+212, 193623, 2444, 13644, 13733, '0', 0, 0, 0, -1, 0, 0, 1120.6, 1498.34, 27.6082, 2.34929, 7200, 0, 0, 100, 0, NULL, NULL, NULL, NULL, '', NULL, 59466),
(@CGUID+213, 191684, 2444, 13644, 13733, '0', 0, 0, 0, -1, 0, 0, 1112.08, 1477.79, 26.4732, 1.32537, 7200, 0, 0, 100, 0, NULL, NULL, NULL, NULL, '', NULL, 59466),
(@CGUID+214, 193623, 2444, 13644, 13733, '0', 0, 0, 0, -1, 0, 0, 1118.33, 1524.35, 26.2322, 6.08724, 7200, 0, 0, 100, 0, NULL, NULL, NULL, NULL, '', NULL, 59466),
(@CGUID+215, 189485, 2444, 13644, 13733, '0', 0, 0, 0, -1, 0, 0, 1074.79, 1563.94, 40.1328, 4.94556, 7200, 0, 0, 100, 0, NULL, NULL, NULL, NULL, '', NULL, 59466),
(@CGUID+216, 189307, 2444, 13644, 13733, '0', 0, 0, 0, -1, 0, 0, 1109.74, 1504.5, 37.9677, 2.91478, 7200, 0, 0, 100, 0, NULL, NULL, NULL, NULL, '', NULL, 59466),
(@CGUID+217, 191818, 2444, 13644, 13733, '0', 0, 0, 0, -1, 0, 0, 1042.18, 1593.45, 39.1539, 2.60379, 7200, 0, 0, 100, 0, NULL, NULL, NULL, NULL, '', NULL, 59466),
(@CGUID+218, 193795, 2444, 13644, 13733, '0', 0, 0, 0, -1, 0, 0, 1094.85, 1594.81, 40.3013, 4.09732, 7200, 0, 0, 100, 0, NULL, NULL, NULL, NULL, '', NULL, 59466),
(@CGUID+219, 189307, 2444, 13644, 13733, '0', 0, 0, 0, -1, 0, 0, 1154.74, 1530.96, 37.9008, 1.62167, 7200, 0, 0, 100, 0, NULL, NULL, NULL, NULL, '', NULL, 59466),
(@CGUID+220, 189486, 2444, 13644, 13733, '0', 0, 0, 0, -1, 0, 0, 1205.6, 1443.31, 39.3994, 4.42273, 7200, 0, 0, 100, 0, NULL, NULL, NULL, NULL, '', NULL, 59466),
(@CGUID+221, 191413, 2444, 13644, 13733, '0', 0, 0, 0, -1, 0, 0, 1244.5, 1498.76, 102.817, 5.97834, 7200, 0, 0, 100, 0, NULL, NULL, NULL, NULL, '', NULL, 59466),
(@CGUID+222, 193795, 2444, 13644, 13733, '0', 0, 0, 0, -1, 0, 0, 1116.7, 1620.09, 29.2939, 3.10663, 7200, 0, 0, 100, 0, NULL, NULL, NULL, NULL, '', NULL, 59466),
(@CGUID+223, 189307, 2444, 13644, 13733, '0', 0, 0, 0, -1, 0, 0, 1143.84, 1516.21, 35.5196, 3.69218, 7200, 0, 0, 100, 0, NULL, NULL, NULL, NULL, '', NULL, 59466),
(@CGUID+224, 189485, 2444, 13644, 13733, '0', 0, 0, 0, -1, 0, 0, 1038.24, 1611.4, 36.7251, 2.15708, 7200, 0, 0, 100, 0, NULL, NULL, NULL, NULL, '', NULL, 59466),
(@CGUID+225, 193825, 2444, 13644, 13733, '0', 0, 0, 0, -1, 0, 0, 1092.83, 1591.51, 40.8357, 1.18142, 7200, 0, 0, 100, 0, NULL, NULL, NULL, NULL, '', NULL, 59466),
(@CGUID+226, 193623, 2444, 13644, 13733, '0', 0, 0, 0, -1, 0, 0, 1122.99, 1475.77, 26.4329, 5.55168, 7200, 0, 0, 100, 0, NULL, NULL, NULL, NULL, '', NULL, 59466),
(@CGUID+227, 189307, 2444, 13644, 13733, '0', 0, 0, 0, -1, 0, 0, 1157.92, 1540.16, 38.4201, 2.19582, 7200, 0, 0, 100, 0, NULL, NULL, NULL, NULL, '', NULL, 59466),
(@CGUID+228, 193795, 2444, 13644, 13733, '0', 0, 0, 0, -1, 0, 0, 1176.03, 1423, 33.552, 4.09732, 7200, 0, 0, 100, 0, NULL, NULL, NULL, NULL, '', NULL, 59466),
(@CGUID+229, 193825, 2444, 13644, 13733, '0', 0, 0, 0, -1, 0, 0, 1134.64, 1444.39, 35.6007, 6.01549, 7200, 0, 0, 100, 0, NULL, NULL, NULL, NULL, '', NULL, 59466),
(@CGUID+230, 189486, 2444, 13644, 13733, '0', 0, 0, 0, -1, 0, 0, 1234.17, 1426.91, 36.859, 3.48523, 7200, 0, 0, 100, 0, NULL, NULL, NULL, NULL, '', NULL, 59466),
(@CGUID+231, 193623, 2444, 13644, 13733, '0', 0, 0, 0, -1, 0, 0, 1153.89, 1457.36, 26.7675, 3.42353, 7200, 0, 0, 100, 0, NULL, NULL, NULL, NULL, '', NULL, 59466),
(@CGUID+232, 194709, 2444, 13644, 13733, '0', 0, 0, 0, -1, 0, 0, 1547.31, 1386.68, 274.986, 0, 7200, 0, 0, 100, 0, NULL, NULL, NULL, NULL, '', NULL, 59466),
(@CGUID+233, 191818, 2444, 13644, 13733, '0', 0, 0, 0, -1, 0, 0, 1150.14, 1571.22, 29.5506, 1.64315, 7200, 0, 0, 100, 0, NULL, NULL, NULL, NULL, '', NULL, 59466),
(@CGUID+234, 189485, 2444, 13644, 13733, '0', 0, 0, 0, -1, 0, 0, 1121.53, 1605.84, 31.9091, 5.43473, 7200, 0, 0, 100, 0, NULL, NULL, NULL, NULL, '', NULL, 59466),
(@CGUID+235, 191818, 2444, 13644, 13733, '0', 0, 0, 0, -1, 0, 0, 1152, 1429.3, 38.1413, 3.93113, 7200, 0, 0, 100, 0, NULL, NULL, NULL, NULL, '', NULL, 59466),
(@CGUID+236, 189485, 2444, 13644, 13733, '0', 0, 0, 0, -1, 0, 0, 1159.31, 1435.26, 35.1261, 1.41516, 7200, 0, 0, 100, 0, NULL, NULL, NULL, NULL, '', NULL, 59466),
(@CGUID+237, 198621, 2444, 13644, 13733, '0', 0, 0, 0, -1, 0, 0, 1547.31, 1386.68, 274.986, 0, 7200, 0, 0, 100, 0, NULL, NULL, NULL, NULL, '', NULL, 59466),
(@CGUID+238, 193623, 2444, 13644, 13733, '0', 0, 0, 0, -1, 0, 0, 1168.39, 1567.19, 27.0659, 0.000976562, 7200, 0, 0, 100, 0, NULL, NULL, NULL, NULL, '', NULL, 59466),
(@CGUID+239, 193623, 2444, 13644, 13733, '0', 0, 0, 0, -1, 0, 0, 1184.22, 1487.55, 27.2567, 0.617116, 7200, 0, 0, 100, 0, NULL, NULL, NULL, NULL, '', NULL, 59466),
(@CGUID+240, 193623, 2444, 13644, 13733, '0', 0, 0, 0, -1, 0, 0, 1177.08, 1519.79, 27.261, 3.14159, 7200, 0, 0, 100, 0, NULL, NULL, NULL, NULL, '', NULL, 59466),
(@CGUID+241, 193795, 2444, 13644, 13733, '0', 0, 0, 0, -1, 0, 0, 1195.89, 1409.88, 36.0972, 3.10663, 7200, 0, 0, 100, 0, NULL, NULL, NULL, NULL, '', NULL, 59466),
(@CGUID+242, 191684, 2444, 13644, 13733, '0', 0, 0, 0, -1, 0, 0, 1147.18, 1461.54, 26.534, 0.872075, 7200, 0, 0, 100, 0, NULL, NULL, NULL, NULL, '', NULL, 59466),
(@CGUID+243, 193795, 2444, 13644, 13733, '0', 0, 0, 0, -1, 0, 0, 1169.1, 1400.67, 39.3038, 4.06105, 7200, 0, 0, 100, 0, NULL, NULL, NULL, NULL, '', NULL, 59466),
(@CGUID+244, 189307, 2444, 13644, 13733, '0', 0, 0, 0, -1, 0, 0, 1180.86, 1539.16, 35.7703, 0.826217, 7200, 0, 0, 100, 0, NULL, NULL, NULL, NULL, '', NULL, 59466),
(@CGUID+245, 189307, 2444, 13644, 13733, '0', 0, 0, 0, -1, 0, 0, 1180.08, 1495, 46.602, 3.5623, 7200, 0, 0, 100, 0, NULL, NULL, NULL, NULL, '', NULL, 59466),
(@CGUID+246, 193825, 2444, 13644, 13733, '0', 0, 0, 0, -1, 0, 0, 1174.01, 1419.7, 35.4718, 1.18142, 7200, 0, 0, 100, 0, NULL, NULL, NULL, NULL, '', NULL, 59466),
(@CGUID+247, 193807, 2444, 13644, 13733, '0', 0, 0, 0, -1, 0, 0, 1200.09, 1408.73, 35.9513, 1.46743, 7200, 0, 0, 100, 0, NULL, NULL, NULL, NULL, '', NULL, 59466),
(@CGUID+248, 189485, 2444, 13644, 13733, '0', 0, 0, 0, -1, 0, 0, 1200.04, 1427.27, 33.1317, 1.2374, 7200, 0, 0, 100, 0, NULL, NULL, NULL, NULL, '', NULL, 59466),
(@CGUID+249, 193795, 2444, 13644, 13733, '0', 0, 0, 0, -1, 0, 0, 1182.22, 1385.28, 38.9631, 4.774, 7200, 0, 0, 100, 0, NULL, NULL, NULL, NULL, '', NULL, 59466),
(@CGUID+250, 189307, 2444, 13644, 13733, '0', 0, 0, 0, -1, 0, 0, 1202.21, 1560.14, 35.2946, 0.9076, 7200, 0, 0, 100, 0, NULL, NULL, NULL, NULL, '', NULL, 59466),
(@CGUID+251, 193623, 2444, 13644, 13733, '0', 0, 0, 0, -1, 0, 0, 1202.98, 1436.14, 28.0287, 3.49053, 7200, 0, 0, 100, 0, NULL, NULL, NULL, NULL, '', NULL, 59466),
(@CGUID+252, 189307, 2444, 13644, 13733, '0', 0, 0, 0, -1, 0, 0, 1222.55, 1456.16, 43.4617, 3.8927, 7200, 0, 0, 100, 0, NULL, NULL, NULL, NULL, '', NULL, 59466),
(@CGUID+253, 189307, 2444, 13644, 13733, '0', 0, 0, 0, -1, 0, 0, 1179.83, 1583.43, 33.9257, 1.86102, 7200, 0, 0, 100, 0, NULL, NULL, NULL, NULL, '', NULL, 59466),
(@CGUID+254, 193807, 2444, 13644, 13733, '0', 0, 0, 0, -1, 0, 0, 1200.97, 1410.22, 35.5814, 1.46743, 7200, 0, 0, 100, 0, NULL, NULL, NULL, NULL, '', NULL, 59466),
(@CGUID+255, 193640, 2444, 13644, 13733, '0', 0, 0, 0, -1, 0, 0, 1118.75, 1416.67, 109.64, 2.19343, 7200, 0, 0, 100, 0, NULL, NULL, NULL, NULL, '', NULL, 59466),
(@CGUID+256, 193807, 2444, 13644, 13733, '0', 0, 0, 0, -1, 0, 0, 1202.47, 1409.62, 35.5967, 1.46743, 7200, 0, 0, 100, 0, NULL, NULL, NULL, NULL, '', NULL, 59466),
(@CGUID+257, 189307, 2444, 13644, 13733, '0', 0, 0, 0, -1, 0, 0, 1174.13, 1587.19, 32.7614, 5.58992, 7200, 0, 0, 100, 0, NULL, NULL, NULL, NULL, '', NULL, 59466),
(@CGUID+258, 189485, 2444, 13644, 13733, '0', 0, 0, 0, -1, 0, 0, 1216.6, 1420.95, 30.3356, 0.327194, 7200, 0, 0, 100, 0, NULL, NULL, NULL, NULL, '', NULL, 59466),
(@CGUID+259, 193825, 2444, 13644, 13733, '0', 0, 0, 0, -1, 0, 0, 1182.91, 1381.7, 39.3403, 1.79323, 7200, 0, 0, 100, 0, NULL, NULL, NULL, NULL, '', NULL, 59466),
(@CGUID+260, 191818, 2444, 13644, 13733, '0', 0, 0, 0, -1, 0, 0, 1214.62, 1417.71, 31.9309, 4.84768, 7200, 0, 0, 100, 0, NULL, NULL, NULL, NULL, '', NULL, 59466),
(@CGUID+261, 193623, 2444, 13644, 13733, '0', 0, 0, 0, -1, 0, 0, 1248.82, 1455.66, 25.9104, 3.60505, 7200, 0, 0, 100, 0, NULL, NULL, NULL, NULL, '', NULL, 59466),
(@CGUID+262, 193623, 2444, 13644, 13733, '0', 0, 0, 0, -1, 0, 0, 1256.27, 1518.93, 26.1761, 1.24322, 7200, 0, 0, 100, 0, NULL, NULL, NULL, NULL, '', NULL, 59466),
(@CGUID+263, 193825, 2444, 13644, 13733, '0', 0, 0, 0, -1, 0, 0, 1191.99, 1410.23, 36.1454, 0.228582, 7200, 0, 0, 100, 0, NULL, NULL, NULL, NULL, '', NULL, 59466),
(@CGUID+264, 191818, 2444, 13644, 13733, '0', 0, 0, 0, -1, 0, 0, 1180.9, 1388.49, 38.936, 6.2744, 7200, 0, 0, 100, 0, NULL, NULL, NULL, NULL, '', NULL, 59466),
(@CGUID+265, 190812, 2444, 13644, 13733, '0', 0, 0, 0, -1, 0, 0, 1252.93, 1343.5, 32.297, 6.11188, 7200, 0, 0, 100, 0, NULL, NULL, NULL, NULL, '', NULL, 59466),
(@CGUID+266, 190812, 2444, 13644, 13733, '0', 0, 0, 0, -1, 0, 0, 1261.94, 1339.11, 32.8835, 2.68832, 7200, 0, 0, 100, 0, NULL, NULL, NULL, NULL, '', NULL, 59466),
(@CGUID+267, 193825, 2444, 13644, 13733, '0', 0, 0, 0, -1, 0, 0, 1166.8, 1397.14, 39.4745, 0.996803, 7200, 0, 0, 100, 0, NULL, NULL, NULL, NULL, '', NULL, 59466),
(@CGUID+268, 189307, 2444, 13644, 13733, '0', 0, 0, 0, -1, 0, 0, 1273.68, 1453.41, 43.9803, 0.988867, 7200, 0, 0, 100, 0, NULL, NULL, NULL, NULL, '', NULL, 59466),
(@CGUID+269, 191818, 2444, 13644, 13733, '0', 0, 0, 0, -1, 0, 0, 1250.17, 1385.86, 32.3921, 5.60502, 7200, 0, 0, 100, 0, NULL, NULL, NULL, NULL, '', NULL, 59466),
(@CGUID+270, 191818, 2444, 13644, 13733, '0', 0, 0, 0, -1, 0, 0, 1282.71, 1421.21, 28.5581, 5.73275, 7200, 0, 0, 100, 0, NULL, NULL, NULL, NULL, '', NULL, 59466),
(@CGUID+271, 189307, 2444, 13644, 13733, '0', 0, 0, 0, -1, 0, 0, 1295.26, 1472.46, 45.3217, 0.716524, 7200, 0, 0, 100, 0, NULL, NULL, NULL, NULL, '', NULL, 59466),
(@CGUID+272, 193623, 2444, 13644, 13733, '0', 0, 0, 0, -1, 0, 0, 1287.87, 1476.25, 27.4042, 4.80827, 7200, 0, 0, 100, 0, NULL, NULL, NULL, NULL, '', NULL, 59466),
(@CGUID+273, 191818, 2444, 13644, 13733, '0', 0, 0, 0, -1, 0, 0, 1216.16, 1354.07, 33.1677, 1.01178, 7200, 0, 0, 100, 0, NULL, NULL, NULL, NULL, '', NULL, 59466),
(@CGUID+274, 194144, 2444, 13644, 13733, '0', 0, 0, 0, -1, 0, 0, 1368.72, 1384.21, 26.5419, 5.58142, 7200, 0, 0, 100, 0, NULL, NULL, NULL, NULL, '', NULL, 59466),
(@CGUID+275, 189307, 2444, 13644, 13733, '0', 0, 0, 0, -1, 0, 0, 1308.22, 1504.34, 37.9344, 0.451969, 7200, 0, 0, 100, 0, NULL, NULL, NULL, NULL, '', NULL, 59466),
(@CGUID+276, 193623, 2444, 13644, 13733, '0', 0, 0, 0, -1, 0, 0, 1310.4, 1447.05, 26.1721, 5.61546, 7200, 0, 0, 100, 0, NULL, NULL, NULL, NULL, '', NULL, 59466),
(@CGUID+277, 189307, 2444, 13644, 13733, '0', 0, 0, 0, -1, 0, 0, 1256.56, 1550.57, 39.6646, 0.836161, 7200, 0, 0, 100, 0, NULL, NULL, NULL, NULL, '', NULL, 59466),
(@CGUID+278, 194145, 2444, 13644, 13733, '0', 0, 0, 0, -1, 0, 0, 1354.26, 1364.88, 26.9602, 5.01486, 7200, 0, 0, 100, 0, NULL, NULL, NULL, NULL, '', NULL, 59466),
(@CGUID+279, 194145, 2444, 13644, 13733, '0', 0, 0, 0, -1, 0, 0, 1350.16, 1333.09, 26.5204, 1.01221, 7200, 0, 0, 100, 0, NULL, NULL, NULL, NULL, '', NULL, 59466),
(@CGUID+280, 189307, 2444, 13644, 13733, '0', 0, 0, 0, -1, 0, 0, 1320.12, 1456.67, 44.6777, 0.762078, 7200, 0, 0, 100, 0, NULL, NULL, NULL, NULL, '', NULL, 59466),
(@CGUID+281, 191818, 2444, 13644, 13733, '0', 0, 0, 0, -1, 0, 0, 1279.42, 1355.26, 30.7262, 0.837909, 7200, 0, 0, 100, 0, NULL, NULL, NULL, NULL, '', NULL, 59466),
(@CGUID+282, 194145, 2444, 13644, 13733, '0', 0, 0, 0, -1, 0, 0, 1351.6, 1303.49, 26.3735, 2.74708, 7200, 0, 0, 100, 0, NULL, NULL, NULL, NULL, '', NULL, 59466),
(@CGUID+283, 194145, 2444, 13644, 13733, '0', 0, 0, 0, -1, 0, 0, 1392.78, 1374.62, 26.5713, 2.54926, 7200, 0, 0, 100, 0, NULL, NULL, NULL, NULL, '', NULL, 59466),
(@CGUID+284, 199439, 2444, 13644, 13733, '0', 0, 0, 0, -1, 0, 0, 1406.71, 1371.62, 26.9683, 0, 7200, 0, 0, 100, 0, NULL, NULL, NULL, NULL, '', NULL, 59466),
(@CGUID+285, 191818, 2444, 13644, 13733, '0', 0, 0, 0, -1, 0, 0, 1305.84, 1387.61, 28.1976, 2.9609, 7200, 0, 0, 100, 0, NULL, NULL, NULL, NULL, '', NULL, 59466),
(@CGUID+286, 189307, 2444, 13644, 13733, '0', 0, 0, 0, -1, 0, 0, 1371.96, 1433.19, 42.0712, 0.967918, 7200, 0, 0, 100, 0, NULL, NULL, NULL, NULL, '', NULL, 59466),
(@CGUID+287, 189307, 2444, 13644, 13733, '0', 0, 0, 0, -1, 0, 0, 1363.29, 1425.79, 40.3724, 5.19998, 7200, 0, 0, 100, 0, NULL, NULL, NULL, NULL, '', NULL, 59466),
(@CGUID+288, 194145, 2444, 13644, 13733, '0', 0, 0, 0, -1, 0, 0, 1408.21, 1321.74, 37.1202, 1.55908, 7200, 0, 0, 100, 0, NULL, NULL, NULL, NULL, '', NULL, 59466),
(@CGUID+289, 193623, 2444, 13644, 13733, '0', 0, 0, 0, -1, 0, 0, 1361.46, 1418.96, 26.9204, 0, 7200, 0, 0, 100, 0, NULL, NULL, NULL, NULL, '', NULL, 59466),
(@CGUID+290, 186336, 2444, 13644, 13733, '0', 0, 0, 0, -1, 0, 0, 1380.2, 1528.74, 33.3605, 0.158887, 7200, 0, 0, 100, 0, NULL, NULL, NULL, NULL, '', NULL, 59466),
(@CGUID+291, 193623, 2444, 13644, 13733, '0', 0, 0, 0, -1, 0, 0, 1319, 1352.02, 26.3496, 3.85647, 7200, 0, 0, 100, 0, NULL, NULL, NULL, NULL, '', NULL, 59466),
(@CGUID+292, 186336, 2444, 13644, 13733, '0', 0, 0, 0, -1, 0, 0, 1357.88, 1550.33, 37.6179, 5.27601, 7200, 0, 0, 100, 0, NULL, NULL, NULL, NULL, '', NULL, 59466),
(@CGUID+293, 192186, 2444, 13644, 13733, '0', 0, 0, 0, -1, 0, 0, 1321.46, 1360.22, 67.1958, 2.02924, 7200, 0, 0, 100, 0, NULL, NULL, NULL, NULL, '', NULL, 59466),
(@CGUID+294, 191684, 2444, 13644, 13733, '0', 0, 0, 0, -1, 0, 0, 1372.27, 1337.92, 26.4862, 2.39892, 7200, 0, 0, 100, 0, NULL, NULL, NULL, NULL, '', NULL, 59466),
(@CGUID+295, 189307, 2444, 13644, 13733, '0', 0, 0, 0, -1, 0, 0, 1354.63, 1328.67, 38.6159, 4.90348, 7200, 0, 0, 100, 0, NULL, NULL, NULL, NULL, '', NULL, 59466),
(@CGUID+296, 193623, 2444, 13644, 13733, '0', 0, 0, 0, -1, 0, 0, 1349.62, 1346.67, 27.178, 1.52196, 7200, 0, 0, 100, 0, NULL, NULL, NULL, NULL, '', NULL, 59466),
(@CGUID+297, 189307, 2444, 13644, 13733, '0', 0, 0, 0, -1, 0, 0, 1380.25, 1370.8, 38.6059, 0.576773, 7200, 0, 0, 100, 0, NULL, NULL, NULL, NULL, '', NULL, 59466),
(@CGUID+298, 189307, 2444, 13644, 13733, '0', 0, 0, 0, -1, 0, 0, 1373.38, 1354.22, 40.3932, 3.79215, 7200, 0, 0, 100, 0, NULL, NULL, NULL, NULL, '', NULL, 59466),
(@CGUID+299, 190519, 2444, 13644, 13733, '0', 0, 0, 0, -1, 0, 0, 1792.19, 1306.17, 189.399, 2.20119, 7200, 0, 0, 100, 0, NULL, NULL, NULL, NULL, '', NULL, 59466),
(@CGUID+300, 193623, 2444, 13644, 13733, '0', 0, 0, 0, -1, 0, 0, 1394.58, 1374.71, 26.5083, 5.99051, 7200, 0, 0, 100, 0, NULL, NULL, NULL, NULL, '', NULL, 59466),
(@CGUID+301, 186336, 2444, 13644, 13733, '0', 0, 0, 0, -1, 0, 0, 1419.09, 1488.6, 37.2258, 3.60524, 7200, 0, 0, 100, 0, NULL, NULL, NULL, NULL, '', NULL, 59466),
(@CGUID+302, 191628, 2444, 13644, 13733, '0', 0, 0, 0, -1, 0, 0, 1391.16, 1492.39, 34.2896, 4.1569, 7200, 0, 0, 100, 0, NULL, NULL, NULL, NULL, '', NULL, 59466),
(@CGUID+303, 189307, 2444, 13644, 13733, '0', 0, 0, 0, -1, 0, 0, 1341.69, 1332, 36.0981, 3.92795, 7200, 0, 0, 100, 0, NULL, NULL, NULL, NULL, '', NULL, 59466),
(@CGUID+304, 193623, 2444, 13644, 13733, '0', 0, 0, 0, -1, 0, 0, 1365.33, 1334.21, 25.9822, 1.4696, 7200, 0, 0, 100, 0, NULL, NULL, NULL, NULL, '', NULL, 59466),
(@CGUID+305, 193623, 2444, 13644, 13733, '0', 0, 0, 0, -1, 0, 0, 1428.41, 1415.34, 26.4349, 3.36683, 7200, 0, 0, 100, 0, NULL, NULL, NULL, NULL, '', NULL, 59466),
(@CGUID+306, 193623, 2444, 13644, 13733, '0', 0, 0, 0, -1, 0, 0, 1324.46, 1309.6, 26.623, 0, 7200, 0, 0, 100, 0, NULL, NULL, NULL, NULL, '', NULL, 59466),
(@CGUID+307, 193623, 2444, 13644, 13733, '0', 0, 0, 0, -1, 0, 0, 1409.85, 1347.05, 35.0475, 1.13116, 7200, 0, 0, 100, 0, NULL, NULL, NULL, NULL, '', NULL, 59466);

-- creature addon
DELETE FROM `creature_addon` WHERE `guid` BETWEEN @CGUID+1 AND @CGUID+307;
INSERT INTO `creature_addon` (`guid`, `PathId`, `mount`, `MountCreatureID`, `StandState`, `AnimTier`, `VisFlags`, `SheathState`, `PvPFlags`, `emote`, `aiAnimKit`, `movementAnimKit`, `meleeAnimKit`, `visibilityDistanceType`, `auras`) VALUES
(@CGUID+1, 0, 0, 0, 0, 0, 0, 1, 0, 0, 0, 0, 0, 0, ''),
(@CGUID+2, 0, 0, 0, 0, 0, 0, 1, 0, 0, 0, 0, 0, 0, ''),
(@CGUID+3, 0, 0, 0, 0, 0, 0, 1, 0, 0, 0, 0, 0, 0, ''),
(@CGUID+4, 0, 0, 0, 0, 3, 0, 1, 0, 0, 0, 0, 0, 0, ''),
(@CGUID+5, 0, 0, 0, 0, 0, 0, 1, 0, 0, 0, 0, 0, 0, '376376'),
(@CGUID+6, 0, 0, 0, 0, 0, 0, 1, 0, 0, 0, 0, 0, 0, ''),
(@CGUID+7, 0, 0, 0, 0, 0, 0, 1, 0, 0, 0, 0, 0, 0, ''),
(@CGUID+8, 0, 0, 0, 0, 0, 0, 1, 0, 0, 0, 0, 0, 0, ''),
(@CGUID+9, 0, 0, 0, 0, 0, 0, 1, 0, 0, 0, 0, 0, 0, ''),
(@CGUID+10, 0, 0, 0, 0, 0, 0, 1, 0, 0, 0, 0, 0, 0, ''),
(@CGUID+11, 0, 0, 0, 0, 0, 0, 1, 0, 0, 0, 0, 0, 0, ''),
(@CGUID+12, 0, 0, 0, 0, 0, 0, 1, 0, 0, 0, 0, 0, 0, ''),
(@CGUID+13, 0, 0, 0, 0, 0, 0, 1, 0, 0, 0, 0, 0, 0, ''),
(@CGUID+14, 0, 0, 0, 0, 0, 0, 1, 0, 0, 0, 0, 0, 0, ''),
(@CGUID+15, 0, 0, 0, 0, 0, 0, 1, 0, 0, 0, 0, 0, 0, ''),
(@CGUID+16, 0, 0, 0, 0, 3, 0, 1, 0, 0, 0, 0, 0, 0, ''),
(@CGUID+17, 0, 0, 0, 0, 3, 0, 1, 0, 0, 0, 0, 0, 0, ''),
(@CGUID+18, 0, 0, 0, 0, 3, 0, 1, 0, 0, 0, 0, 0, 0, ''),
(@CGUID+19, 0, 0, 0, 0, 3, 0, 1, 0, 0, 0, 0, 0, 0, ''),
(@CGUID+20, 0, 0, 0, 0, 0, 0, 1, 0, 0, 0, 0, 0, 0, ''),
(@CGUID+21, 0, 0, 0, 0, 0, 0, 1, 0, 0, 0, 0, 0, 0, ''),
(@CGUID+22, 0, 0, 0, 0, 0, 0, 1, 0, 0, 0, 0, 0, 0, ''),
(@CGUID+23, 0, 0, 0, 0, 3, 0, 1, 0, 0, 0, 0, 0, 0, ''),
(@CGUID+24, 0, 0, 0, 0, 0, 0, 1, 0, 0, 0, 0, 0, 0, '371171'),
(@CGUID+25, 0, 0, 0, 0, 3, 0, 1, 0, 0, 0, 0, 0, 0, ''),
(@CGUID+26, 0, 0, 0, 0, 0, 0, 1, 0, 0, 0, 0, 0, 0, ''),
(@CGUID+27, 0, 0, 0, 0, 3, 0, 1, 0, 0, 0, 0, 0, 0, ''),
(@CGUID+28, 0, 0, 0, 0, 0, 0, 1, 0, 0, 0, 0, 0, 0, ''),
(@CGUID+29, 0, 0, 0, 0, 0, 0, 1, 0, 0, 0, 0, 0, 0, ''),
(@CGUID+30, 0, 0, 0, 0, 0, 0, 1, 0, 0, 0, 0, 0, 0, ''),
(@CGUID+31, 0, 0, 0, 0, 3, 0, 1, 0, 0, 0, 0, 0, 0, ''),
(@CGUID+32, 0, 0, 0, 0, 3, 0, 1, 0, 0, 0, 0, 0, 0, ''),
(@CGUID+33, 0, 0, 0, 0, 0, 0, 1, 0, 0, 0, 0, 0, 0, ''),
(@CGUID+34, 0, 0, 0, 0, 3, 0, 1, 0, 0, 0, 0, 0, 0, ''),
(@CGUID+35, 0, 0, 0, 0, 0, 0, 1, 0, 0, 0, 0, 0, 0, ''),
(@CGUID+36, 0, 0, 0, 0, 0, 0, 1, 0, 0, 0, 0, 0, 0, ''),
(@CGUID+37, 0, 0, 0, 0, 3, 0, 1, 0, 0, 0, 0, 0, 0, ''),
(@CGUID+38, 0, 0, 0, 0, 0, 0, 1, 0, 0, 0, 0, 0, 0, ''),
(@CGUID+39, 0, 0, 0, 0, 0, 0, 1, 0, 0, 0, 0, 0, 0, ''),
(@CGUID+40, 0, 0, 0, 0, 0, 0, 1, 0, 0, 0, 0, 0, 0, '371171'),
(@CGUID+41, 0, 0, 0, 0, 3, 0, 1, 0, 0, 0, 0, 0, 0, ''),
(@CGUID+42, 0, 0, 0, 0, 0, 0, 1, 0, 0, 0, 0, 0, 0, ''),
(@CGUID+43, 0, 0, 0, 0, 0, 0, 1, 0, 0, 0, 0, 0, 0, ''),
(@CGUID+44, 0, 0, 0, 0, 3, 0, 1, 0, 0, 0, 0, 0, 0, ''),
(@CGUID+45, 0, 0, 0, 0, 3, 0, 1, 0, 0, 0, 0, 0, 3, ''),
(@CGUID+46, 0, 0, 0, 0, 3, 0, 1, 0, 0, 0, 0, 0, 0, ''),
(@CGUID+47, 0, 0, 0, 0, 0, 0, 1, 0, 0, 0, 0, 0, 0, ''),
(@CGUID+48, 0, 0, 0, 0, 0, 0, 1, 0, 0, 0, 0, 0, 0, ''),
(@CGUID+49, 0, 0, 0, 0, 0, 0, 1, 0, 0, 0, 0, 0, 0, ''),
(@CGUID+50, 0, 0, 0, 0, 0, 0, 1, 0, 0, 0, 0, 0, 0, ''),
(@CGUID+51, 0, 0, 0, 0, 0, 0, 1, 0, 0, 0, 0, 0, 0, ''),
(@CGUID+52, 0, 0, 0, 0, 0, 0, 1, 0, 0, 0, 0, 0, 0, ''),
(@CGUID+53, 0, 0, 0, 0, 3, 0, 1, 0, 0, 0, 0, 0, 0, ''),
(@CGUID+54, 0, 0, 0, 0, 0, 0, 1, 0, 0, 0, 0, 0, 0, ''),
(@CGUID+55, 0, 0, 0, 0, 0, 0, 1, 0, 0, 0, 0, 0, 0, ''),
(@CGUID+56, 0, 0, 0, 0, 0, 0, 1, 0, 0, 0, 0, 0, 0, ''),
(@CGUID+57, 0, 0, 0, 0, 3, 0, 1, 0, 0, 0, 0, 0, 0, ''),
(@CGUID+58, 0, 0, 0, 0, 3, 0, 1, 0, 0, 0, 0, 0, 0, ''),
(@CGUID+59, 0, 0, 0, 0, 3, 0, 1, 0, 0, 0, 0, 0, 0, '382487'),
(@CGUID+60, 0, 0, 0, 0, 0, 0, 1, 0, 0, 0, 0, 0, 0, ''),
(@CGUID+61, 0, 0, 0, 0, 3, 0, 1, 0, 0, 0, 0, 0, 0, ''),
(@CGUID+62, 0, 0, 0, 0, 0, 0, 1, 0, 0, 0, 0, 0, 0, ''),
(@CGUID+63, 0, 0, 0, 0, 0, 0, 1, 0, 0, 0, 0, 0, 0, ''),
(@CGUID+64, 0, 0, 0, 0, 0, 0, 1, 0, 0, 0, 0, 0, 0, ''),
(@CGUID+65, 0, 0, 0, 0, 3, 0, 1, 0, 0, 0, 0, 0, 0, ''),
(@CGUID+66, 0, 0, 0, 0, 0, 0, 1, 0, 0, 0, 0, 0, 0, ''),
(@CGUID+67, 0, 0, 0, 0, 0, 0, 1, 0, 0, 0, 0, 0, 0, ''),
(@CGUID+68, 0, 0, 0, 0, 0, 0, 1, 0, 0, 0, 0, 0, 0, '364674'),
(@CGUID+69, 0, 0, 0, 0, 3, 0, 1, 0, 0, 0, 0, 0, 0, '382487'),
(@CGUID+70, 0, 0, 0, 0, 3, 0, 1, 0, 0, 0, 0, 0, 0, ''),
(@CGUID+71, 0, 0, 0, 0, 3, 0, 1, 0, 0, 0, 0, 0, 0, ''),
(@CGUID+72, 0, 0, 0, 0, 3, 0, 1, 0, 0, 0, 0, 0, 0, ''),
(@CGUID+73, 0, 0, 0, 0, 3, 0, 1, 0, 0, 0, 0, 0, 3, ''),
(@CGUID+74, 0, 0, 0, 0, 0, 0, 1, 0, 0, 0, 0, 0, 0, ''),
(@CGUID+75, 0, 0, 0, 0, 3, 0, 1, 0, 0, 0, 0, 0, 0, ''),
(@CGUID+76, 0, 0, 0, 0, 3, 0, 1, 0, 0, 0, 0, 0, 0, ''),
(@CGUID+77, 0, 0, 0, 0, 3, 0, 1, 0, 0, 0, 0, 0, 0, ''),
(@CGUID+78, 0, 0, 0, 0, 3, 0, 1, 0, 0, 0, 0, 0, 0, ''),
(@CGUID+79, 0, 0, 0, 0, 0, 0, 1, 0, 27, 0, 0, 0, 0, '373362'),
(@CGUID+80, 0, 0, 0, 0, 3, 0, 1, 0, 0, 0, 0, 0, 0, '382487'),
(@CGUID+81, 0, 0, 0, 0, 3, 0, 1, 0, 0, 0, 0, 0, 0, ''),
(@CGUID+82, 0, 0, 0, 0, 0, 0, 1, 0, 27, 0, 0, 0, 0, ''),
(@CGUID+83, 0, 0, 0, 0, 3, 0, 1, 0, 0, 0, 0, 0, 0, ''),
(@CGUID+84, 0, 0, 0, 0, 0, 0, 1, 0, 0, 0, 0, 0, 0, ''),
(@CGUID+85, 0, 0, 0, 0, 0, 0, 1, 0, 0, 0, 0, 0, 0, ''),
(@CGUID+86, 0, 0, 0, 0, 0, 0, 1, 0, 0, 0, 0, 0, 0, ''),
(@CGUID+87, 0, 0, 0, 0, 0, 0, 1, 0, 0, 0, 0, 0, 0, ''),
(@CGUID+88, 0, 0, 0, 0, 3, 0, 1, 0, 0, 0, 0, 0, 0, ''),
(@CGUID+89, 0, 0, 0, 0, 3, 0, 1, 0, 0, 0, 0, 0, 0, ''),
(@CGUID+90, 0, 0, 0, 0, 0, 0, 1, 0, 0, 0, 0, 0, 0, ''),
(@CGUID+91, 0, 0, 0, 0, 3, 0, 1, 0, 0, 0, 0, 0, 0, '382487'),
(@CGUID+92, 0, 0, 0, 0, 0, 0, 1, 0, 0, 0, 0, 0, 0, ''),
(@CGUID+93, 0, 0, 0, 0, 0, 0, 1, 0, 0, 0, 0, 0, 0, '371171'),
(@CGUID+94, 0, 0, 0, 0, 3, 0, 1, 0, 0, 0, 0, 0, 0, ''),
(@CGUID+95, 0, 0, 0, 0, 3, 0, 1, 0, 0, 0, 0, 0, 0, ''),
(@CGUID+96, 0, 0, 0, 0, 0, 0, 1, 0, 0, 0, 0, 0, 0, ''),
(@CGUID+97, 0, 0, 0, 0, 3, 0, 1, 0, 0, 0, 0, 0, 0, '382487'),
(@CGUID+98, 0, 0, 0, 0, 0, 0, 1, 0, 0, 0, 0, 0, 0, ''),
(@CGUID+99, 0, 0, 0, 0, 0, 0, 1, 0, 0, 0, 0, 0, 0, ''),
(@CGUID+100, 0, 0, 0, 0, 0, 0, 1, 0, 0, 0, 0, 0, 0, ''),
(@CGUID+101, 0, 0, 0, 0, 0, 0, 1, 0, 0, 0, 0, 0, 0, '364674'),
(@CGUID+102, 0, 0, 0, 0, 3, 0, 1, 0, 0, 0, 0, 0, 0, ''),
(@CGUID+103, 0, 0, 0, 0, 3, 0, 1, 0, 0, 0, 0, 0, 0, ''),
(@CGUID+104, 0, 0, 0, 0, 0, 0, 1, 0, 0, 0, 0, 0, 0, ''),
(@CGUID+105, 0, 0, 0, 0, 3, 0, 1, 0, 0, 0, 0, 0, 0, ''),
(@CGUID+106, 0, 0, 0, 0, 0, 0, 1, 0, 0, 0, 0, 0, 0, ''),
(@CGUID+107, 0, 0, 0, 0, 0, 0, 1, 0, 0, 0, 0, 0, 0, ''),
(@CGUID+108, 0, 0, 0, 0, 0, 0, 1, 0, 0, 0, 0, 0, 0, ''),
(@CGUID+109, 0, 0, 0, 0, 0, 0, 1, 0, 0, 0, 0, 0, 0, ''),
(@CGUID+110, 0, 0, 0, 0, 0, 0, 1, 0, 0, 0, 0, 0, 0, '391245'),
(@CGUID+111, 0, 0, 0, 0, 3, 0, 1, 0, 0, 0, 0, 0, 0, ''),
(@CGUID+112, 0, 0, 0, 0, 0, 0, 1, 0, 0, 0, 0, 0, 0, ''),
(@CGUID+113, 0, 0, 0, 0, 0, 0, 1, 0, 0, 0, 0, 0, 0, '364674'),
(@CGUID+114, 0, 0, 0, 0, 0, 0, 1, 0, 0, 0, 0, 0, 0, ''),
(@CGUID+115, 0, 0, 0, 0, 0, 0, 1, 0, 0, 0, 0, 0, 0, ''),
(@CGUID+116, 0, 0, 0, 0, 0, 0, 1, 0, 0, 0, 0, 0, 0, ''),
(@CGUID+117, 0, 0, 0, 0, 0, 0, 1, 0, 0, 0, 0, 0, 0, ''),
(@CGUID+118, 0, 0, 0, 0, 0, 0, 1, 0, 378, 0, 0, 0, 0, ''),
(@CGUID+119, 0, 0, 0, 0, 0, 0, 1, 0, 0, 0, 0, 0, 0, ''),
(@CGUID+120, 0, 0, 0, 0, 0, 0, 1, 0, 0, 0, 0, 0, 0, '59562'),
(@CGUID+121, 0, 0, 0, 0, 0, 0, 1, 0, 0, 0, 0, 0, 0, ''),
(@CGUID+122, 0, 0, 0, 0, 3, 0, 1, 0, 0, 0, 0, 0, 0, ''),
(@CGUID+123, 0, 0, 0, 0, 0, 0, 1, 0, 0, 0, 0, 0, 0, ''),
(@CGUID+124, 0, 0, 0, 0, 3, 0, 1, 0, 0, 0, 0, 0, 0, ''),
(@CGUID+125, 0, 0, 0, 0, 0, 0, 0, 0, 0, 0, 0, 0, 0, ''),
(@CGUID+126, 0, 0, 0, 0, 0, 0, 1, 0, 0, 0, 0, 0, 0, '382495'),
(@CGUID+127, 0, 0, 0, 0, 0, 0, 1, 0, 378, 0, 0, 0, 0, ''),
(@CGUID+128, 0, 0, 0, 0, 0, 0, 1, 0, 0, 0, 0, 0, 0, '382495'),
(@CGUID+129, 0, 0, 0, 0, 0, 0, 1, 0, 0, 0, 0, 0, 0, ''),
(@CGUID+130, 0, 0, 0, 0, 3, 0, 1, 0, 0, 0, 0, 0, 0, ''),
(@CGUID+131, 0, 0, 0, 0, 0, 0, 1, 0, 0, 0, 0, 0, 0, ''),
(@CGUID+132, 0, 0, 0, 0, 0, 0, 1, 0, 0, 0, 0, 0, 0, '145953'),
(@CGUID+133, 0, 0, 0, 0, 0, 0, 1, 0, 0, 0, 0, 0, 0, '371171'),
(@CGUID+134, 0, 0, 0, 0, 0, 0, 1, 0, 378, 0, 0, 0, 0, ''),
(@CGUID+135, 0, 0, 0, 0, 0, 0, 1, 0, 0, 0, 0, 0, 0, '145953'),
(@CGUID+136, 0, 0, 0, 0, 0, 0, 1, 0, 0, 0, 0, 0, 0, ''),
(@CGUID+137, 0, 0, 0, 0, 0, 0, 1, 0, 0, 0, 0, 0, 0, ''),
(@CGUID+138, 0, 0, 0, 0, 0, 0, 1, 0, 0, 0, 0, 0, 0, ''),
(@CGUID+139, 0, 0, 0, 0, 0, 0, 1, 0, 0, 0, 0, 0, 0, ''),
(@CGUID+140, 0, 0, 0, 0, 0, 0, 1, 0, 0, 0, 0, 0, 0, ''),
(@CGUID+141, 0, 0, 0, 0, 0, 0, 1, 0, 0, 0, 0, 0, 0, '382495'),
(@CGUID+142, 0, 0, 0, 0, 0, 0, 1, 0, 0, 0, 0, 0, 0, ''),
(@CGUID+143, 0, 0, 0, 0, 3, 0, 1, 0, 0, 0, 0, 0, 0, ''),
(@CGUID+144, 0, 0, 0, 0, 0, 0, 1, 0, 378, 0, 0, 0, 0, ''),
(@CGUID+145, 0, 0, 0, 0, 0, 0, 1, 0, 0, 0, 0, 0, 0, ''),
(@CGUID+146, 0, 0, 0, 0, 3, 0, 1, 0, 0, 0, 0, 0, 0, ''),
(@CGUID+147, 0, 0, 0, 0, 3, 0, 1, 0, 0, 0, 0, 0, 0, ''),
(@CGUID+148, 0, 0, 0, 0, 0, 0, 1, 0, 0, 0, 0, 0, 0, ''),
(@CGUID+149, 0, 0, 0, 0, 0, 0, 1, 0, 0, 0, 0, 0, 0, ''),
(@CGUID+150, 0, 0, 0, 0, 0, 0, 1, 0, 0, 0, 0, 0, 0, ''),
(@CGUID+151, 0, 0, 0, 0, 0, 0, 1, 0, 0, 0, 0, 0, 0, ''),
(@CGUID+152, 0, 0, 0, 0, 0, 0, 1, 0, 0, 0, 0, 0, 0, ''),
(@CGUID+153, 0, 0, 0, 0, 3, 0, 1, 0, 0, 0, 0, 0, 0, ''),
(@CGUID+154, 0, 0, 0, 0, 0, 0, 1, 0, 0, 0, 0, 0, 0, ''),
(@CGUID+155, 0, 0, 0, 0, 0, 4, 1, 0, 0, 0, 0, 0, 0, '159474'),
(@CGUID+156, 0, 0, 0, 0, 0, 0, 1, 0, 0, 0, 0, 0, 0, ''),
(@CGUID+157, 0, 0, 0, 0, 0, 0, 1, 0, 0, 0, 0, 0, 0, ''),
(@CGUID+158, 0, 0, 0, 0, 0, 0, 1, 0, 0, 0, 0, 0, 0, ''),
(@CGUID+159, 0, 0, 0, 0, 0, 0, 1, 0, 0, 0, 0, 0, 0, ''),
(@CGUID+160, 0, 0, 0, 0, 0, 0, 1, 0, 0, 0, 0, 0, 0, ''),
(@CGUID+161, 0, 0, 0, 0, 0, 0, 1, 0, 0, 0, 0, 0, 0, ''),
(@CGUID+162, 0, 0, 0, 0, 0, 0, 1, 0, 0, 0, 0, 0, 0, ''),
(@CGUID+163, 0, 0, 0, 0, 0, 0, 1, 0, 0, 0, 0, 0, 0, ''),
(@CGUID+164, 0, 0, 0, 0, 3, 0, 1, 0, 0, 0, 0, 0, 0, ''),
(@CGUID+165, 0, 0, 0, 0, 0, 0, 1, 0, 0, 0, 0, 0, 4, '370243'),
(@CGUID+166, 0, 0, 0, 0, 0, 0, 1, 0, 0, 0, 0, 0, 0, ''),
(@CGUID+167, 0, 0, 0, 0, 0, 0, 1, 0, 0, 0, 0, 0, 0, ''),
(@CGUID+168, 0, 0, 0, 0, 3, 0, 1, 0, 0, 0, 0, 0, 0, ''),
(@CGUID+169, 0, 0, 0, 0, 0, 0, 1, 0, 0, 0, 0, 0, 0, ''),
(@CGUID+170, 0, 0, 0, 0, 3, 0, 1, 0, 0, 0, 0, 0, 0, ''),
(@CGUID+171, 0, 0, 0, 0, 0, 0, 1, 0, 0, 0, 0, 0, 0, ''),
(@CGUID+172, 0, 0, 0, 0, 0, 0, 1, 0, 0, 0, 0, 0, 0, ''),
(@CGUID+173, 0, 0, 0, 0, 0, 0, 1, 0, 0, 0, 0, 0, 0, ''),
(@CGUID+174, 0, 0, 0, 0, 0, 0, 1, 0, 0, 0, 0, 0, 0, ''),
(@CGUID+175, 0, 0, 0, 0, 0, 0, 1, 0, 0, 0, 0, 0, 0, ''),
(@CGUID+176, 0, 0, 0, 0, 0, 0, 1, 0, 0, 0, 0, 0, 0, ''),
(@CGUID+177, 0, 0, 0, 0, 3, 0, 1, 0, 0, 0, 0, 0, 0, ''),
(@CGUID+178, 0, 0, 0, 0, 0, 0, 1, 0, 27, 0, 0, 0, 0, ''),
(@CGUID+179, 0, 0, 0, 0, 0, 0, 1, 0, 0, 0, 0, 0, 0, ''),
(@CGUID+180, 0, 0, 0, 0, 0, 0, 1, 0, 27, 0, 0, 0, 0, ''),
(@CGUID+181, 0, 0, 0, 0, 0, 0, 1, 0, 27, 0, 0, 0, 0, ''),
(@CGUID+182, 0, 0, 0, 0, 0, 0, 1, 0, 27, 0, 0, 0, 0, ''),
(@CGUID+183, 0, 0, 0, 0, 3, 0, 1, 0, 0, 0, 0, 0, 0, ''),
(@CGUID+184, 0, 0, 0, 0, 0, 0, 1, 0, 0, 0, 0, 0, 0, ''),
(@CGUID+185, 0, 0, 0, 0, 0, 0, 1, 0, 0, 0, 0, 0, 0, ''),
(@CGUID+186, 0, 0, 0, 0, 0, 0, 1, 0, 0, 0, 0, 0, 0, ''),
(@CGUID+187, 0, 0, 0, 0, 0, 0, 1, 0, 27, 0, 0, 0, 0, ''),
(@CGUID+188, 0, 0, 0, 0, 0, 0, 1, 0, 27, 0, 0, 0, 0, ''),
(@CGUID+189, 0, 0, 0, 0, 0, 0, 1, 0, 0, 0, 0, 0, 0, ''),
(@CGUID+190, 0, 0, 0, 0, 3, 0, 1, 0, 0, 0, 0, 0, 0, ''),
(@CGUID+191, 0, 0, 0, 0, 0, 0, 1, 0, 378, 0, 0, 0, 0, ''),
(@CGUID+192, 0, 0, 0, 0, 0, 0, 1, 0, 0, 0, 0, 0, 0, '364674'),
(@CGUID+193, 0, 0, 0, 0, 3, 0, 1, 0, 0, 0, 0, 0, 0, ''),
(@CGUID+194, 0, 0, 0, 0, 3, 0, 1, 0, 0, 0, 0, 0, 0, ''),
(@CGUID+195, 0, 0, 0, 0, 0, 0, 1, 0, 0, 0, 0, 0, 0, ''),
(@CGUID+196, 0, 0, 0, 0, 0, 0, 1, 0, 0, 0, 0, 0, 0, '364674'),
(@CGUID+197, 0, 0, 0, 0, 3, 0, 1, 0, 0, 0, 0, 0, 0, ''),
(@CGUID+198, 0, 0, 0, 0, 0, 0, 1, 0, 0, 0, 0, 0, 0, ''),
(@CGUID+199, 0, 0, 0, 0, 3, 0, 1, 0, 0, 0, 0, 0, 0, ''),
(@CGUID+200, 0, 0, 0, 0, 0, 0, 1, 0, 0, 0, 0, 0, 0, '364674'),
(@CGUID+201, 0, 0, 0, 0, 0, 0, 1, 0, 0, 0, 0, 0, 0, '382495'),
(@CGUID+202, 0, 0, 0, 0, 0, 0, 1, 0, 0, 0, 0, 0, 0, ''),
(@CGUID+203, 0, 0, 0, 0, 0, 0, 1, 0, 0, 0, 0, 0, 0, ''),
(@CGUID+204, 0, 0, 0, 0, 3, 0, 1, 0, 0, 0, 0, 0, 0, ''),
(@CGUID+205, 0, 0, 0, 0, 0, 0, 1, 0, 0, 0, 0, 0, 0, ''),
(@CGUID+206, 0, 0, 0, 0, 0, 0, 1, 0, 0, 0, 0, 0, 0, ''),
(@CGUID+207, 0, 0, 0, 0, 0, 0, 1, 0, 0, 0, 0, 0, 0, ''),
(@CGUID+208, 0, 0, 0, 0, 3, 0, 1, 0, 0, 0, 0, 0, 0, ''),
(@CGUID+209, 0, 0, 0, 0, 0, 0, 1, 0, 0, 0, 0, 0, 0, ''),
(@CGUID+210, 0, 0, 0, 0, 0, 0, 1, 0, 0, 0, 0, 0, 0, ''),
(@CGUID+211, 0, 0, 0, 0, 0, 0, 1, 0, 0, 0, 0, 0, 0, ''),
(@CGUID+212, 0, 0, 0, 0, 0, 0, 1, 0, 0, 0, 0, 0, 0, ''),
(@CGUID+213, 0, 0, 0, 0, 0, 0, 1, 0, 0, 0, 0, 0, 0, ''),
(@CGUID+214, 0, 0, 0, 0, 0, 0, 1, 0, 0, 0, 0, 0, 0, ''),
(@CGUID+215, 0, 0, 0, 0, 0, 0, 1, 0, 0, 0, 0, 0, 0, ''),
(@CGUID+216, 0, 0, 0, 0, 3, 0, 1, 0, 0, 0, 0, 0, 0, ''),
(@CGUID+217, 0, 0, 0, 0, 0, 0, 1, 0, 0, 0, 0, 0, 0, ''),
(@CGUID+218, 0, 0, 0, 0, 0, 0, 1, 0, 0, 0, 0, 0, 0, ''),
(@CGUID+219, 0, 0, 0, 0, 3, 0, 1, 0, 0, 0, 0, 0, 0, ''),
(@CGUID+220, 0, 0, 0, 0, 3, 0, 1, 0, 0, 0, 0, 0, 0, ''),
(@CGUID+221, 0, 0, 0, 0, 0, 0, 1, 0, 0, 0, 0, 0, 0, ''),
(@CGUID+222, 0, 0, 0, 0, 0, 0, 1, 0, 0, 0, 0, 0, 0, ''),
(@CGUID+223, 0, 0, 0, 0, 3, 0, 1, 0, 0, 0, 0, 0, 0, ''),
(@CGUID+224, 0, 0, 0, 0, 0, 0, 1, 0, 0, 0, 0, 0, 0, ''),
(@CGUID+225, 0, 0, 0, 0, 0, 0, 1, 0, 0, 0, 0, 0, 0, '382495'),
(@CGUID+226, 0, 0, 0, 0, 0, 0, 1, 0, 0, 0, 0, 0, 0, ''),
(@CGUID+227, 0, 0, 0, 0, 3, 0, 1, 0, 0, 0, 0, 0, 0, ''),
(@CGUID+228, 0, 0, 0, 0, 0, 0, 1, 0, 0, 0, 0, 0, 0, ''),
(@CGUID+229, 0, 0, 0, 0, 0, 0, 1, 0, 0, 0, 0, 0, 0, '382495'),
(@CGUID+230, 0, 0, 0, 0, 3, 0, 1, 0, 0, 0, 0, 0, 0, ''),
(@CGUID+231, 0, 0, 0, 0, 0, 0, 1, 0, 0, 0, 0, 0, 0, ''),
(@CGUID+232, 0, 0, 0, 0, 3, 0, 1, 0, 0, 0, 0, 0, 4, '384403'),
(@CGUID+233, 0, 0, 0, 0, 0, 0, 1, 0, 0, 0, 0, 0, 0, ''),
(@CGUID+234, 0, 0, 0, 0, 0, 0, 1, 0, 0, 0, 0, 0, 0, ''),
(@CGUID+235, 0, 0, 0, 0, 0, 0, 1, 0, 0, 0, 0, 0, 0, ''),
(@CGUID+236, 0, 0, 0, 0, 0, 0, 1, 0, 0, 0, 0, 0, 0, ''),
(@CGUID+237, 0, 0, 0, 0, 3, 0, 1, 0, 0, 0, 0, 0, 4, ''),
(@CGUID+238, 0, 0, 0, 0, 0, 0, 1, 0, 0, 0, 0, 0, 0, ''),
(@CGUID+239, 0, 0, 0, 0, 0, 0, 1, 0, 0, 0, 0, 0, 0, ''),
(@CGUID+240, 0, 0, 0, 0, 0, 0, 1, 0, 0, 0, 0, 0, 0, ''),
(@CGUID+241, 0, 0, 0, 0, 0, 0, 1, 0, 0, 0, 0, 0, 0, '364674'),
(@CGUID+242, 0, 0, 0, 0, 0, 0, 1, 0, 0, 0, 0, 0, 0, ''),
(@CGUID+243, 0, 0, 0, 0, 0, 0, 1, 0, 0, 0, 0, 0, 0, ''),
(@CGUID+244, 0, 0, 0, 0, 3, 0, 1, 0, 0, 0, 0, 0, 0, ''),
(@CGUID+245, 0, 0, 0, 0, 3, 0, 1, 0, 0, 0, 0, 0, 0, ''),
(@CGUID+246, 0, 0, 0, 0, 0, 0, 1, 0, 0, 0, 0, 0, 0, ''),
(@CGUID+247, 0, 0, 0, 0, 0, 0, 1, 0, 0, 0, 0, 0, 0, ''),
(@CGUID+248, 0, 0, 0, 0, 0, 0, 1, 0, 0, 0, 0, 0, 0, ''),
(@CGUID+249, 0, 0, 0, 0, 0, 0, 1, 0, 0, 0, 0, 0, 0, ''),
(@CGUID+250, 0, 0, 0, 0, 3, 0, 1, 0, 0, 0, 0, 0, 0, ''),
(@CGUID+251, 0, 0, 0, 0, 0, 0, 1, 0, 0, 0, 0, 0, 0, ''),
(@CGUID+252, 0, 0, 0, 0, 3, 0, 1, 0, 0, 0, 0, 0, 0, ''),
(@CGUID+253, 0, 0, 0, 0, 3, 0, 1, 0, 0, 0, 0, 0, 0, ''),
(@CGUID+254, 0, 0, 0, 0, 0, 0, 1, 0, 0, 0, 0, 0, 0, ''),
(@CGUID+255, 0, 0, 0, 0, 0, 0, 1, 0, 0, 0, 0, 0, 0, ''),
(@CGUID+256, 0, 0, 0, 0, 0, 0, 1, 0, 0, 0, 0, 0, 0, ''),
(@CGUID+257, 0, 0, 0, 0, 3, 0, 1, 0, 0, 0, 0, 0, 0, ''),
(@CGUID+258, 0, 0, 0, 0, 0, 0, 1, 0, 0, 0, 0, 0, 0, ''),
(@CGUID+259, 0, 0, 0, 0, 0, 0, 1, 0, 0, 0, 0, 0, 0, '382495'),
(@CGUID+260, 0, 0, 0, 0, 0, 0, 1, 0, 0, 0, 0, 0, 0, ''),
(@CGUID+261, 0, 0, 0, 0, 0, 0, 1, 0, 0, 0, 0, 0, 0, ''),
(@CGUID+262, 0, 0, 0, 0, 0, 0, 1, 0, 0, 0, 0, 0, 0, ''),
(@CGUID+263, 0, 0, 0, 0, 0, 0, 1, 0, 0, 0, 0, 0, 0, '382495'),
(@CGUID+264, 0, 0, 0, 0, 0, 0, 1, 0, 0, 0, 0, 0, 0, ''),
(@CGUID+265, 0, 0, 0, 0, 0, 0, 1, 0, 27, 0, 0, 0, 0, ''),
(@CGUID+266, 0, 0, 0, 0, 0, 0, 1, 0, 27, 0, 0, 0, 0, ''),
(@CGUID+267, 0, 0, 0, 0, 0, 0, 1, 0, 0, 0, 0, 0, 0, ''),
(@CGUID+268, 0, 0, 0, 0, 3, 0, 1, 0, 0, 0, 0, 0, 0, ''),
(@CGUID+269, 0, 0, 0, 0, 0, 0, 1, 0, 0, 0, 0, 0, 0, ''),
(@CGUID+270, 0, 0, 0, 0, 0, 0, 1, 0, 0, 0, 0, 0, 0, ''),
(@CGUID+271, 0, 0, 0, 0, 3, 0, 1, 0, 0, 0, 0, 0, 0, ''),
(@CGUID+272, 0, 0, 0, 0, 0, 0, 1, 0, 0, 0, 0, 0, 0, ''),
(@CGUID+273, 0, 0, 0, 0, 0, 0, 1, 0, 0, 0, 0, 0, 0, ''),
(@CGUID+274, 0, 0, 0, 0, 0, 0, 1, 0, 0, 0, 0, 0, 0, ''),
(@CGUID+275, 0, 0, 0, 0, 3, 0, 1, 0, 0, 0, 0, 0, 0, ''),
(@CGUID+276, 0, 0, 0, 0, 0, 0, 1, 0, 0, 0, 0, 0, 0, ''),
(@CGUID+277, 0, 0, 0, 0, 3, 0, 1, 0, 0, 0, 0, 0, 0, ''),
(@CGUID+278, 0, 0, 0, 0, 0, 0, 1, 0, 0, 0, 0, 0, 0, ''),
(@CGUID+279, 0, 0, 0, 0, 0, 0, 1, 0, 0, 0, 0, 0, 0, ''),
(@CGUID+280, 0, 0, 0, 0, 3, 0, 1, 0, 0, 0, 0, 0, 0, ''),
(@CGUID+281, 0, 0, 0, 0, 0, 0, 1, 0, 0, 0, 0, 0, 0, ''),
(@CGUID+282, 0, 0, 0, 0, 0, 0, 1, 0, 0, 0, 0, 0, 0, ''),
(@CGUID+283, 0, 0, 0, 0, 0, 0, 1, 0, 0, 0, 0, 0, 0, ''),
(@CGUID+284, 0, 0, 0, 0, 0, 0, 1, 0, 0, 18429, 0, 0, 0, ''),
(@CGUID+285, 0, 0, 0, 0, 0, 0, 1, 0, 0, 0, 0, 0, 0, ''),
(@CGUID+286, 0, 0, 0, 0, 3, 0, 1, 0, 0, 0, 0, 0, 0, ''),
(@CGUID+287, 0, 0, 0, 0, 3, 0, 1, 0, 0, 0, 0, 0, 0, ''),
(@CGUID+288, 0, 0, 0, 0, 0, 0, 1, 0, 0, 0, 0, 0, 0, ''),
(@CGUID+289, 0, 0, 0, 0, 0, 0, 1, 0, 0, 0, 0, 0, 0, ''),
(@CGUID+290, 0, 0, 0, 0, 0, 0, 1, 0, 0, 0, 0, 0, 0, ''),
(@CGUID+291, 0, 0, 0, 0, 0, 0, 1, 0, 0, 0, 0, 0, 0, ''),
(@CGUID+292, 0, 0, 0, 0, 0, 0, 1, 0, 0, 0, 0, 0, 0, ''),
(@CGUID+293, 0, 0, 0, 0, 3, 0, 1, 0, 0, 0, 0, 0, 0, ''),
(@CGUID+294, 0, 0, 0, 0, 0, 0, 1, 0, 0, 0, 0, 0, 0, ''),
(@CGUID+295, 0, 0, 0, 0, 3, 0, 1, 0, 0, 0, 0, 0, 0, ''),
(@CGUID+296, 0, 0, 0, 0, 0, 0, 1, 0, 0, 0, 0, 0, 0, ''),
(@CGUID+297, 0, 0, 0, 0, 3, 0, 1, 0, 0, 0, 0, 0, 0, ''),
(@CGUID+298, 0, 0, 0, 0, 3, 0, 1, 0, 0, 0, 0, 0, 0, ''),
(@CGUID+299, 0, 0, 0, 0, 0, 0, 1, 0, 0, 0, 0, 0, 4, '370243'),
(@CGUID+300, 0, 0, 0, 0, 0, 0, 1, 0, 0, 0, 0, 0, 0, ''),
(@CGUID+301, 0, 0, 0, 0, 0, 0, 1, 0, 0, 0, 0, 0, 0, ''),
(@CGUID+302, 0, 0, 0, 0, 0, 0, 1, 0, 0, 0, 0, 0, 0, ''),
(@CGUID+303, 0, 0, 0, 0, 3, 0, 1, 0, 0, 0, 0, 0, 0, ''),
(@CGUID+304, 0, 0, 0, 0, 0, 0, 1, 0, 0, 0, 0, 0, 0, ''),
(@CGUID+305, 0, 0, 0, 0, 0, 0, 1, 0, 0, 0, 0, 0, 0, ''),
(@CGUID+306, 0, 0, 0, 0, 0, 0, 1, 0, 0, 0, 0, 0, 0, ''),
(@CGUID+307, 0, 0, 0, 0, 0, 0, 1, 0, 0, 0, 0, 0, 0, '');

-- creature template addon
DELETE FROM `creature_template_addon` WHERE `entry` IN(186336,188722,188754,189104,189307,189485,189486,189515,190363,190503,190519,190812,191180,191284,191413,191628,191684,191687,191704,191705,191708,191818,192058,192067,192097,192106,192186,192188,192393,192717,193517,193623,193640,193740,193793,193795,193807,193825,193868,193954,194075,194087,194092,194144,194145,194146,194444,194709,194888,196264,196379,196380,196381,196385,198621,199439);
INSERT INTO `creature_template_addon` (`entry`, `PathId`, `mount`, `MountCreatureID`, `StandState`, `AnimTier`, `VisFlags`, `SheathState`, `PvPFlags`, `emote`, `aiAnimKit`, `movementAnimKit`, `meleeAnimKit`, `visibilityDistanceType`, `auras`) VALUES 
(186336, 0, 0, 0, 0, 0, 0, 1, 0, 0, 0, 0, 0, 0, ''),
(188722, 0, 0, 0, 0, 3, 0, 1, 0, 0, 0, 0, 0, 0, ''),
(188754, 0, 0, 0, 0, 0, 0, 1, 0, 0, 0, 0, 0, 0, ''),
(189104, 0, 0, 0, 0, 0, 0, 1, 0, 0, 0, 0, 0, 0, ''),
(189307, 0, 0, 0, 0, 3, 0, 1, 0, 0, 0, 0, 0, 0, ''),
(189485, 0, 0, 0, 0, 0, 0, 1, 0, 0, 0, 0, 0, 0, ''),
(189486, 0, 0, 0, 0, 3, 0, 1, 0, 0, 0, 0, 0, 0, '382487'),
(189515, 0, 0, 0, 0, 3, 0, 1, 0, 0, 0, 0, 0, 0, ''),
(190363, 0, 0, 0, 0, 0, 0, 1, 0, 0, 0, 0, 0, 0, '59562'),
(190503, 0, 0, 0, 0, 0, 0, 1, 0, 0, 0, 0, 0, 4, '370243'),
(190519, 0, 0, 0, 0, 0, 0, 1, 0, 0, 0, 0, 0, 4, '370243'),
(190812, 0, 0, 0, 0, 0, 0, 1, 0, 0, 0, 0, 0, 0, '373362'),
(191180, 0, 0, 0, 0, 0, 0, 1, 0, 0, 0, 0, 0, 0, '371171'),
(191284, 0, 0, 0, 0, 0, 0, 1, 0, 0, 0, 0, 0, 0, ''),
(191413, 0, 0, 0, 0, 0, 0, 1, 0, 0, 0, 0, 0, 0, '371171'),
(191628, 0, 0, 0, 0, 0, 0, 1, 0, 0, 0, 0, 0, 0, ''),
(191684, 0, 0, 0, 0, 0, 0, 1, 0, 0, 0, 0, 0, 0, ''),
(191687, 0, 0, 0, 0, 0, 0, 1, 0, 0, 0, 0, 0, 0, ''),
(191704, 0, 0, 0, 0, 3, 0, 1, 0, 0, 0, 0, 0, 3, ''),
(191705, 0, 0, 0, 0, 3, 0, 1, 0, 0, 0, 0, 0, 3, ''),
(191708, 0, 0, 0, 0, 3, 0, 1, 0, 0, 0, 0, 0, 0, ''),
(191818, 0, 0, 0, 0, 0, 0, 1, 0, 0, 0, 0, 0, 0, ''),
(192058, 0, 0, 0, 0, 0, 0, 1, 0, 0, 0, 0, 0, 0, ''),
(192067, 0, 0, 0, 0, 0, 0, 1, 0, 0, 0, 0, 0, 0, ''),
(192097, 0, 0, 0, 0, 0, 0, 1, 0, 0, 0, 0, 0, 0, ''),
(192106, 0, 0, 0, 0, 0, 0, 1, 0, 0, 0, 0, 0, 0, ''),
(192186, 0, 0, 0, 0, 3, 0, 1, 0, 0, 0, 0, 0, 0, ''),
(192188, 0, 0, 0, 0, 0, 0, 1, 0, 0, 0, 0, 0, 0, ''),
(192393, 0, 0, 0, 0, 3, 0, 1, 0, 0, 0, 0, 0, 0, ''),
(192717, 0, 0, 0, 0, 0, 0, 1, 0, 0, 0, 0, 0, 0, ''),
(193517, 0, 0, 0, 0, 0, 0, 1, 0, 0, 0, 0, 0, 0, ''),
(193623, 0, 0, 0, 0, 0, 0, 1, 0, 0, 0, 0, 0, 0, ''),
(193640, 0, 0, 0, 0, 0, 0, 1, 0, 0, 0, 0, 0, 0, ''),
(193740, 0, 0, 0, 0, 0, 0, 0, 0, 0, 0, 0, 0, 0, ''),
(193793, 0, 0, 0, 0, 0, 0, 1, 0, 0, 0, 0, 0, 0, ''),
(193795, 0, 0, 0, 0, 0, 0, 1, 0, 0, 0, 0, 0, 0, '364674'),
(193807, 0, 0, 0, 0, 0, 0, 1, 0, 0, 0, 0, 0, 0, ''),
(193825, 0, 0, 0, 0, 0, 0, 1, 0, 0, 0, 0, 0, 0, '382495'),
(193868, 0, 0, 0, 0, 0, 0, 1, 0, 0, 0, 0, 0, 0, '371171'),
(193954, 0, 0, 0, 0, 0, 0, 1, 0, 0, 0, 0, 0, 0, ''),
(194075, 0, 0, 0, 0, 0, 0, 1, 0, 0, 0, 0, 0, 0, ''),
(194087, 0, 0, 0, 0, 0, 0, 1, 0, 0, 0, 0, 0, 0, ''),
(194092, 0, 0, 0, 0, 0, 0, 1, 0, 0, 0, 0, 0, 0, '376376'),
(194144, 0, 0, 0, 0, 0, 0, 1, 0, 0, 0, 0, 0, 0, ''),
(194145, 0, 0, 0, 0, 0, 0, 1, 0, 0, 0, 0, 0, 0, ''),
(194146, 0, 0, 0, 0, 0, 0, 1, 0, 0, 0, 0, 0, 0, ''),
(194444, 0, 0, 0, 0, 0, 0, 1, 0, 0, 0, 0, 0, 0, ''),
(194709, 0, 0, 0, 0, 3, 0, 1, 0, 0, 0, 0, 0, 4, '384403'),
(194888, 0, 0, 0, 0, 0, 4, 1, 0, 0, 0, 0, 0, 0, '159474'),
(196264, 0, 0, 0, 0, 0, 0, 1, 0, 0, 0, 0, 0, 0, ''),
(196379, 0, 0, 0, 0, 0, 0, 1, 0, 0, 0, 0, 0, 0, ''),
(196380, 0, 0, 0, 0, 0, 0, 1, 0, 0, 0, 0, 0, 0, ''),
(196381, 0, 0, 0, 0, 0, 0, 1, 0, 0, 0, 0, 0, 0, ''),
(196385, 0, 0, 0, 0, 0, 0, 1, 0, 0, 0, 0, 0, 0, ''),
(198621, 0, 0, 0, 0, 3, 0, 1, 0, 0, 0, 0, 0, 4, ''),
(199439, 0, 0, 0, 0, 0, 0, 1, 0, 0, 18429, 0, 0, 0, '');

-- creature template
UPDATE `creature_template` SET `faction` = 3307, `npcflag` = 0, `unit_flags` = 0, `unit_flags2` = 2048, `unit_flags3` = 0, `VehicleId` = 0 WHERE `entry` = 186336;
UPDATE `creature_template` SET `faction` = 14, `npcflag` = 0, `unit_flags` = 768, `unit_flags2` = 2048, `unit_flags3` = 0, `VehicleId` = 0 WHERE `entry` = 188722;
UPDATE `creature_template` SET `faction` = 35, `npcflag` = 0, `unit_flags` = 768, `unit_flags2` = 2048, `unit_flags3` = 0, `VehicleId` = 0 WHERE `entry` = 188754;
UPDATE `creature_template` SET `faction` = 188, `npcflag` = 1073741824, `unit_flags` = 512, `unit_flags2` = 2048, `unit_flags3` = 67108864, `VehicleId` = 0 WHERE `entry` = 189104;
UPDATE `creature_template` SET `faction` = 2575, `npcflag` = 0, `unit_flags` = 0, `unit_flags2` = 2048, `unit_flags3` = 0, `VehicleId` = 0 WHERE `entry` = 189307;
UPDATE `creature_template` SET `faction` = 16, `npcflag` = 0, `unit_flags` = 0, `unit_flags2` = 2048, `unit_flags3` = 0, `VehicleId` = 0 WHERE `entry` = 189485;
UPDATE `creature_template` SET `faction` = 2000, `npcflag` = 0, `unit_flags` = 768, `unit_flags2` = 2048, `unit_flags3` = 1073741824, `VehicleId` = 0 WHERE `entry` = 189486;
UPDATE `creature_template` SET `faction` = 16, `npcflag` = 0, `unit_flags` = 64, `unit_flags2` = 2048, `unit_flags3` = 0, `VehicleId` = 0 WHERE `entry` = 189515;
UPDATE `creature_template` SET `faction` = 35, `npcflag` = 0, `unit_flags` = 33555200, `unit_flags2` = 67110912, `unit_flags3` = 1073741825, `VehicleId` = 0 WHERE `entry` = 190363;
UPDATE `creature_template` SET `faction` = 35, `npcflag` = 3, `unit_flags` = 768, `unit_flags2` = 2048, `unit_flags3` = 0, `VehicleId` = 0 WHERE `entry` = 190503;
UPDATE `creature_template` SET `faction` = 35, `npcflag` = 3, `unit_flags` = 768, `unit_flags2` = 2048, `unit_flags3` = 0, `VehicleId` = 0 WHERE `entry` = 190519;
UPDATE `creature_template` SET `faction` = 16, `npcflag` = 0, `unit_flags` = 0, `unit_flags2` = 2048, `unit_flags3` = 0, `VehicleId` = 0 WHERE `entry` = 190812;
UPDATE `creature_template` SET `faction` = 16, `npcflag` = 0, `unit_flags` = 64, `unit_flags2` = 2048, `unit_flags3` = 0, `VehicleId` = 0 WHERE `entry` = 191180;
UPDATE `creature_template` SET `faction` = 35, `npcflag` = 0, `unit_flags` = 768, `unit_flags2` = 2048, `unit_flags3` = 0, `VehicleId` = 0 WHERE `entry` = 191284;
UPDATE `creature_template` SET `faction` = 16, `npcflag` = 0, `unit_flags` = 64, `unit_flags2` = 2048, `unit_flags3` = 0, `VehicleId` = 0 WHERE `entry` = 191413;
UPDATE `creature_template` SET `faction` = 190, `npcflag` = 0, `unit_flags` = 0, `unit_flags2` = 2048, `unit_flags3` = 134217728, `VehicleId` = 0 WHERE `entry` = 191628;
UPDATE `creature_template` SET `faction` = 190, `npcflag` = 0, `unit_flags` = 0, `unit_flags2` = 2048, `unit_flags3` = 67108864, `VehicleId` = 0 WHERE `entry` = 191684;
UPDATE `creature_template` SET `faction` = 16, `npcflag` = 0, `unit_flags` = 64, `unit_flags2` = 2048, `unit_flags3` = 67108864, `VehicleId` = 0 WHERE `entry` = 191687;
UPDATE `creature_template` SET `faction` = 16, `npcflag` = 0, `unit_flags` = 64, `unit_flags2` = 2048, `unit_flags3` = 0, `VehicleId` = 0 WHERE `entry` = 191704;
UPDATE `creature_template` SET `faction` = 16, `npcflag` = 0, `unit_flags` = 64, `unit_flags2` = 2048, `unit_flags3` = 0, `VehicleId` = 0 WHERE `entry` = 191705;
UPDATE `creature_template` SET `faction` = 16, `npcflag` = 0, `unit_flags` = 64, `unit_flags2` = 2048, `unit_flags3` = 0, `VehicleId` = 0 WHERE `entry` = 191708;
UPDATE `creature_template` SET `faction` = 190, `npcflag` = 0, `unit_flags` = 0, `unit_flags2` = 2048, `unit_flags3` = 0, `VehicleId` = 0 WHERE `entry` = 191818;
UPDATE `creature_template` SET `faction` = 188, `npcflag` = 0, `unit_flags` = 512, `unit_flags2` = 2048, `unit_flags3` = 0, `VehicleId` = 0 WHERE `entry` = 192058;
UPDATE `creature_template` SET `faction` = 35, `npcflag` = 0, `unit_flags` = 768, `unit_flags2` = 2048, `unit_flags3` = 0, `VehicleId` = 0 WHERE `entry` = 192067;
UPDATE `creature_template` SET `faction` = 35, `npcflag` = 0, `unit_flags` = 768, `unit_flags2` = 2048, `unit_flags3` = 0, `VehicleId` = 0 WHERE `entry` = 192097;
UPDATE `creature_template` SET `faction` = 35, `npcflag` = 0, `unit_flags` = 768, `unit_flags2` = 2048, `unit_flags3` = 0, `VehicleId` = 0 WHERE `entry` = 192106;
UPDATE `creature_template` SET `faction` = 190, `npcflag` = 0, `unit_flags` = 0, `unit_flags2` = 2048, `unit_flags3` = 0, `VehicleId` = 0 WHERE `entry` = 192186;
UPDATE `creature_template` SET `faction` = 14, `npcflag` = 0, `unit_flags` = 0, `unit_flags2` = 2048, `unit_flags3` = 0, `VehicleId` = 0 WHERE `entry` = 192188;
UPDATE `creature_template` SET `faction` = 16, `npcflag` = 0, `unit_flags` = 64, `unit_flags2` = 2048, `unit_flags3` = 0, `VehicleId` = 0 WHERE `entry` = 192393;
UPDATE `creature_template` SET `faction` = 16, `npcflag` = 0, `unit_flags` = 64, `unit_flags2` = 2048, `unit_flags3` = 0, `VehicleId` = 0 WHERE `entry` = 192717;
UPDATE `creature_template` SET `faction` = 3270, `npcflag` = 1, `unit_flags` = 768, `unit_flags2` = 2048, `unit_flags3` = 0, `VehicleId` = 0 WHERE `entry` = 193517;
UPDATE `creature_template` SET `faction` = 188, `npcflag` = 0, `unit_flags` = 0, `unit_flags2` = 2048, `unit_flags3` = 0, `VehicleId` = 0 WHERE `entry` = 193623;
UPDATE `creature_template` SET `faction` = 188, `npcflag` = 0, `unit_flags` = 0, `unit_flags2` = 2048, `unit_flags3` = 0, `VehicleId` = 0 WHERE `entry` = 193640;
UPDATE `creature_template` SET `faction` = 3270, `npcflag` = 2, `unit_flags` = 768, `unit_flags2` = 2048, `unit_flags3` = 0, `VehicleId` = 0 WHERE `entry` = 193740;
UPDATE `creature_template` SET `faction` = 35, `npcflag` = 0, `unit_flags` = 768, `unit_flags2` = 67110912, `unit_flags3` = 1073741824, `VehicleId` = 0 WHERE `entry` = 193793;
UPDATE `creature_template` SET `faction` = 16, `npcflag` = 0, `unit_flags` = 64, `unit_flags2` = 2048, `unit_flags3` = 0, `VehicleId` = 0 WHERE `entry` = 193795;
UPDATE `creature_template` SET `faction` = 35, `npcflag` = 0, `unit_flags` = 768, `unit_flags2` = 67110912, `unit_flags3` = 1073741824, `VehicleId` = 0 WHERE `entry` = 193807;
UPDATE `creature_template` SET `faction` = 35, `npcflag` = 0, `unit_flags` = 0, `unit_flags2` = 2048, `unit_flags3` = 0, `VehicleId` = 0 WHERE `entry` = 193825;
UPDATE `creature_template` SET `faction` = 16, `npcflag` = 0, `unit_flags` = 832, `unit_flags2` = 2048, `unit_flags3` = 0, `VehicleId` = 0 WHERE `entry` = 193868;
UPDATE `creature_template` SET `faction` = 35, `npcflag` = 3, `unit_flags` = 0, `unit_flags2` = 2048, `unit_flags3` = 0, `VehicleId` = 0 WHERE `entry` = 193954;
UPDATE `creature_template` SET `faction` = 190, `npcflag` = 0, `unit_flags` = 64, `unit_flags2` = 2048, `unit_flags3` = 67108864, `VehicleId` = 0 WHERE `entry` = 194075;
UPDATE `creature_template` SET `faction` = 16, `npcflag` = 0, `unit_flags` = 64, `unit_flags2` = 2048, `unit_flags3` = 0, `VehicleId` = 0 WHERE `entry` = 194087;
UPDATE `creature_template` SET `faction` = 16, `npcflag` = 0, `unit_flags` = 0, `unit_flags2` = 2048, `unit_flags3` = 0, `VehicleId` = 0 WHERE `entry` = 194092;
UPDATE `creature_template` SET `faction` = 16, `npcflag` = 0, `unit_flags` = 64, `unit_flags2` = 2048, `unit_flags3` = 67108864, `VehicleId` = 0 WHERE `entry` = 194144;
UPDATE `creature_template` SET `faction` = 190, `npcflag` = 0, `unit_flags` = 64, `unit_flags2` = 2048, `unit_flags3` = 67108864, `VehicleId` = 0 WHERE `entry` = 194145;
UPDATE `creature_template` SET `faction` = 14, `npcflag` = 0, `unit_flags` = 0, `unit_flags2` = 2048, `unit_flags3` = 0, `VehicleId` = 0 WHERE `entry` = 194146;
UPDATE `creature_template` SET `faction` = 16, `npcflag` = 0, `unit_flags` = 0, `unit_flags2` = 2048, `unit_flags3` = 0, `VehicleId` = 0 WHERE `entry` = 194444;
UPDATE `creature_template` SET `faction` = 35, `npcflag` = 0, `unit_flags` = 33555200, `unit_flags2` = 67110912, `unit_flags3` = 1090519040, `VehicleId` = 0 WHERE `entry` = 194709;
UPDATE `creature_template` SET `faction` = 2983, `npcflag` = 0, `unit_flags` = 768, `unit_flags2` = 2048, `unit_flags3` = 0, `VehicleId` = 0 WHERE `entry` = 194888;
UPDATE `creature_template` SET `faction` = 3270, `npcflag` = 131, `unit_flags` = 768, `unit_flags2` = 2048, `unit_flags3` = 0, `VehicleId` = 0 WHERE `entry` = 196264;
UPDATE `creature_template` SET `faction` = 14, `npcflag` = 0, `unit_flags` = 64, `unit_flags2` = 2048, `unit_flags3` = 0, `VehicleId` = 0 WHERE `entry` = 196379;
UPDATE `creature_template` SET `faction` = 14, `npcflag` = 0, `unit_flags` = 64, `unit_flags2` = 2048, `unit_flags3` = 0, `VehicleId` = 0 WHERE `entry` = 196380;
UPDATE `creature_template` SET `faction` = 14, `npcflag` = 0, `unit_flags` = 64, `unit_flags2` = 2048, `unit_flags3` = 0, `VehicleId` = 0 WHERE `entry` = 196381;
UPDATE `creature_template` SET `faction` = 14, `npcflag` = 0, `unit_flags` = 64, `unit_flags2` = 2048, `unit_flags3` = 0, `VehicleId` = 0 WHERE `entry` = 196385;
UPDATE `creature_template` SET `faction` = 35, `npcflag` = 0, `unit_flags` = 33555200, `unit_flags2` = 67110912, `unit_flags3` = 1090519040, `VehicleId` = 0 WHERE `entry` = 198621;
UPDATE `creature_template` SET `faction` = 190, `npcflag` = 16777216, `unit_flags` = 768, `unit_flags2` = 67110912, `unit_flags3` = 16809984, `VehicleId` = 0 WHERE `entry` = 199439;

-- creature template difficulty
UPDATE `creature_template_difficulty` SET `ContentTuningID` = 2151, `StaticFlags1` = 268435456, `StaticFlags2` = 0, `StaticFlags3` = 0 WHERE `Entry` = 186336;
UPDATE `creature_template_difficulty` SET `ContentTuningID` = 2308, `StaticFlags1` = 805306368, `StaticFlags2` = 0, `StaticFlags3` = 0 WHERE `Entry` = 188722;
UPDATE `creature_template_difficulty` SET `ContentTuningID` = 2078, `StaticFlags1` = 268435456, `StaticFlags2` = 0, `StaticFlags3` = 0 WHERE `Entry` = 188754;
UPDATE `creature_template_difficulty` SET `ContentTuningID` = 371, `StaticFlags1` = 268435456, `StaticFlags2` = 0, `StaticFlags3` = 0 WHERE `Entry` = 189104;
UPDATE `creature_template_difficulty` SET `ContentTuningID` = 81, `StaticFlags1` = 805306368, `StaticFlags2` = 0, `StaticFlags3` = 0 WHERE `Entry` = 189307;
UPDATE `creature_template_difficulty` SET `ContentTuningID` = 2151, `StaticFlags1` = 268435456, `StaticFlags2` = 0, `StaticFlags3` = 0 WHERE `Entry` = 189485;
UPDATE `creature_template_difficulty` SET `ContentTuningID` = 2151, `StaticFlags1` = 805306624, `StaticFlags2` = 0, `StaticFlags3` = 0 WHERE `Entry` = 189486;
UPDATE `creature_template_difficulty` SET `ContentTuningID` = 2151, `StaticFlags1` = 805306368, `StaticFlags2` = 0, `StaticFlags3` = 0 WHERE `Entry` = 189515;
UPDATE `creature_template_difficulty` SET `ContentTuningID` = 2078, `StaticFlags1` = 536871168, `StaticFlags2` = 0, `StaticFlags3` = 0 WHERE `Entry` = 190363;
UPDATE `creature_template_difficulty` SET `ContentTuningID` = 2078, `StaticFlags1` = 0, `StaticFlags2` = 0, `StaticFlags3` = 0 WHERE `Entry` = 190503;
UPDATE `creature_template_difficulty` SET `ContentTuningID` = 2078, `StaticFlags1` = 0, `StaticFlags2` = 0, `StaticFlags3` = 0 WHERE `Entry` = 190519;
UPDATE `creature_template_difficulty` SET `ContentTuningID` = 2151, `StaticFlags1` = 268435456, `StaticFlags2` = 0, `StaticFlags3` = 0 WHERE `Entry` = 190812;
UPDATE `creature_template_difficulty` SET `ContentTuningID` = 2308, `StaticFlags1` = 268435456, `StaticFlags2` = 0, `StaticFlags3` = 0 WHERE `Entry` = 191180;
UPDATE `creature_template_difficulty` SET `ContentTuningID` = 2078, `StaticFlags1` = 805306368, `StaticFlags2` = 0, `StaticFlags3` = 0 WHERE `Entry` = 191284;
UPDATE `creature_template_difficulty` SET `ContentTuningID` = 2308, `StaticFlags1` = 268435456, `StaticFlags2` = 0, `StaticFlags3` = 0 WHERE `Entry` = 191413;
UPDATE `creature_template_difficulty` SET `ContentTuningID` = 2151, `StaticFlags1` = 268435456, `StaticFlags2` = 0, `StaticFlags3` = 0 WHERE `Entry` = 191628;
UPDATE `creature_template_difficulty` SET `ContentTuningID` = 2151, `StaticFlags1` = 268435456, `StaticFlags2` = 0, `StaticFlags3` = 0 WHERE `Entry` = 191684;
UPDATE `creature_template_difficulty` SET `ContentTuningID` = 2151, `StaticFlags1` = 268435456, `StaticFlags2` = 0, `StaticFlags3` = 0 WHERE `Entry` = 191687;
UPDATE `creature_template_difficulty` SET `ContentTuningID` = 2308, `StaticFlags1` = 536870912, `StaticFlags2` = 0, `StaticFlags3` = 0 WHERE `Entry` = 191704;
UPDATE `creature_template_difficulty` SET `ContentTuningID` = 2308, `StaticFlags1` = 805306368, `StaticFlags2` = 0, `StaticFlags3` = 0 WHERE `Entry` = 191705;
UPDATE `creature_template_difficulty` SET `ContentTuningID` = 2308, `StaticFlags1` = 805306368, `StaticFlags2` = 0, `StaticFlags3` = 0 WHERE `Entry` = 191708;
UPDATE `creature_template_difficulty` SET `ContentTuningID` = 81, `StaticFlags1` = 268435456, `StaticFlags2` = 0, `StaticFlags3` = 0 WHERE `Entry` = 191818;
UPDATE `creature_template_difficulty` SET `ContentTuningID` = 371, `StaticFlags1` = 268435456, `StaticFlags2` = 0, `StaticFlags3` = 0 WHERE `Entry` = 192058;
UPDATE `creature_template_difficulty` SET `ContentTuningID` = 371, `StaticFlags1` = 0, `StaticFlags2` = 0, `StaticFlags3` = 0 WHERE `Entry` = 192067;
UPDATE `creature_template_difficulty` SET `ContentTuningID` = 371, `StaticFlags1` = 0, `StaticFlags2` = 0, `StaticFlags3` = 0 WHERE `Entry` = 192097;
UPDATE `creature_template_difficulty` SET `ContentTuningID` = 371, `StaticFlags1` = 0, `StaticFlags2` = 0, `StaticFlags3` = 0 WHERE `Entry` = 192106;
UPDATE `creature_template_difficulty` SET `ContentTuningID` = 2151, `StaticFlags1` = 805306368, `StaticFlags2` = 0, `StaticFlags3` = 0 WHERE `Entry` = 192186;
UPDATE `creature_template_difficulty` SET `ContentTuningID` = 2304, `StaticFlags1` = 268435456, `StaticFlags2` = 0, `StaticFlags3` = 262144 WHERE `Entry` = 192188;
UPDATE `creature_template_difficulty` SET `ContentTuningID` = 2152, `StaticFlags1` = 805306368, `StaticFlags2` = 0, `StaticFlags3` = 0 WHERE `Entry` = 192393;
UPDATE `creature_template_difficulty` SET `ContentTuningID` = 2304, `StaticFlags1` = 268435456, `StaticFlags2` = 0, `StaticFlags3` = 0 WHERE `Entry` = 192717;
UPDATE `creature_template_difficulty` SET `ContentTuningID` = 2151, `StaticFlags1` = 268435456, `StaticFlags2` = 0, `StaticFlags3` = 0 WHERE `Entry` = 193517;
UPDATE `creature_template_difficulty` SET `ContentTuningID` = 81, `StaticFlags1` = 268435456, `StaticFlags2` = 0, `StaticFlags3` = 0 WHERE `Entry` = 193623;
UPDATE `creature_template_difficulty` SET `ContentTuningID` = 81, `StaticFlags1` = 268435456, `StaticFlags2` = 0, `StaticFlags3` = 0 WHERE `Entry` = 193640;
UPDATE `creature_template_difficulty` SET `ContentTuningID` = 2151, `StaticFlags1` = 268435456, `StaticFlags2` = 0, `StaticFlags3` = 0 WHERE `Entry` = 193740;
UPDATE `creature_template_difficulty` SET `ContentTuningID` = 2151, `StaticFlags1` = 536871168, `StaticFlags2` = 0, `StaticFlags3` = 0 WHERE `Entry` = 193793;
UPDATE `creature_template_difficulty` SET `ContentTuningID` = 2151, `StaticFlags1` = 268435456, `StaticFlags2` = 0, `StaticFlags3` = 0 WHERE `Entry` = 193795;
UPDATE `creature_template_difficulty` SET `ContentTuningID` = 2151, `StaticFlags1` = 536871168, `StaticFlags2` = 0, `StaticFlags3` = 0 WHERE `Entry` = 193807;
UPDATE `creature_template_difficulty` SET `ContentTuningID` = 2151, `StaticFlags1` = 268435456, `StaticFlags2` = 0, `StaticFlags3` = 0 WHERE `Entry` = 193825;
UPDATE `creature_template_difficulty` SET `ContentTuningID` = 2151, `StaticFlags1` = 268435456, `StaticFlags2` = 0, `StaticFlags3` = 0 WHERE `Entry` = 193868;
UPDATE `creature_template_difficulty` SET `ContentTuningID` = 2150, `StaticFlags1` = 268435456, `StaticFlags2` = 0, `StaticFlags3` = 0 WHERE `Entry` = 193954;
UPDATE `creature_template_difficulty` SET `ContentTuningID` = 2151, `StaticFlags1` = 268435456, `StaticFlags2` = 0, `StaticFlags3` = 0 WHERE `Entry` = 194075;
UPDATE `creature_template_difficulty` SET `ContentTuningID` = 2151, `StaticFlags1` = 268435456, `StaticFlags2` = 0, `StaticFlags3` = 0 WHERE `Entry` = 194087;
UPDATE `creature_template_difficulty` SET `ContentTuningID` = 2151, `StaticFlags1` = 268435456, `StaticFlags2` = 0, `StaticFlags3` = 0 WHERE `Entry` = 194092;
UPDATE `creature_template_difficulty` SET `ContentTuningID` = 2151, `StaticFlags1` = 268435456, `StaticFlags2` = 0, `StaticFlags3` = 0 WHERE `Entry` = 194144;
UPDATE `creature_template_difficulty` SET `ContentTuningID` = 2151, `StaticFlags1` = 268435456, `StaticFlags2` = 0, `StaticFlags3` = 0 WHERE `Entry` = 194145;
UPDATE `creature_template_difficulty` SET `ContentTuningID` = 2151, `StaticFlags1` = 268435456, `StaticFlags2` = 0, `StaticFlags3` = 0 WHERE `Entry` = 194146;
UPDATE `creature_template_difficulty` SET `ContentTuningID` = 2151, `StaticFlags1` = 268435456, `StaticFlags2` = 0, `StaticFlags3` = 0 WHERE `Entry` = 194444;
UPDATE `creature_template_difficulty` SET `ContentTuningID` = 2078, `StaticFlags1` = 536871168, `StaticFlags2` = 0, `StaticFlags3` = 0 WHERE `Entry` = 194709;
UPDATE `creature_template_difficulty` SET `ContentTuningID` = 2456, `StaticFlags1` = 268435456, `StaticFlags2` = 0, `StaticFlags3` = 0 WHERE `Entry` = 194888;
UPDATE `creature_template_difficulty` SET `ContentTuningID` = 373, `StaticFlags1` = 268435456, `StaticFlags2` = 0, `StaticFlags3` = 0 WHERE `Entry` = 196264;
UPDATE `creature_template_difficulty` SET `ContentTuningID` = 2304, `StaticFlags1` = 268435456, `StaticFlags2` = 0, `StaticFlags3` = 0 WHERE `Entry` = 196379;
UPDATE `creature_template_difficulty` SET `ContentTuningID` = 2304, `StaticFlags1` = 268435456, `StaticFlags2` = 0, `StaticFlags3` = 0 WHERE `Entry` = 196380;
UPDATE `creature_template_difficulty` SET `ContentTuningID` = 2304, `StaticFlags1` = 268435456, `StaticFlags2` = 0, `StaticFlags3` = 0 WHERE `Entry` = 196381;
UPDATE `creature_template_difficulty` SET `ContentTuningID` = 2304, `StaticFlags1` = 268435456, `StaticFlags2` = 0, `StaticFlags3` = 0 WHERE `Entry` = 196385;
UPDATE `creature_template_difficulty` SET `ContentTuningID` = 2078, `StaticFlags1` = 536871168, `StaticFlags2` = 0, `StaticFlags3` = 0 WHERE `Entry` = 198621;
UPDATE `creature_template_difficulty` SET `ContentTuningID` = 882, `StaticFlags1` = 256, `StaticFlags2` = 0, `StaticFlags3` = 0 WHERE `Entry` = 199439;
