-- DB/WakingShores Map 2444 (Dragon Isles) Zone: 13862 (Valdrakken) Area: The Obsidian Enclave (14506)

SET @CGUID := 9021400;
SET @OGUID := 9021400;

-- creature
DELETE FROM `creature` WHERE `guid` BETWEEN @CGUID+1 AND @CGUID+122;
INSERT INTO `creature` (`guid`, `id`, `map`, `zoneId`, `areaId`, `spawnDifficulties`, `phaseUseFlags`, `PhaseId`, `PhaseGroup`, `terrainSwapMap`, `modelid`, `equipment_id`, `position_x`, `position_y`, `position_z`, `orientation`, `spawntimesecs`, `wander_distance`, `currentwaypoint`, `curHealthPct`, `MovementType`, `npcflag`, `unit_flags`, `unit_flags2`, `unit_flags3`, `ScriptName`, `StringId`, `VerifiedBuild`) VALUES 
(@CGUID+1, 188054, 2444, 13862, 14506, '0', 0, 0, 0, -1, 0, 0, 287.869, -676.859, 834.723, 6.05009, 7200, 0, 0, 100, 0, NULL, NULL, NULL, NULL, '', NULL, 59466),
(@CGUID+2, 199412, 2444, 13862, 14506, '0', 0, 0, 0, -1, 0, 0, 254.264, -804.738, 826.008, 5.3759, 7200, 0, 0, 100, 0, NULL, NULL, NULL, NULL, '', NULL, 59466),
(@CGUID+3, 199412, 2444, 13862, 14506, '0', 0, 0, 0, -1, 0, 0, 253.705, -805.455, 825.991, 0, 7200, 0, 0, 100, 0, NULL, NULL, NULL, NULL, '', NULL, 59466),
(@CGUID+4, 199412, 2444, 13862, 14506, '0', 0, 0, 0, -1, 0, 0, 256.83, -811.207, 825.75, 2.54727, 7200, 10, 0, 100, 1, NULL, NULL, NULL, NULL, '', NULL, 59466),
(@CGUID+5, 199412, 2444, 13862, 14506, '0', 0, 0, 0, -1, 0, 0, 249.66, -815.669, 827.208, 1.6714, 7200, 10, 0, 100, 1, NULL, NULL, NULL, NULL, '', NULL, 59466),
(@CGUID+6, 221421, 2444, 13862, 14506, '0', 0, 0, 0, -1, 0, 0, 234.821, -833.274, 822.852, 0, 7200, 0, 0, 100, 0, NULL, NULL, NULL, NULL, '', NULL, 59466),
(@CGUID+7, 199601, 2444, 13862, 14506, '0', 0, 0, 0, -1, 0, 0, 293.29, -848.316, 822.968, 2.85147, 7200, 0, 0, 100, 0, NULL, NULL, NULL, NULL, '', NULL, 59466),
(@CGUID+8, 199603, 2444, 13862, 14506, '0', 0, 0, 0, -1, 0, 0, 279.688, -862.627, 822.968, 1.8971, 7200, 0, 0, 100, 0, NULL, NULL, NULL, NULL, '', NULL, 59466),
(@CGUID+9, 197453, 2444, 13862, 14506, '0', 0, 0, 0, -1, 0, 0, 285.606, -758.939, 842.105, 2.35547, 7200, 0, 0, 100, 0, NULL, NULL, NULL, NULL, '', NULL, 59466),
(@CGUID+10, 199220, 2444, 13862, 14506, '0', 0, 0, 0, -1, 0, 0, 266.094, -694.081, 839.595, 2.4862, 7200, 10, 0, 100, 1, NULL, NULL, NULL, NULL, '', NULL, 59466),
(@CGUID+11, 199599, 2444, 13862, 14506, '0', 0, 0, 0, -1, 0, 0, 296.498, -841.854, 822.968, 3.10895, 7200, 0, 0, 100, 0, NULL, NULL, NULL, NULL, '', NULL, 59466),
(@CGUID+12, 188055, 2444, 13862, 14506, '0', 0, 0, 0, -1, 0, 0, 324.012, -711.689, 834.607, 0.750876, 7200, 10, 0, 100, 1, NULL, NULL, NULL, NULL, '', NULL, 59466),
(@CGUID+13, 188054, 2444, 13862, 14506, '0', 0, 0, 0, -1, 0, 0, 320.09, -734.543, 836.994, 2.81294, 7200, 0, 0, 100, 0, NULL, NULL, NULL, NULL, '', NULL, 59466),
(@CGUID+14, 188006, 2444, 13862, 14506, '0', 0, 0, 0, -1, 0, 0, 306.529, -711.882, 834.274, 2.38228, 7200, 10, 0, 100, 1, NULL, NULL, NULL, NULL, '', NULL, 59466),
(@CGUID+15, 188006, 2444, 13862, 14506, '0', 0, 0, 0, -1, 0, 0, 313.498, -732.547, 837.036, 6.04139, 7200, 0, 0, 100, 0, NULL, NULL, NULL, NULL, '', NULL, 59466),
(@CGUID+16, 214060, 2444, 13862, 14506, '0', 0, 0, 0, -1, 0, 0, 287.774, -759.415, 842.105, 1.22189, 7200, 0, 0, 100, 0, NULL, NULL, NULL, NULL, '', NULL, 59466),
(@CGUID+17, 189869, 2444, 13862, 14506, '0', 0, 0, 0, -1, 0, 0, 293.922, -666.757, 835.417, 5.98137, 7200, 0, 0, 100, 0, NULL, NULL, NULL, NULL, '', NULL, 59466),
(@CGUID+18, 194644, 2444, 13862, 14506, '0', 0, 0, 0, -1, 0, 0, 297.828, -833.503, 822.968, 3.12633, 7200, 0, 0, 100, 0, NULL, NULL, NULL, NULL, '', NULL, 59466),
(@CGUID+19, 194648, 2444, 13862, 14506, '0', 0, 0, 0, -1, 0, 0, 234.965, -837.229, 822.852, 0.0615723, 7200, 0, 0, 100, 0, NULL, NULL, NULL, NULL, '', NULL, 59466),
(@CGUID+20, 196516, 2444, 13862, 14506, '0', 0, 0, 0, -1, 0, 0, 284.106, -750.887, 842.105, 1.96411, 7200, 0, 0, 100, 0, NULL, NULL, NULL, NULL, '', NULL, 59466),
(@CGUID+21, 197452, 2444, 13862, 14506, '0', 0, 0, 0, -1, 0, 0, 283.802, -757.7, 842.105, 5.42832, 7200, 0, 0, 100, 0, NULL, NULL, NULL, NULL, '', NULL, 59466),
(@CGUID+22, 194645, 2444, 13862, 14506, '0', 0, 0, 0, -1, 0, 0, 265.804, -822.479, 822.205, 4.79402, 7200, 0, 0, 100, 0, NULL, NULL, NULL, NULL, '', NULL, 59466),
(@CGUID+23, 194646, 2444, 13862, 14506, '0', 0, 0, 0, -1, 0, 0, 252.799, -839.328, 822.214, 0.288108, 7200, 0, 0, 100, 0, NULL, NULL, NULL, NULL, '', NULL, 59466),
(@CGUID+24, 187640, 2444, 13862, 14506, '0', 0, 0, 0, -1, 0, 0, 378.339, -752.188, 908.176, 2.55275, 7200, 0, 0, 100, 0, NULL, NULL, NULL, NULL, '', NULL, 59466),
(@CGUID+25, 194646, 2444, 13862, 14506, '0', 0, 0, 0, -1, 0, 0, 252.076, -836.686, 822.206, 0.0939616, 7200, 0, 0, 100, 0, NULL, NULL, NULL, NULL, '', NULL, 59466),
(@CGUID+26, 189895, 2444, 13862, 14506, '0', 0, 0, 0, -1, 0, 0, 324.078, -692.625, 833.913, 0.928921, 7200, 0, 0, 100, 0, NULL, NULL, NULL, NULL, '', NULL, 59466),
(@CGUID+27, 194646, 2444, 13862, 14506, '0', 0, 0, 0, -1, 0, 0, 252.325, -835.174, 822.208, 6.2702, 7200, 0, 0, 100, 0, NULL, NULL, NULL, NULL, '', NULL, 59466),
(@CGUID+28, 194646, 2444, 13862, 14506, '0', 0, 0, 0, -1, 0, 0, 253.856, -836.054, 822.205, 0.0565975, 7200, 0, 0, 100, 0, NULL, NULL, NULL, NULL, '', NULL, 59466),
(@CGUID+29, 194646, 2444, 13862, 14506, '0', 0, 0, 0, -1, 0, 0, 253.491, -838.038, 822.212, 0.208014, 7200, 0, 0, 100, 0, NULL, NULL, NULL, NULL, '', NULL, 59466),
(@CGUID+30, 203391, 2444, 13862, 14506, '0', 0, 0, 0, -1, 0, 0, 290.234, -758.974, 842.105, 1.77692, 7200, 0, 0, 100, 0, NULL, NULL, NULL, NULL, '', NULL, 59466),
(@CGUID+31, 214682, 2444, 13862, 14506, '0', 0, 0, 0, -1, 0, 0, 235.142, -848.726, 822.852, 0, 7200, 0, 0, 100, 0, NULL, NULL, NULL, NULL, '', NULL, 59466),
(@CGUID+32, 189500, 2444, 13862, 14506, '0', 0, 0, 0, -1, 0, 0, 338.175, -702.747, 833.854, 3.69712, 7200, 10, 0, 100, 1, NULL, NULL, NULL, NULL, '', NULL, 59466),
(@CGUID+33, 188006, 2444, 13862, 14506, '0', 0, 0, 0, -1, 0, 0, 322.135, -838.498, 863.242, 5.03696, 7200, 0, 0, 100, 0, NULL, NULL, NULL, NULL, '', NULL, 59466),
(@CGUID+34, 188006, 2444, 13862, 14506, '0', 0, 0, 0, -1, 0, 0, 319.941, -843.597, 863.726, 0.564081, 7200, 0, 0, 100, 0, NULL, NULL, NULL, NULL, '', NULL, 59466),
(@CGUID+35, 189895, 2444, 13862, 14506, '0', 0, 0, 0, -1, 0, 0, 351.318, -709.16, 837.009, 3.08603, 7200, 0, 0, 100, 0, NULL, NULL, NULL, NULL, '', NULL, 59466),
(@CGUID+36, 197834, 2444, 13862, 14506, '0', 0, 0, 0, -1, 0, 0, 280.111, -834.594, 822.204, 3.16708, 7200, 0, 0, 100, 0, NULL, NULL, NULL, NULL, '', NULL, 59466),
(@CGUID+37, 209377, 2444, 13862, 14506, '0', 0, 0, 0, -1, 0, 0, 236.486, -850.847, 822.852, 0.998841, 7200, 0, 0, 100, 0, NULL, NULL, NULL, NULL, '', NULL, 59466),
(@CGUID+38, 188056, 2444, 13862, 14506, '0', 0, 0, 0, -1, 0, 0, 371.318, -868.269, 857.069, 2.51722, 7200, 0, 0, 100, 0, NULL, NULL, NULL, NULL, '', NULL, 59466),
(@CGUID+39, 199220, 2444, 13862, 14506, '0', 0, 0, 0, -1, 0, 0, 315.986, -762.333, 849.74, 2.88607, 7200, 10, 0, 100, 1, NULL, NULL, NULL, NULL, '', NULL, 59466),
(@CGUID+40, 199220, 2444, 13862, 14506, '0', 0, 0, 0, -1, 0, 0, 302.795, -693.942, 836.927, 2.64545, 7200, 10, 0, 100, 1, NULL, NULL, NULL, NULL, '', NULL, 59466),
(@CGUID+41, 188008, 2444, 13862, 14506, '0', 0, 0, 0, -1, 0, 0, 311.976, -698.729, 846.278, 3.90804, 7200, 0, 0, 100, 0, NULL, NULL, NULL, NULL, '', NULL, 59466),
(@CGUID+42, 199220, 2444, 13862, 14506, '0', 0, 0, 0, -1, 0, 0, 309.452, -692.686, 835.421, 4.2996, 7200, 10, 0, 100, 1, NULL, NULL, NULL, NULL, '', NULL, 59466),
(@CGUID+43, 199220, 2444, 13862, 14506, '0', 0, 0, 0, -1, 0, 0, 310.055, -702.729, 836.022, 4.00851, 7200, 10, 0, 100, 1, NULL, NULL, NULL, NULL, '', NULL, 59466),
(@CGUID+44, 189869, 2444, 13862, 14506, '0', 0, 0, 0, -1, 0, 0, 346.818, -669.845, 834.988, 4.02666, 7200, 10, 0, 100, 1, NULL, NULL, NULL, NULL, '', NULL, 59466),
(@CGUID+45, 199220, 2444, 13862, 14506, '0', 0, 0, 0, -1, 0, 0, 321.976, -701.258, 839.638, 5.22185, 7200, 10, 0, 100, 1, NULL, NULL, NULL, NULL, '', NULL, 59466),
(@CGUID+46, 199220, 2444, 13862, 14506, '0', 0, 0, 0, -1, 0, 0, 321.344, -791.309, 857.744, 3.57458, 7200, 10, 0, 100, 1, NULL, NULL, NULL, NULL, '', NULL, 59466),
(@CGUID+47, 189500, 2444, 13862, 14506, '0', 0, 0, 0, -1, 0, 0, 354.18, -693.117, 837.338, 3.38983, 7200, 10, 0, 100, 1, NULL, NULL, NULL, NULL, '', NULL, 59466),
(@CGUID+48, 189500, 2444, 13862, 14506, '0', 0, 0, 0, -1, 0, 0, 301.401, -837.576, 867.456, 6.14281, 7200, 10, 0, 100, 1, NULL, NULL, NULL, NULL, '', NULL, 59466),
(@CGUID+49, 197548, 2444, 13862, 14506, '0', 0, 0, 0, -1, 0, 0, 371.903, -703.392, 837.956, 0, 7200, 0, 0, 100, 0, NULL, NULL, NULL, NULL, '', NULL, 59466),
(@CGUID+50, 189895, 2444, 13862, 14506, '0', 0, 0, 0, -1, 0, 0, 361.104, -807.587, 854.29, 3.97208, 7200, 0, 0, 100, 0, NULL, NULL, NULL, NULL, '', NULL, 59466),
(@CGUID+51, 188007, 2444, 13862, 14506, '0', 0, 0, 0, -1, 0, 0, 354.436, -714.882, 838.196, 4.46727, 7200, 0, 0, 100, 0, NULL, NULL, NULL, NULL, '', NULL, 59466),
(@CGUID+52, 188004, 2444, 13862, 14506, '0', 0, 0, 0, -1, 0, 0, 397.753, -714.285, 839.177, 5.31418, 7200, 0, 0, 100, 0, NULL, NULL, NULL, NULL, '', NULL, 59466),
(@CGUID+53, 188008, 2444, 13862, 14506, '0', 0, 0, 0, -1, 0, 0, 355.809, -714.712, 838.196, 4.43411, 7200, 0, 0, 100, 0, NULL, NULL, NULL, NULL, '', NULL, 59466),
(@CGUID+54, 188006, 2444, 13862, 14506, '0', 0, 0, 0, -1, 0, 0, 329.943, -604.604, 814.58, 1.82372, 7200, 0, 0, 100, 0, NULL, NULL, NULL, NULL, '', NULL, 59466),
(@CGUID+55, 188008, 2444, 13862, 14506, '0', 0, 0, 0, -1, 0, 0, 245.677, -674.634, 915, 4.43411, 7200, 0, 0, 100, 0, NULL, NULL, NULL, NULL, '', NULL, 59466),
(@CGUID+56, 199220, 2444, 13862, 14506, '0', 0, 0, 0, -1, 0, 0, 347.594, -735.671, 843.67, 3.73682, 7200, 10, 0, 100, 1, NULL, NULL, NULL, NULL, '', NULL, 59466),
(@CGUID+57, 189500, 2444, 13862, 14506, '0', 0, 0, 0, -1, 0, 0, 326.971, -602.149, 813.958, 5.22233, 7200, 10, 0, 100, 1, NULL, NULL, NULL, NULL, '', NULL, 59466),
(@CGUID+58, 188008, 2444, 13862, 14506, '0', 0, 0, 0, -1, 0, 0, 369.601, -705.55, 850.466, 3.23135, 7200, 0, 0, 100, 0, NULL, NULL, NULL, NULL, '', NULL, 59466),
(@CGUID+59, 199220, 2444, 13862, 14506, '0', 0, 0, 0, -1, 0, 0, 362.629, -665.761, 837.838, 5.87027, 7200, 10, 0, 100, 1, NULL, NULL, NULL, NULL, '', NULL, 59466),
(@CGUID+60, 188006, 2444, 13862, 14506, '0', 0, 0, 0, -1, 0, 0, 329.061, -599.505, 813.561, 4.24948, 7200, 0, 0, 100, 0, NULL, NULL, NULL, NULL, '', NULL, 59466),
(@CGUID+61, 189973, 2444, 13862, 14506, '0', 0, 0, 0, -1, 0, 0, 378.345, -706.168, 838.214, 1.14472, 7200, 0, 0, 100, 0, NULL, NULL, NULL, NULL, '', NULL, 59466),
(@CGUID+62, 199220, 2444, 13862, 14506, '0', 0, 0, 0, -1, 0, 0, 357.003, -777.519, 853.364, 5.24517, 7200, 10, 0, 100, 1, NULL, NULL, NULL, NULL, '', NULL, 59466),
(@CGUID+63, 199220, 2444, 13862, 14506, '0', 0, 0, 0, -1, 0, 0, 351.797, -680.98, 839.218, 3.12092, 7200, 10, 0, 100, 1, NULL, NULL, NULL, NULL, '', NULL, 59466),
(@CGUID+64, 187570, 2444, 13862, 14506, '0', 0, 0, 0, -1, 0, 0, 353.714, -672.648, 835.968, 2.40177, 7200, 0, 0, 100, 0, NULL, NULL, NULL, NULL, '', NULL, 59466),
(@CGUID+65, 189895, 2444, 13862, 14506, '0', 0, 0, 0, -1, 0, 0, 99.5885, -717.712, 794.288, 2.81986, 7200, 0, 0, 100, 0, NULL, NULL, NULL, NULL, '', NULL, 59466),
(@CGUID+66, 188824, 2444, 13862, 14506, '0', 0, 0, 0, -1, 0, 0, 196.208, -901.696, 770.039, 1.63787, 7200, 0, 0, 100, 0, NULL, NULL, NULL, NULL, '', NULL, 59466),
(@CGUID+67, 219761, 2444, 13862, 14506, '0', 0, 0, 0, -1, 0, 0, 210.88, -873.852, 843.845, 3.84638, 7200, 0, 0, 100, 0, NULL, NULL, NULL, NULL, '', NULL, 59466),
(@CGUID+68, 185556, 2444, 13862, 14506, '0', 0, 0, 0, -1, 0, 0, 201.274, -873.946, 843.362, 1.26264, 7200, 0, 0, 100, 0, NULL, NULL, NULL, NULL, '', NULL, 59466),
(@CGUID+69, 208529, 2444, 13862, 14506, '0', 0, 0, 0, -1, 0, 0, 187.464, -877.326, 843.082, 0, 7200, 0, 0, 100, 0, NULL, NULL, NULL, NULL, '', NULL, 59466),
(@CGUID+70, 188824, 2444, 13862, 14506, '0', 0, 0, 0, -1, 0, 0, 215.74, -904.967, 769.856, 1.49425, 7200, 0, 0, 100, 0, NULL, NULL, NULL, NULL, '', NULL, 59466),
(@CGUID+71, 188824, 2444, 13862, 14506, '0', 0, 0, 0, -1, 0, 0, 234.314, -902.497, 769.856, 2.58481, 7200, 0, 0, 100, 0, NULL, NULL, NULL, NULL, '', NULL, 59466),
(@CGUID+72, 219760, 2444, 13862, 14506, '0', 0, 0, 0, -1, 0, 0, 212.08, -874.53, 843.143, 5.24731, 7200, 0, 0, 100, 0, NULL, NULL, NULL, NULL, '', NULL, 59466),
(@CGUID+73, 207696, 2444, 13862, 14506, '0', 0, 0, 0, -1, 0, 0, 195.639, -894.972, 843.006, 2.15463, 7200, 0, 0, 100, 0, NULL, NULL, NULL, NULL, '', NULL, 59466),
(@CGUID+74, 189930, 2444, 13862, 14506, '0', 0, 0, 0, -1, 0, 0, 157.493, -932.759, 842.613, 6.04419, 7200, 0, 0, 100, 0, NULL, NULL, NULL, NULL, '', NULL, 59466),
(@CGUID+75, 98148, 2444, 13862, 14506, '0', 0, 0, 0, -1, 0, 0, 246.681, -863.677, 823.262, 0.328085, 7200, 0, 0, 100, 0, NULL, NULL, NULL, NULL, '', NULL, 59466),
(@CGUID+76, 188825, 2444, 13862, 14506, '0', 0, 0, 0, -1, 0, 0, 182.523, -891.849, 913.656, 3.75487, 7200, 0, 0, 100, 0, NULL, NULL, NULL, NULL, '', NULL, 59466),
(@CGUID+77, 201230, 2444, 13862, 14506, '0', 0, 0, 0, -1, 0, 0, 198.446, -897.804, 860.054, 1.17649, 7200, 0, 0, 100, 0, NULL, NULL, NULL, NULL, '', NULL, 59466),
(@CGUID+78, 198742, 2444, 13862, 14506, '0', 0, 0, 0, -1, 0, 0, 187.502, -895.938, 843.437, 2.26846, 7200, 0, 0, 100, 0, NULL, NULL, NULL, NULL, '', NULL, 59466),
(@CGUID+79, 206864, 2444, 13862, 14506, '0', 0, 0, 0, -1, 0, 0, 181.951, -886.049, 843.082, 4.77244, 7200, 0, 0, 100, 0, NULL, NULL, NULL, NULL, '', NULL, 59466),
(@CGUID+80, 188227, 2444, 13862, 14506, '0', 0, 0, 0, -1, 0, 0, 200.845, -883.422, 843.006, 5.13261, 7200, 0, 0, 100, 0, NULL, NULL, NULL, NULL, '', NULL, 59466),
(@CGUID+81, 203229, 2444, 13862, 14506, '0', 0, 0, 0, -1, 0, 0, 195.483, -893.653, 860.038, 4.49226, 7200, 0, 0, 100, 0, NULL, NULL, NULL, NULL, '', NULL, 59466),
(@CGUID+82, 184168, 2444, 13862, 14506, '0', 0, 0, 0, -1, 0, 0, 120.837, -960.203, 836.934, 2.4965, 7200, 0, 0, 100, 0, NULL, NULL, NULL, NULL, '', NULL, 59466),
(@CGUID+83, 188210, 2444, 13862, 14506, '0', 0, 0, 0, -1, 0, 0, 174.898, -924.89, 842.263, 1.77872, 7200, 10, 0, 100, 1, NULL, NULL, NULL, NULL, '', NULL, 59466),
(@CGUID+84, 184168, 2444, 13862, 14506, '0', 0, 0, 0, -1, 0, 0, 135.45, -939.594, 836.934, 2.6685, 7200, 0, 0, 100, 0, NULL, NULL, NULL, NULL, '', NULL, 59466),
(@CGUID+85, 121541, 2444, 13862, 14506, '0', 0, 0, 0, -1, 0, 0, 91.7959, -887.882, 836.852, 2.80851, 7200, 0, 0, 100, 0, NULL, NULL, NULL, NULL, '', NULL, 59466),
(@CGUID+86, 184170, 2444, 13862, 14506, '0', 0, 0, 0, -1, 0, 0, 34.1979, -964.049, 836.181, 0.222342, 7200, 10, 0, 100, 1, NULL, NULL, NULL, NULL, '', NULL, 59466),
(@CGUID+87, 196499, 2444, 13862, 14506, '0', 0, 0, 0, -1, 0, 0, 103.688, -927.401, 837.182, 5.82928, 7200, 0, 0, 100, 0, NULL, NULL, NULL, NULL, '', NULL, 59466),
(@CGUID+88, 205647, 2444, 13862, 14506, '0', 0, 0, 0, -1, 0, 0, 105.561, -911.635, 837.164, 0.164823, 7200, 0, 0, 100, 0, NULL, NULL, NULL, NULL, '', NULL, 59466),
(@CGUID+89, 188210, 2444, 13862, 14506, '0', 0, 0, 0, -1, 0, 0, 180.854, -924.99, 842.317, 1.2403, 7200, 0, 0, 100, 0, NULL, NULL, NULL, NULL, '', NULL, 59466),
(@CGUID+90, 188210, 2444, 13862, 14506, '0', 0, 0, 0, -1, 0, 0, 172.632, -921.842, 842.856, 3.60412, 7200, 0, 0, 100, 0, NULL, NULL, NULL, NULL, '', NULL, 59466),
(@CGUID+91, 188210, 2444, 13862, 14506, '0', 0, 0, 0, -1, 0, 0, 170.776, -939.241, 842.649, 1.62802, 7200, 0, 0, 100, 0, NULL, NULL, NULL, NULL, '', NULL, 59466),
(@CGUID+92, 184168, 2444, 13862, 14506, '0', 0, 0, 0, -1, 0, 0, 96.6545, -990.264, 836.568, 2.00594, 7200, 0, 0, 100, 0, NULL, NULL, NULL, NULL, '', NULL, 59466),
(@CGUID+93, 199527, 2444, 13862, 14506, '0', 0, 0, 0, -1, 0, 0, 63.8542, -921.356, 836.655, 0.884291, 7200, 0, 0, 100, 0, NULL, NULL, NULL, NULL, '', NULL, 59466),
(@CGUID+94, 199530, 2444, 13862, 14506, '0', 0, 0, 0, -1, 0, 0, 65.2483, -923.432, 836.586, 1.01071, 7200, 0, 0, 100, 0, NULL, NULL, NULL, NULL, '', NULL, 59466),
(@CGUID+95, 199220, 2444, 13862, 14506, '0', 0, 0, 0, -1, 0, 0, 105.308, -928.032, 839.856, 0.153232, 7200, 10, 0, 100, 1, NULL, NULL, NULL, NULL, '', NULL, 59466),
(@CGUID+96, 197986, 2444, 13862, 14506, '0', 0, 0, 0, -1, 0, 0, 70.6927, -896.646, 836.59, 2.53412, 7200, 0, 0, 100, 0, NULL, NULL, NULL, NULL, '', NULL, 59466),
(@CGUID+97, 202656, 2444, 13862, 14506, '0', 0, 0, 0, -1, 0, 0, 80.3542, -936.229, 836.953, 4.30604, 7200, 0, 0, 100, 0, NULL, NULL, NULL, NULL, '', NULL, 59466),
(@CGUID+98, 199528, 2444, 13862, 14506, '0', 0, 0, 0, -1, 0, 0, 64.5486, -922.432, 836.624, 0.856702, 7200, 0, 0, 100, 0, NULL, NULL, NULL, NULL, '', NULL, 59466),
(@CGUID+99, 199220, 2444, 13862, 14506, '0', 0, 0, 0, -1, 0, 0, 91.2038, -925.622, 837.991, 2.06763, 7200, 10, 0, 100, 1, NULL, NULL, NULL, NULL, '', NULL, 59466),
(@CGUID+100, 121541, 2444, 13862, 14506, '0', 0, 0, 0, -1, 0, 0, 113.124, -939.93, 836.538, 0, 7200, 0, 0, 100, 0, NULL, NULL, NULL, NULL, '', NULL, 59466),
(@CGUID+101, 199220, 2444, 13862, 14506, '0', 0, 0, 0, -1, 0, 0, 123.594, -974.282, 841.594, 1.88122, 7200, 10, 0, 100, 1, NULL, NULL, NULL, NULL, '', NULL, 59466),
(@CGUID+102, 189869, 2444, 13862, 14506, '0', 0, 0, 0, -1, 0, 0, 42.0747, -941.368, 838.155, 6.09312, 7200, 0, 0, 100, 0, NULL, NULL, NULL, NULL, '', NULL, 59466),
(@CGUID+103, 189895, 2444, 13862, 14506, '0', 0, 0, 0, -1, 0, 0, 55.5608, -993.793, 838.028, 1.96351, 7200, 0, 0, 100, 0, NULL, NULL, NULL, NULL, '', NULL, 59466),
(@CGUID+104, 199220, 2444, 13862, 14506, '0', 0, 0, 0, -1, 0, 0, 68.8439, -926.86, 838.083, 0.439444, 7200, 10, 0, 100, 1, NULL, NULL, NULL, NULL, '', NULL, 59466),
(@CGUID+105, 199220, 2444, 13862, 14506, '0', 0, 0, 0, -1, 0, 0, 160.3, -947.943, 846.695, 3.47231, 7200, 10, 0, 100, 1, NULL, NULL, NULL, NULL, '', NULL, 59466),
(@CGUID+106, 184168, 2444, 13862, 14506, '0', 0, 0, 0, -1, 0, 0, 81.6892, -995.865, 836.615, 1.69435, 7200, 0, 0, 100, 0, NULL, NULL, NULL, NULL, '', NULL, 59466),
(@CGUID+107, 199220, 2444, 13862, 14506, '0', 0, 0, 0, -1, 0, 0, 90.7981, -931.112, 839.769, 2.39842, 7200, 10, 0, 100, 1, NULL, NULL, NULL, NULL, '', NULL, 59466),
(@CGUID+108, 189869, 2444, 13862, 14506, '0', 0, 0, 0, -1, 0, 0, -30.8715, -987.651, 837.036, 1.56079, 7200, 0, 0, 100, 0, NULL, NULL, NULL, NULL, '', NULL, 59466),
(@CGUID+109, 184168, 2444, 13862, 14506, '0', 0, 0, 0, -1, 0, 0, 107.429, -1021.23, 838.665, 3.34588, 7200, 0, 0, 100, 0, NULL, NULL, NULL, NULL, '', NULL, 59466),
(@CGUID+110, 200208, 2444, 13862, 14506, '0', 0, 0, 0, -1, 0, 0, 105.099, -985.087, 837.208, 4.02737, 7200, 0, 0, 100, 0, NULL, NULL, NULL, NULL, '', NULL, 59466),
(@CGUID+111, 199261, 2444, 13862, 14506, '0', 0, 0, 0, -1, 0, 0, 65.3958, -988.995, 837.679, 0.316115, 7200, 0, 0, 100, 0, NULL, NULL, NULL, NULL, '', NULL, 59466),
(@CGUID+112, 188869, 2444, 13862, 14506, '0', 0, 0, 0, -1, 0, 0, 66.4713, -1065.01, 903.844, 4.27662, 7200, 10, 0, 100, 1, NULL, NULL, NULL, NULL, '', NULL, 59466),
(@CGUID+113, 199705, 2444, 13862, 14506, '0', 0, 0, 0, -1, 0, 0, 103.363, -987.212, 837.2, 0.885778, 7200, 0, 0, 100, 0, NULL, NULL, NULL, NULL, '', NULL, 59466),
(@CGUID+114, 184168, 2444, 13862, 14506, '0', 0, 0, 0, -1, 0, 0, 87.9201, -1026.72, 838.665, 0.292319, 7200, 0, 0, 100, 0, NULL, NULL, NULL, NULL, '', NULL, 59466),
(@CGUID+115, 199220, 2444, 13862, 14506, '0', 0, 0, 0, -1, 0, 0, 30.6907, -989.604, 842.961, 2.62164, 7200, 10, 0, 100, 1, NULL, NULL, NULL, NULL, '', NULL, 59466),
(@CGUID+116, 199605, 2444, 13862, 14506, '0', 0, 0, 0, -1, 0, 0, 87.7066, -1045.09, 838.724, 5.78144, 7200, 0, 0, 100, 0, NULL, NULL, NULL, NULL, '', NULL, 59466),
(@CGUID+117, 189285, 2444, 13862, 14506, '0', 0, 0, 0, -1, 0, 0, 133.056, -1088.7, 901.754, 2.91743, 7200, 0, 0, 100, 0, NULL, NULL, NULL, NULL, '', NULL, 59466),
(@CGUID+118, 199220, 2444, 13862, 14506, '0', 0, 0, 0, -1, 0, 0, 21.183, -1001.68, 846.632, 4.05307, 7200, 10, 0, 100, 1, NULL, NULL, NULL, NULL, '', NULL, 59466),
(@CGUID+119, 186794, 2444, 13862, 14506, '0', 0, 0, 0, -1, 0, 0, 115.889, -1094.6, 843.347, 1.80853, 7200, 0, 0, 100, 0, NULL, NULL, NULL, NULL, '', NULL, 59466),
(@CGUID+120, 188869, 2444, 13862, 14506, '0', 0, 0, 0, -1, 0, 0, 98.3272, -1076.11, 907.209, 1.23869, 7200, 10, 0, 100, 1, NULL, NULL, NULL, NULL, '', NULL, 59466),
(@CGUID+121, 184168, 2444, 13862, 14506, '0', 0, 0, 0, -1, 0, 0, 115.104, -1038.26, 838.724, 5.16986, 7200, 0, 0, 100, 0, NULL, NULL, NULL, NULL, '', NULL, 59466),
(@CGUID+122, 189895, 2444, 13862, 14506, '0', 0, 0, 0, -1, 0, 0, 27.2812, -722.944, 793.984, 4.68879, 7200, 0, 0, 100, 0, NULL, NULL, NULL, NULL, '', NULL, 59466);

-- creature addon
DELETE FROM `creature_addon` WHERE `guid` BETWEEN @CGUID+1 AND @CGUID+122;
INSERT INTO `creature_addon` (`guid`, `PathId`, `mount`, `MountCreatureID`, `StandState`, `AnimTier`, `VisFlags`, `SheathState`, `PvPFlags`, `emote`, `aiAnimKit`, `movementAnimKit`, `meleeAnimKit`, `visibilityDistanceType`, `auras`) VALUES 
(@CGUID+1, 0, 0, 0, 0, 0, 0, 1, 1, 714, 0, 0, 0, 0, ''),
(@CGUID+2, 0, 0, 0, 0, 0, 0, 1, 0, 615, 0, 0, 0, 0, ''),
(@CGUID+3, 0, 0, 0, 0, 0, 0, 1, 0, 0, 0, 0, 0, 0, ''),
(@CGUID+4, 0, 0, 0, 0, 3, 0, 1, 0, 0, 0, 0, 0, 0, ''),
(@CGUID+5, 0, 0, 0, 0, 3, 0, 1, 0, 0, 0, 0, 0, 0, ''),
(@CGUID+6, 0, 0, 0, 0, 0, 0, 1, 0, 0, 0, 0, 0, 0, ''),
(@CGUID+7, 0, 0, 0, 0, 0, 0, 1, 0, 0, 0, 0, 0, 0, ''),
(@CGUID+8, 0, 0, 0, 0, 0, 0, 1, 0, 0, 0, 0, 0, 0, ''),
(@CGUID+9, 0, 0, 0, 0, 0, 0, 1, 0, 0, 0, 0, 0, 0, ''),
(@CGUID+10, 0, 0, 0, 0, 3, 0, 1, 0, 0, 0, 0, 0, 0, ''),
(@CGUID+11, 0, 0, 0, 0, 0, 0, 1, 0, 0, 0, 0, 0, 0, ''),
(@CGUID+12, 0, 0, 0, 0, 0, 0, 1, 0, 0, 0, 0, 0, 0, '364400'),
(@CGUID+13, 0, 0, 0, 0, 0, 0, 0, 1, 0, 0, 0, 0, 0, ''),
(@CGUID+14, 0, 0, 0, 0, 0, 0, 1, 0, 0, 0, 0, 0, 0, ''),
(@CGUID+15, 0, 0, 0, 0, 0, 0, 1, 0, 0, 0, 0, 0, 0, ''),
(@CGUID+16, 0, 0, 0, 0, 0, 0, 1, 0, 0, 0, 0, 0, 0, ''),
(@CGUID+17, 0, 0, 0, 0, 0, 0, 1, 0, 0, 0, 0, 0, 0, '373086'),
(@CGUID+18, 0, 0, 0, 0, 0, 0, 1, 0, 0, 0, 0, 0, 0, '98892'),
(@CGUID+19, 0, 0, 0, 0, 0, 0, 1, 0, 0, 0, 0, 0, 0, '98892 349892'),
(@CGUID+20, 0, 0, 0, 0, 0, 0, 1, 0, 0, 0, 0, 0, 0, ''),
(@CGUID+21, 0, 0, 0, 0, 0, 0, 1, 0, 0, 0, 0, 0, 0, ''),
(@CGUID+22, 0, 0, 0, 0, 0, 0, 1, 0, 0, 0, 0, 0, 0, '260294'),
(@CGUID+23, 0, 0, 0, 0, 0, 0, 1, 0, 0, 0, 0, 0, 0, '98892 167347 349892 260305'),
(@CGUID+24, 0, 0, 0, 0, 0, 0, 1, 0, 0, 0, 0, 0, 0, '371171'),
(@CGUID+25, 0, 0, 0, 0, 0, 0, 1, 0, 0, 0, 0, 0, 0, '98892 167347 349892 260305'),
(@CGUID+26, 0, 0, 0, 0, 0, 0, 1, 0, 0, 0, 0, 0, 0, '373086'),
(@CGUID+27, 0, 0, 0, 0, 0, 0, 1, 0, 0, 0, 0, 0, 0, '98892 167347 349892 260305'),
(@CGUID+28, 0, 0, 0, 0, 0, 0, 1, 0, 0, 0, 0, 0, 0, '98892 167347 349892 260305'),
(@CGUID+29, 0, 0, 0, 0, 0, 0, 1, 0, 0, 0, 0, 0, 0, '98892 167347 349892 260305'),
(@CGUID+30, 0, 0, 0, 0, 0, 0, 1, 0, 0, 0, 0, 0, 0, ''),
(@CGUID+31, 0, 0, 0, 0, 0, 0, 1, 0, 0, 0, 0, 0, 0, ''),
(@CGUID+32, 0, 0, 0, 0, 0, 0, 1, 0, 0, 0, 0, 0, 0, ''),
(@CGUID+33, 0, 0, 0, 0, 0, 0, 1, 0, 0, 0, 0, 0, 0, ''),
(@CGUID+34, 0, 0, 0, 0, 0, 0, 1, 0, 0, 0, 0, 0, 0, ''),
(@CGUID+35, 0, 0, 0, 0, 0, 0, 1, 0, 0, 0, 0, 0, 0, '373086'),
(@CGUID+36, 0, 0, 0, 0, 0, 0, 1, 0, 0, 0, 0, 0, 0, '98892 167347 349892 178806'),
(@CGUID+37, 0, 0, 0, 0, 0, 0, 1, 0, 0, 0, 0, 0, 0, ''),
(@CGUID+38, 0, 0, 0, 0, 0, 0, 1, 0, 0, 0, 0, 0, 0, '381450'),
(@CGUID+39, 0, 0, 0, 0, 3, 0, 1, 0, 0, 0, 0, 0, 0, ''),
(@CGUID+40, 0, 0, 0, 0, 3, 0, 1, 0, 0, 0, 0, 0, 0, ''),
(@CGUID+41, 0, 0, 0, 0, 0, 0, 1, 0, 0, 0, 0, 0, 0, '368927'),
(@CGUID+42, 0, 0, 0, 0, 3, 0, 1, 0, 0, 0, 0, 0, 0, ''),
(@CGUID+43, 0, 0, 0, 0, 3, 0, 1, 0, 0, 0, 0, 0, 0, ''),
(@CGUID+44, 0, 0, 0, 0, 0, 0, 1, 0, 0, 0, 0, 0, 0, ''),
(@CGUID+45, 0, 0, 0, 0, 3, 0, 1, 0, 0, 0, 0, 0, 0, ''),
(@CGUID+46, 0, 0, 0, 0, 3, 0, 1, 0, 0, 0, 0, 0, 0, ''),
(@CGUID+47, 0, 0, 0, 0, 0, 0, 1, 0, 0, 0, 0, 0, 0, ''),
(@CGUID+48, 0, 0, 0, 0, 0, 0, 1, 0, 0, 0, 0, 0, 0, ''),
(@CGUID+49, 0, 0, 0, 0, 0, 0, 1, 0, 757, 0, 0, 0, 0, '372207'),
(@CGUID+50, 0, 0, 0, 0, 0, 0, 1, 0, 0, 0, 0, 0, 0, '373086'),
(@CGUID+51, 0, 0, 0, 0, 0, 0, 1, 0, 0, 0, 0, 0, 0, '370885'),
(@CGUID+52, 0, 0, 0, 0, 0, 0, 1, 0, 0, 0, 0, 0, 0, ''),
(@CGUID+53, 0, 0, 0, 0, 0, 0, 1, 0, 0, 0, 0, 0, 0, '368927'),
(@CGUID+54, 0, 0, 0, 0, 0, 0, 1, 0, 0, 0, 0, 0, 0, ''),
(@CGUID+55, 0, 0, 0, 0, 0, 0, 1, 0, 0, 0, 0, 0, 0, '368927'),
(@CGUID+56, 0, 0, 0, 0, 3, 0, 1, 0, 0, 0, 0, 0, 0, ''),
(@CGUID+57, 0, 0, 0, 0, 0, 0, 1, 0, 0, 0, 0, 0, 0, ''),
(@CGUID+58, 0, 0, 0, 0, 0, 0, 1, 0, 0, 0, 0, 0, 0, '368927'),
(@CGUID+59, 0, 0, 0, 0, 3, 0, 1, 0, 0, 0, 0, 0, 0, ''),
(@CGUID+60, 0, 0, 0, 0, 0, 0, 1, 0, 0, 0, 0, 0, 0, ''),
(@CGUID+61, 0, 0, 0, 0, 0, 0, 1, 0, 483, 0, 0, 0, 0, ''),
(@CGUID+62, 0, 0, 0, 0, 3, 0, 1, 0, 0, 0, 0, 0, 0, ''),
(@CGUID+63, 0, 0, 0, 0, 3, 0, 1, 0, 0, 0, 0, 0, 0, ''),
(@CGUID+64, 0, 0, 0, 1, 0, 0, 1, 0, 0, 0, 0, 0, 0, ''),
(@CGUID+65, 0, 0, 0, 0, 0, 0, 1, 0, 0, 0, 0, 0, 0, '373086'),
(@CGUID+66, 0, 0, 0, 0, 0, 0, 1, 1, 0, 0, 0, 0, 0, ''),
(@CGUID+67, 0, 0, 0, 0, 0, 0, 1, 0, 426, 0, 0, 0, 0, ''),
(@CGUID+68, 0, 0, 0, 0, 0, 0, 0, 1, 875, 0, 0, 0, 0, ''),
(@CGUID+69, 0, 0, 0, 0, 0, 0, 1, 0, 0, 0, 0, 0, 0, ''),
(@CGUID+70, 0, 0, 0, 0, 0, 0, 1, 1, 0, 0, 0, 0, 0, ''),
(@CGUID+71, 0, 0, 0, 0, 0, 0, 1, 1, 0, 0, 0, 0, 0, ''),
(@CGUID+72, 0, 0, 0, 0, 0, 0, 1, 0, 0, 14533, 0, 0, 0, ''),
(@CGUID+73, 0, 0, 0, 0, 0, 0, 1, 0, 0, 14000, 0, 0, 0, '414008'),
(@CGUID+74, 0, 0, 0, 0, 0, 0, 1, 0, 0, 0, 0, 0, 0, '373086'),
(@CGUID+75, 0, 0, 0, 0, 0, 0, 1, 0, 0, 0, 0, 0, 0, ''),
(@CGUID+76, 0, 0, 0, 1, 0, 0, 1, 1, 0, 0, 0, 0, 0, ''),
(@CGUID+77, 0, 0, 0, 0, 0, 0, 1, 0, 0, 0, 0, 0, 0, ''),
(@CGUID+78, 0, 0, 0, 0, 0, 0, 1, 0, 426, 0, 0, 0, 0, '395613'),
(@CGUID+79, 0, 0, 0, 0, 0, 0, 1, 0, 0, 0, 0, 0, 0, '414008'),
(@CGUID+80, 0, 0, 0, 0, 0, 0, 0, 0, 0, 16302, 0, 0, 0, ''),
(@CGUID+81, 0, 0, 0, 0, 0, 0, 1, 0, 0, 0, 0, 0, 0, ''),
(@CGUID+82, 0, 0, 0, 0, 0, 0, 1, 1, 714, 0, 0, 0, 0, ''),
(@CGUID+83, 0, 0, 0, 0, 0, 0, 1, 0, 0, 0, 0, 0, 0, ''),
(@CGUID+84, 0, 0, 0, 0, 0, 0, 1, 1, 717, 0, 0, 0, 0, ''),
(@CGUID+85, 0, 0, 0, 0, 0, 0, 1, 0, 0, 0, 0, 0, 0, ''),
(@CGUID+86, 0, 0, 0, 0, 0, 0, 1, 1, 0, 0, 0, 0, 0, ''),
(@CGUID+87, 0, 0, 0, 0, 0, 0, 1, 0, 0, 0, 0, 0, 0, ''),
(@CGUID+88, 0, 0, 0, 0, 0, 0, 1, 0, 0, 0, 0, 0, 0, ''),
(@CGUID+89, 0, 0, 0, 0, 0, 0, 1, 0, 418, 0, 0, 0, 0, ''),
(@CGUID+90, 0, 0, 0, 1, 0, 0, 1, 0, 0, 0, 0, 0, 0, ''),
(@CGUID+91, 0, 0, 0, 1, 0, 0, 1, 0, 0, 0, 0, 0, 0, ''),
(@CGUID+92, 0, 0, 0, 0, 0, 0, 1, 1, 717, 0, 0, 0, 0, ''),
(@CGUID+93, 0, 0, 0, 0, 0, 0, 1, 0, 0, 0, 0, 0, 0, ''),
(@CGUID+94, 0, 0, 0, 0, 0, 0, 1, 0, 0, 0, 0, 0, 0, ''),
(@CGUID+95, 0, 0, 0, 0, 3, 0, 1, 0, 0, 0, 0, 0, 0, ''),
(@CGUID+96, 0, 0, 0, 0, 0, 0, 1, 0, 0, 0, 0, 0, 0, '392109'),
(@CGUID+97, 0, 0, 0, 0, 0, 0, 0, 0, 0, 0, 0, 0, 0, ''),
(@CGUID+98, 0, 0, 0, 0, 0, 0, 1, 0, 0, 0, 0, 0, 0, ''),
(@CGUID+99, 0, 0, 0, 0, 3, 0, 1, 0, 0, 0, 0, 0, 0, ''),
(@CGUID+100, 0, 0, 0, 0, 0, 0, 1, 0, 0, 0, 0, 0, 0, ''),
(@CGUID+101, 0, 0, 0, 0, 3, 0, 1, 0, 0, 0, 0, 0, 0, ''),
(@CGUID+102, 0, 0, 0, 0, 0, 0, 1, 0, 0, 0, 0, 0, 0, '373086'),
(@CGUID+103, 0, 0, 0, 0, 0, 0, 1, 0, 0, 0, 0, 0, 0, '373086'),
(@CGUID+104, 0, 0, 0, 0, 3, 0, 1, 0, 0, 0, 0, 0, 0, ''),
(@CGUID+105, 0, 0, 0, 0, 3, 0, 1, 0, 0, 0, 0, 0, 0, ''),
(@CGUID+106, 0, 0, 0, 0, 0, 0, 1, 1, 714, 0, 0, 0, 0, ''),
(@CGUID+107, 0, 0, 0, 0, 3, 0, 1, 0, 0, 0, 0, 0, 0, ''),
(@CGUID+108, 0, 0, 0, 0, 0, 0, 1, 0, 0, 0, 0, 0, 0, '373086'),
(@CGUID+109, 0, 0, 0, 0, 0, 0, 1, 1, 714, 0, 0, 0, 0, ''),
(@CGUID+110, 0, 0, 0, 0, 0, 0, 1, 0, 0, 0, 0, 0, 0, '391126'),
(@CGUID+111, 0, 0, 0, 0, 0, 0, 1, 0, 0, 0, 0, 0, 0, ''),
(@CGUID+112, 0, 0, 0, 0, 3, 0, 1, 0, 0, 0, 0, 0, 0, ''),
(@CGUID+113, 0, 0, 0, 0, 0, 0, 1, 0, 0, 0, 0, 0, 0, ''),
(@CGUID+114, 0, 0, 0, 0, 0, 0, 1, 1, 714, 0, 0, 0, 0, ''),
(@CGUID+115, 0, 0, 0, 0, 3, 0, 1, 0, 0, 0, 0, 0, 0, ''),
(@CGUID+116, 0, 0, 0, 0, 0, 0, 1, 0, 0, 0, 0, 0, 0, ''),
(@CGUID+117, 0, 0, 0, 1, 0, 0, 1, 0, 0, 0, 0, 0, 0, ''),
(@CGUID+118, 0, 0, 0, 0, 3, 0, 1, 0, 0, 0, 0, 0, 0, ''),
(@CGUID+119, 0, 0, 0, 0, 0, 0, 1, 1, 0, 26107, 0, 0, 0, ''),
(@CGUID+120, 0, 0, 0, 0, 3, 0, 1, 0, 0, 0, 0, 0, 0, ''),
(@CGUID+121, 0, 0, 0, 0, 0, 0, 1, 1, 714, 0, 0, 0, 0, ''),
(@CGUID+122, 0, 0, 0, 0, 0, 0, 1, 0, 0, 0, 0, 0, 0, '373086');

-- creature template addon
DELETE FROM `creature_template_addon` WHERE `entry` IN(98148,121541,184168,184170,185556,186794,187570,187640,188004,188006,188007,188008,188054,188055,188056,188210,188227,188824,188825,188869,189285,189500,189869,189895,189973,194644,194645,194646,194648,196499,196516,197452,197453,197548,197834,197986,198742,199220,199261,199412,199527,199528,199530,199599,199601,199603,199605,199705,200208,201230,202656,203229,203391,205647,206864,207696,208529,209377,214060,214682,219760,219761,221421);
INSERT INTO `creature_template_addon` (`entry`, `PathId`, `mount`, `MountCreatureID`, `StandState`, `AnimTier`, `VisFlags`, `SheathState`, `PvPFlags`, `emote`, `aiAnimKit`, `movementAnimKit`, `meleeAnimKit`, `visibilityDistanceType`, `auras`) VALUES 
(98148, 0, 0, 0, 0, 0, 0, 1, 0, 0, 0, 0, 0, 0, ''),
(121541, 0, 0, 0, 0, 0, 0, 1, 0, 0, 0, 0, 0, 0, ''),
(184168, 0, 0, 0, 0, 0, 0, 1, 1, 0, 0, 0, 0, 0, ''),
(184170, 0, 0, 0, 0, 0, 0, 0, 1, 0, 0, 0, 0, 0, ''),
(185556, 0, 0, 0, 0, 0, 0, 0, 1, 0, 0, 0, 0, 0, ''),
(186794, 0, 0, 0, 0, 0, 0, 1, 1, 0, 26107, 0, 0, 0, ''),
(187570, 0, 0, 0, 1, 0, 0, 1, 0, 0, 0, 0, 0, 0, ''),
(187640, 0, 0, 0, 0, 0, 0, 1, 0, 0, 0, 0, 0, 0, '371171'),
(188004, 0, 0, 0, 0, 0, 0, 1, 0, 0, 0, 0, 0, 0, ''),
(188006, 0, 0, 0, 0, 0, 0, 1, 0, 0, 0, 0, 0, 0, ''),
(188007, 0, 0, 0, 0, 0, 0, 1, 0, 0, 0, 0, 0, 0, '370885'),
(188008, 0, 0, 0, 0, 0, 0, 1, 0, 0, 0, 0, 0, 0, '368927'),
(188054, 0, 0, 0, 0, 0, 0, 1, 1, 0, 0, 0, 0, 0, ''),
(188055, 0, 0, 0, 0, 0, 0, 1, 0, 0, 0, 0, 0, 0, '364400'),
(188056, 0, 0, 0, 0, 0, 0, 1, 0, 0, 0, 0, 0, 0, '381450'),
(188210, 0, 0, 0, 0, 0, 0, 1, 0, 0, 0, 0, 0, 0, ''),
(188227, 0, 0, 0, 0, 0, 0, 0, 0, 0, 16302, 0, 0, 0, ''),
(188824, 0, 0, 0, 0, 0, 0, 0, 1, 0, 0, 0, 0, 0, ''),
(188825, 0, 0, 0, 1, 0, 0, 1, 1, 0, 0, 0, 0, 0, ''),
(188869, 0, 0, 0, 0, 3, 0, 1, 0, 0, 0, 0, 0, 0, ''),
(189285, 0, 0, 0, 1, 0, 0, 1, 0, 0, 0, 0, 0, 0, ''),
(189500, 0, 0, 0, 0, 0, 0, 1, 0, 0, 0, 0, 0, 0, ''),
(189869, 0, 0, 0, 0, 0, 0, 1, 0, 0, 0, 0, 0, 0, '373086'),
(189895, 0, 0, 0, 0, 0, 0, 1, 0, 0, 0, 0, 0, 0, '373086'),
(189973, 0, 0, 0, 0, 0, 0, 1, 0, 0, 0, 0, 0, 0, ''),
(194644, 0, 0, 0, 0, 0, 0, 1, 0, 0, 0, 0, 0, 0, '98892'),
(194645, 0, 0, 0, 0, 0, 0, 1, 0, 0, 0, 0, 0, 0, '260294'),
(194646, 0, 0, 0, 0, 0, 0, 1, 0, 0, 0, 0, 0, 0, '98892 167347 349892 260305'),
(194648, 0, 0, 0, 0, 0, 0, 1, 0, 0, 0, 0, 0, 0, '98892 349892'),
(196499, 0, 0, 0, 0, 0, 0, 1, 0, 0, 0, 0, 0, 0, ''),
(196516, 0, 0, 0, 0, 0, 0, 1, 0, 0, 0, 0, 0, 0, ''),
(197452, 0, 0, 0, 0, 0, 0, 1, 0, 0, 0, 0, 0, 0, ''),
(197453, 0, 0, 0, 0, 0, 0, 1, 0, 0, 0, 0, 0, 0, ''),
(197548, 0, 0, 0, 0, 0, 0, 1, 0, 0, 0, 0, 0, 0, '372207'),
(197834, 0, 0, 0, 0, 0, 0, 1, 0, 0, 0, 0, 0, 0, '98892 167347 349892 178806'),
(197986, 0, 0, 0, 0, 0, 0, 1, 0, 0, 0, 0, 0, 0, '392109'),
(198742, 0, 0, 0, 0, 0, 0, 1, 0, 0, 0, 0, 0, 0, '395613'),
(199220, 0, 0, 0, 0, 3, 0, 1, 0, 0, 0, 0, 0, 0, ''),
(199261, 0, 0, 0, 0, 0, 0, 1, 0, 0, 0, 0, 0, 0, ''),
(199412, 0, 0, 0, 0, 0, 0, 1, 0, 0, 0, 0, 0, 0, ''),
(199527, 0, 0, 0, 0, 0, 0, 1, 0, 0, 0, 0, 0, 0, ''),
(199528, 0, 0, 0, 0, 0, 0, 1, 0, 0, 0, 0, 0, 0, ''),
(199530, 0, 0, 0, 0, 0, 0, 1, 0, 0, 0, 0, 0, 0, ''),
(199599, 0, 0, 0, 0, 0, 0, 1, 0, 0, 0, 0, 0, 0, ''),
(199601, 0, 0, 0, 0, 0, 0, 1, 0, 0, 0, 0, 0, 0, ''),
(199603, 0, 0, 0, 0, 0, 0, 1, 0, 0, 0, 0, 0, 0, ''),
(199605, 0, 0, 0, 0, 0, 0, 1, 0, 0, 0, 0, 0, 0, ''),
(199705, 0, 0, 0, 0, 0, 0, 1, 0, 0, 0, 0, 0, 0, ''),
(200208, 0, 0, 0, 0, 0, 0, 1, 0, 0, 0, 0, 0, 0, ''),
(201230, 0, 0, 0, 0, 0, 0, 1, 0, 0, 0, 0, 0, 0, ''),
(202656, 0, 0, 0, 0, 0, 0, 0, 0, 0, 0, 0, 0, 0, ''),
(203229, 0, 0, 0, 0, 0, 0, 1, 0, 0, 0, 0, 0, 0, ''),
(203391, 0, 0, 0, 0, 0, 0, 1, 0, 0, 0, 0, 0, 0, ''),
(205647, 0, 0, 0, 0, 0, 0, 1, 0, 0, 0, 0, 0, 0, ''),
(206864, 0, 0, 0, 0, 0, 0, 1, 0, 0, 0, 0, 0, 0, '414008'),
(207696, 0, 0, 0, 0, 0, 0, 1, 0, 0, 14000, 0, 0, 0, '414008'),
(208529, 0, 0, 0, 0, 0, 0, 1, 0, 0, 0, 0, 0, 0, ''),
(209377, 0, 0, 0, 0, 0, 0, 1, 0, 0, 0, 0, 0, 0, ''),
(214060, 0, 0, 0, 0, 0, 0, 1, 0, 0, 0, 0, 0, 0, ''),
(214682, 0, 0, 0, 0, 0, 0, 1, 0, 0, 0, 0, 0, 0, ''),
(219760, 0, 0, 0, 0, 0, 0, 1, 0, 0, 14533, 0, 0, 0, ''),
(219761, 0, 0, 0, 0, 0, 0, 1, 0, 0, 0, 0, 0, 0, ''),
(221421, 0, 0, 0, 0, 0, 0, 1, 0, 0, 0, 0, 0, 0, '');

-- creature template
UPDATE `creature_template` SET `faction` = 534, `npcflag` = 1, `unit_flags` = 768, `unit_flags2` = 2048, `unit_flags3` = 0, `VehicleId` = 0 WHERE `entry` = 98148;
UPDATE `creature_template` SET `faction` = 190, `npcflag` = 0, `unit_flags` = 33555200, `unit_flags2` = 67110912, `unit_flags3` = 1, `VehicleId` = 0 WHERE `entry` = 121541;
UPDATE `creature_template` SET `faction` = 3277, `npcflag` = 1, `unit_flags` = 64, `unit_flags2` = 2048, `unit_flags3` = 8388608, `VehicleId` = 0 WHERE `entry` = 184168;
UPDATE `creature_template` SET `faction` = 3277, `npcflag` = 1, `unit_flags` = 64, `unit_flags2` = 2048, `unit_flags3` = 8388608, `VehicleId` = 0 WHERE `entry` = 184170;
UPDATE `creature_template` SET `faction` = 35, `npcflag` = 211, `unit_flags` = 0, `unit_flags2` = 2048, `unit_flags3` = 0, `VehicleId` = 0 WHERE `entry` = 185556;
UPDATE `creature_template` SET `faction` = 35, `npcflag` = 131076, `unit_flags` = 512, `unit_flags2` = 2048, `unit_flags3` = 0, `VehicleId` = 0 WHERE `entry` = 186794;
UPDATE `creature_template` SET `faction` = 35, `npcflag` = 0, `unit_flags` = 0, `unit_flags2` = 2048, `unit_flags3` = 0, `VehicleId` = 0 WHERE `entry` = 187570;
UPDATE `creature_template` SET `faction` = 35, `npcflag` = 0, `unit_flags` = 0, `unit_flags2` = 2048, `unit_flags3` = 0, `VehicleId` = 0 WHERE `entry` = 187640;
UPDATE `creature_template` SET `faction` = 35, `npcflag` = 0, `unit_flags` = 0, `unit_flags2` = 2048, `unit_flags3` = 0, `VehicleId` = 0 WHERE `entry` = 188004;
UPDATE `creature_template` SET `faction` = 35, `npcflag` = 0, `unit_flags` = 0, `unit_flags2` = 2048, `unit_flags3` = 0, `VehicleId` = 0 WHERE `entry` = 188006;
UPDATE `creature_template` SET `faction` = 35, `npcflag` = 0, `unit_flags` = 0, `unit_flags2` = 2048, `unit_flags3` = 0, `VehicleId` = 0 WHERE `entry` = 188007;
UPDATE `creature_template` SET `faction` = 35, `npcflag` = 0, `unit_flags` = 0, `unit_flags2` = 2048, `unit_flags3` = 0, `VehicleId` = 0 WHERE `entry` = 188008;
UPDATE `creature_template` SET `faction` = 3277, `npcflag` = 1, `unit_flags` = 0, `unit_flags2` = 2048, `unit_flags3` = 8388608, `VehicleId` = 0 WHERE `entry` = 188054;
UPDATE `creature_template` SET `faction` = 35, `npcflag` = 0, `unit_flags` = 0, `unit_flags2` = 2048, `unit_flags3` = 0, `VehicleId` = 0 WHERE `entry` = 188055;
UPDATE `creature_template` SET `faction` = 35, `npcflag` = 0, `unit_flags` = 0, `unit_flags2` = 2048, `unit_flags3` = 0, `VehicleId` = 7769 WHERE `entry` = 188056;
UPDATE `creature_template` SET `faction` = 614, `npcflag` = 0, `unit_flags` = 0, `unit_flags2` = 2048, `unit_flags3` = 0, `VehicleId` = 0 WHERE `entry` = 188210;
UPDATE `creature_template` SET `faction` = 3276, `npcflag` = 0, `unit_flags` = 768, `unit_flags2` = 2048, `unit_flags3` = 0, `VehicleId` = 0 WHERE `entry` = 188227;
UPDATE `creature_template` SET `faction` = 3276, `npcflag` = 0, `unit_flags` = 512, `unit_flags2` = 2048, `unit_flags3` = 0, `VehicleId` = 0 WHERE `entry` = 188824;
UPDATE `creature_template` SET `faction` = 3276, `npcflag` = 0, `unit_flags` = 512, `unit_flags2` = 2048, `unit_flags3` = 0, `VehicleId` = 0 WHERE `entry` = 188825;
UPDATE `creature_template` SET `faction` = 3276, `npcflag` = 0, `unit_flags` = 0, `unit_flags2` = 2048, `unit_flags3` = 67108864, `VehicleId` = 0 WHERE `entry` = 188869;
UPDATE `creature_template` SET `faction` = 3278, `npcflag` = 0, `unit_flags` = 0, `unit_flags2` = 2048, `unit_flags3` = 0, `VehicleId` = 0 WHERE `entry` = 189285;
UPDATE `creature_template` SET `faction` = 3276, `npcflag` = 0, `unit_flags` = 0, `unit_flags2` = 2048, `unit_flags3` = 0, `VehicleId` = 0 WHERE `entry` = 189500;
UPDATE `creature_template` SET `faction` = 3277, `npcflag` = 1, `unit_flags` = 0, `unit_flags2` = 2048, `unit_flags3` = 0, `VehicleId` = 0 WHERE `entry` = 189869;
UPDATE `creature_template` SET `faction` = 3277, `npcflag` = 1, `unit_flags` = 0, `unit_flags2` = 2048, `unit_flags3` = 0, `VehicleId` = 0 WHERE `entry` = 189895;
UPDATE `creature_template` SET `faction` = 3276, `npcflag` = 3, `unit_flags` = 768, `unit_flags2` = 2048, `unit_flags3` = 0, `VehicleId` = 0 WHERE `entry` = 189973;
UPDATE `creature_template` SET `faction` = 7, `npcflag` = 0, `unit_flags` = 0, `unit_flags2` = 2048, `unit_flags3` = 1082130432, `VehicleId` = 0 WHERE `entry` = 194644;
UPDATE `creature_template` SET `faction` = 35, `npcflag` = 0, `unit_flags` = 0, `unit_flags2` = 2048, `unit_flags3` = 1082130433, `VehicleId` = 0 WHERE `entry` = 194645;
UPDATE `creature_template` SET `faction` = 35, `npcflag` = 0, `unit_flags` = 0, `unit_flags2` = 2048, `unit_flags3` = 1082130433, `VehicleId` = 0 WHERE `entry` = 194646;
UPDATE `creature_template` SET `faction` = 7, `npcflag` = 0, `unit_flags` = 0, `unit_flags2` = 2048, `unit_flags3` = 1082130433, `VehicleId` = 0 WHERE `entry` = 194648;
UPDATE `creature_template` SET `faction` = 3276, `npcflag` = 2, `unit_flags` = 768, `unit_flags2` = 2048, `unit_flags3` = 0, `VehicleId` = 0 WHERE `entry` = 196499;
UPDATE `creature_template` SET `faction` = 35, `npcflag` = 131, `unit_flags` = 0, `unit_flags2` = 2048, `unit_flags3` = 0, `VehicleId` = 0 WHERE `entry` = 196516;
UPDATE `creature_template` SET `faction` = 3270, `npcflag` = 0, `unit_flags` = 256, `unit_flags2` = 2048, `unit_flags3` = 0, `VehicleId` = 0 WHERE `entry` = 197452;
UPDATE `creature_template` SET `faction` = 3270, `npcflag` = 0, `unit_flags` = 256, `unit_flags2` = 2048, `unit_flags3` = 0, `VehicleId` = 0 WHERE `entry` = 197453;
UPDATE `creature_template` SET `faction` = 35, `npcflag` = 0, `unit_flags` = 0, `unit_flags2` = 2048, `unit_flags3` = 0, `VehicleId` = 0 WHERE `entry` = 197548;
UPDATE `creature_template` SET `faction` = 35, `npcflag` = 0, `unit_flags` = 0, `unit_flags2` = 2048, `unit_flags3` = 1082130433, `VehicleId` = 0 WHERE `entry` = 197834;
UPDATE `creature_template` SET `faction` = 35, `npcflag` = 2, `unit_flags` = 768, `unit_flags2` = 2048, `unit_flags3` = 0, `VehicleId` = 0 WHERE `entry` = 197986;
UPDATE `creature_template` SET `faction` = 35, `npcflag` = 0, `unit_flags` = 768, `unit_flags2` = 2048, `unit_flags3` = 0, `VehicleId` = 0 WHERE `entry` = 198742;
UPDATE `creature_template` SET `faction` = 188, `npcflag` = 0, `unit_flags` = 0, `unit_flags2` = 2048, `unit_flags3` = 0, `VehicleId` = 0 WHERE `entry` = 199220;
UPDATE `creature_template` SET `faction` = 3276, `npcflag` = 2, `unit_flags` = 256, `unit_flags2` = 2048, `unit_flags3` = 0, `VehicleId` = 0 WHERE `entry` = 199261;
UPDATE `creature_template` SET `faction` = 3276, `npcflag` = 0, `unit_flags` = 0, `unit_flags2` = 2048, `unit_flags3` = 0, `VehicleId` = 0 WHERE `entry` = 199412;
UPDATE `creature_template` SET `faction` = 3276, `npcflag` = 0, `unit_flags` = 512, `unit_flags2` = 2048, `unit_flags3` = 0, `VehicleId` = 0 WHERE `entry` = 199527;
UPDATE `creature_template` SET `faction` = 3276, `npcflag` = 0, `unit_flags` = 512, `unit_flags2` = 2048, `unit_flags3` = 0, `VehicleId` = 0 WHERE `entry` = 199528;
UPDATE `creature_template` SET `faction` = 3276, `npcflag` = 0, `unit_flags` = 512, `unit_flags2` = 2048, `unit_flags3` = 0, `VehicleId` = 0 WHERE `entry` = 199530;
UPDATE `creature_template` SET `faction` = 35, `npcflag` = 130, `unit_flags` = 768, `unit_flags2` = 2048, `unit_flags3` = 0, `VehicleId` = 0 WHERE `entry` = 199599;
UPDATE `creature_template` SET `faction` = 35, `npcflag` = 128, `unit_flags` = 768, `unit_flags2` = 2048, `unit_flags3` = 0, `VehicleId` = 0 WHERE `entry` = 199601;
UPDATE `creature_template` SET `faction` = 35, `npcflag` = 4294967296, `unit_flags` = 768, `unit_flags2` = 2048, `unit_flags3` = 0, `VehicleId` = 0 WHERE `entry` = 199603;
UPDATE `creature_template` SET `faction` = 35, `npcflag` = 0, `unit_flags` = 768, `unit_flags2` = 2048, `unit_flags3` = 0, `VehicleId` = 0 WHERE `entry` = 199605;
UPDATE `creature_template` SET `faction` = 1816, `npcflag` = 1, `unit_flags` = 832, `unit_flags2` = 2048, `unit_flags3` = 0, `VehicleId` = 0 WHERE `entry` = 199705;
UPDATE `creature_template` SET `faction` = 1816, `npcflag` = 1, `unit_flags` = 832, `unit_flags2` = 2048, `unit_flags3` = 0, `VehicleId` = 0 WHERE `entry` = 200208;
UPDATE `creature_template` SET `faction` = 3273, `npcflag` = 1, `unit_flags` = 768, `unit_flags2` = 2048, `unit_flags3` = 0, `VehicleId` = 0 WHERE `entry` = 201230;
UPDATE `creature_template` SET `faction` = 35, `npcflag` = 2, `unit_flags` = 768, `unit_flags2` = 2048, `unit_flags3` = 0, `VehicleId` = 0 WHERE `entry` = 202656;
UPDATE `creature_template` SET `faction` = 35, `npcflag` = 0, `unit_flags` = 0, `unit_flags2` = 2048, `unit_flags3` = 0, `VehicleId` = 0 WHERE `entry` = 203229;
UPDATE `creature_template` SET `faction` = 35, `npcflag` = 4294967296, `unit_flags` = 768, `unit_flags2` = 2048, `unit_flags3` = 0, `VehicleId` = 0 WHERE `entry` = 203391;
UPDATE `creature_template` SET `faction` = 35, `npcflag` = 2, `unit_flags` = 0, `unit_flags2` = 2048, `unit_flags3` = 0, `VehicleId` = 0 WHERE `entry` = 205647;
UPDATE `creature_template` SET `faction` = 35, `npcflag` = 131, `unit_flags` = 768, `unit_flags2` = 2048, `unit_flags3` = 0, `VehicleId` = 0 WHERE `entry` = 206864;
UPDATE `creature_template` SET `faction` = 35, `npcflag` = 3, `unit_flags` = 768, `unit_flags2` = 2048, `unit_flags3` = 0, `VehicleId` = 0 WHERE `entry` = 207696;
UPDATE `creature_template` SET `faction` = 35, `npcflag` = 0, `unit_flags` = 0, `unit_flags2` = 2048, `unit_flags3` = 0, `VehicleId` = 0 WHERE `entry` = 208529;
UPDATE `creature_template` SET `faction` = 35, `npcflag` = 129, `unit_flags` = 0, `unit_flags2` = 2048, `unit_flags3` = 0, `VehicleId` = 0 WHERE `entry` = 209377;
UPDATE `creature_template` SET `faction` = 35, `npcflag` = 1, `unit_flags` = 0, `unit_flags2` = 2048, `unit_flags3` = 0, `VehicleId` = 0 WHERE `entry` = 214060;
UPDATE `creature_template` SET `faction` = 35, `npcflag` = 129, `unit_flags` = 0, `unit_flags2` = 2048, `unit_flags3` = 0, `VehicleId` = 0 WHERE `entry` = 214682;
UPDATE `creature_template` SET `faction` = 35, `npcflag` = 131, `unit_flags` = 0, `unit_flags2` = 2048, `unit_flags3` = 0, `VehicleId` = 0 WHERE `entry` = 219760;
UPDATE `creature_template` SET `faction` = 3392, `npcflag` = 0, `unit_flags` = 256, `unit_flags2` = 2048, `unit_flags3` = 0, `VehicleId` = 0 WHERE `entry` = 219761;
UPDATE `creature_template` SET `faction` = 35, `npcflag` = 129, `unit_flags` = 0, `unit_flags2` = 2048, `unit_flags3` = 0, `VehicleId` = 0 WHERE `entry` = 221421;

-- creature template difficulty
UPDATE `creature_template_difficulty` SET `ContentTuningID` = 982, `StaticFlags1` = 0, `StaticFlags2` = 0, `StaticFlags3` = 0 WHERE `Entry` = 98148;
UPDATE `creature_template_difficulty` SET `ContentTuningID` = 336, `StaticFlags1` = 0, `StaticFlags2` = 0, `StaticFlags3` = 0 WHERE `Entry` = 121541;
UPDATE `creature_template_difficulty` SET `ContentTuningID` = 2078, `StaticFlags1` = 268435456, `StaticFlags2` = 0, `StaticFlags3` = 0 WHERE `Entry` = 184168;
UPDATE `creature_template_difficulty` SET `ContentTuningID` = 2078, `StaticFlags1` = 268435456, `StaticFlags2` = 0, `StaticFlags3` = 0 WHERE `Entry` = 184170;
UPDATE `creature_template_difficulty` SET `ContentTuningID` = 2154, `StaticFlags1` = 268435456, `StaticFlags2` = 0, `StaticFlags3` = 0 WHERE `Entry` = 185556;
UPDATE `creature_template_difficulty` SET `ContentTuningID` = 2164, `StaticFlags1` = 0, `StaticFlags2` = 0, `StaticFlags3` = 33554432 WHERE `Entry` = 186794;
UPDATE `creature_template_difficulty` SET `ContentTuningID` = 2078, `StaticFlags1` = 268435456, `StaticFlags2` = 0, `StaticFlags3` = 0 WHERE `Entry` = 187570;
UPDATE `creature_template_difficulty` SET `ContentTuningID` = 2078, `StaticFlags1` = 268435456, `StaticFlags2` = 0, `StaticFlags3` = 0 WHERE `Entry` = 187640;
UPDATE `creature_template_difficulty` SET `ContentTuningID` = 2078, `StaticFlags1` = 268435456, `StaticFlags2` = 0, `StaticFlags3` = 0 WHERE `Entry` = 188004;
UPDATE `creature_template_difficulty` SET `ContentTuningID` = 2078, `StaticFlags1` = 268435456, `StaticFlags2` = 0, `StaticFlags3` = 0 WHERE `Entry` = 188006;
UPDATE `creature_template_difficulty` SET `ContentTuningID` = 2078, `StaticFlags1` = 268435456, `StaticFlags2` = 0, `StaticFlags3` = 0 WHERE `Entry` = 188007;
UPDATE `creature_template_difficulty` SET `ContentTuningID` = 2078, `StaticFlags1` = 268435456, `StaticFlags2` = 0, `StaticFlags3` = 0 WHERE `Entry` = 188008;
UPDATE `creature_template_difficulty` SET `ContentTuningID` = 2078, `StaticFlags1` = 268435456, `StaticFlags2` = 0, `StaticFlags3` = 0 WHERE `Entry` = 188054;
UPDATE `creature_template_difficulty` SET `ContentTuningID` = 2078, `StaticFlags1` = 268435456, `StaticFlags2` = 0, `StaticFlags3` = 0 WHERE `Entry` = 188055;
UPDATE `creature_template_difficulty` SET `ContentTuningID` = 2078, `StaticFlags1` = 268435456, `StaticFlags2` = 0, `StaticFlags3` = 0 WHERE `Entry` = 188056;
UPDATE `creature_template_difficulty` SET `ContentTuningID` = 2401, `StaticFlags1` = 268435456, `StaticFlags2` = 0, `StaticFlags3` = 0 WHERE `Entry` = 188210;
UPDATE `creature_template_difficulty` SET `ContentTuningID` = 2401, `StaticFlags1` = 268435456, `StaticFlags2` = 0, `StaticFlags3` = 0 WHERE `Entry` = 188227;
UPDATE `creature_template_difficulty` SET `ContentTuningID` = 2401, `StaticFlags1` = 0, `StaticFlags2` = 0, `StaticFlags3` = 0 WHERE `Entry` = 188824;
UPDATE `creature_template_difficulty` SET `ContentTuningID` = 2401, `StaticFlags1` = 0, `StaticFlags2` = 0, `StaticFlags3` = 33554432 WHERE `Entry` = 188825;
UPDATE `creature_template_difficulty` SET `ContentTuningID` = 2401, `StaticFlags1` = 805306368, `StaticFlags2` = 0, `StaticFlags3` = 0 WHERE `Entry` = 188869;
UPDATE `creature_template_difficulty` SET `ContentTuningID` = 2401, `StaticFlags1` = 268435456, `StaticFlags2` = 0, `StaticFlags3` = 0 WHERE `Entry` = 189285;
UPDATE `creature_template_difficulty` SET `ContentTuningID` = 2078, `StaticFlags1` = 268435456, `StaticFlags2` = 0, `StaticFlags3` = 0 WHERE `Entry` = 189500;
UPDATE `creature_template_difficulty` SET `ContentTuningID` = 2401, `StaticFlags1` = 268435456, `StaticFlags2` = 0, `StaticFlags3` = 0 WHERE `Entry` = 189869;
UPDATE `creature_template_difficulty` SET `ContentTuningID` = 2401, `StaticFlags1` = 268435456, `StaticFlags2` = 0, `StaticFlags3` = 0 WHERE `Entry` = 189895;
UPDATE `creature_template_difficulty` SET `ContentTuningID` = 2155, `StaticFlags1` = 268435456, `StaticFlags2` = 0, `StaticFlags3` = 0 WHERE `Entry` = 189973;
UPDATE `creature_template_difficulty` SET `ContentTuningID` = 2155, `StaticFlags1` = 536871168, `StaticFlags2` = 0, `StaticFlags3` = 0 WHERE `Entry` = 194644;
UPDATE `creature_template_difficulty` SET `ContentTuningID` = 2474, `StaticFlags1` = 536871168, `StaticFlags2` = 0, `StaticFlags3` = 0 WHERE `Entry` = 194645;
UPDATE `creature_template_difficulty` SET `ContentTuningID` = 2474, `StaticFlags1` = 536871168, `StaticFlags2` = 0, `StaticFlags3` = 0 WHERE `Entry` = 194646;
UPDATE `creature_template_difficulty` SET `ContentTuningID` = 2424, `StaticFlags1` = 536871168, `StaticFlags2` = 0, `StaticFlags3` = 0 WHERE `Entry` = 194648;
UPDATE `creature_template_difficulty` SET `ContentTuningID` = 2474, `StaticFlags1` = 268435456, `StaticFlags2` = 0, `StaticFlags3` = 0 WHERE `Entry` = 196499;
UPDATE `creature_template_difficulty` SET `ContentTuningID` = 2474, `StaticFlags1` = 268435456, `StaticFlags2` = 0, `StaticFlags3` = 0 WHERE `Entry` = 196516;
UPDATE `creature_template_difficulty` SET `ContentTuningID` = 2474, `StaticFlags1` = 268435456, `StaticFlags2` = 0, `StaticFlags3` = 0 WHERE `Entry` = 197452;
UPDATE `creature_template_difficulty` SET `ContentTuningID` = 2474, `StaticFlags1` = 268435456, `StaticFlags2` = 0, `StaticFlags3` = 33554432 WHERE `Entry` = 197453;
UPDATE `creature_template_difficulty` SET `ContentTuningID` = 2401, `StaticFlags1` = 0, `StaticFlags2` = 0, `StaticFlags3` = 0 WHERE `Entry` = 197548;
UPDATE `creature_template_difficulty` SET `ContentTuningID` = 181, `StaticFlags1` = 536871168, `StaticFlags2` = 0, `StaticFlags3` = 0 WHERE `Entry` = 197834;
UPDATE `creature_template_difficulty` SET `ContentTuningID` = 2401, `StaticFlags1` = 268435456, `StaticFlags2` = 0, `StaticFlags3` = 0 WHERE `Entry` = 197986;
UPDATE `creature_template_difficulty` SET `ContentTuningID` = 2078, `StaticFlags1` = 268435456, `StaticFlags2` = 0, `StaticFlags3` = 0 WHERE `Entry` = 198742;
UPDATE `creature_template_difficulty` SET `ContentTuningID` = 81, `StaticFlags1` = 805306368, `StaticFlags2` = 0, `StaticFlags3` = 0 WHERE `Entry` = 199220;
UPDATE `creature_template_difficulty` SET `ContentTuningID` = 2078, `StaticFlags1` = 268435456, `StaticFlags2` = 0, `StaticFlags3` = 0 WHERE `Entry` = 199261;
UPDATE `creature_template_difficulty` SET `ContentTuningID` = 2474, `StaticFlags1` = 268435456, `StaticFlags2` = 0, `StaticFlags3` = 0 WHERE `Entry` = 199412;
UPDATE `creature_template_difficulty` SET `ContentTuningID` = 81, `StaticFlags1` = 268435456, `StaticFlags2` = 0, `StaticFlags3` = 0 WHERE `Entry` = 199527;
UPDATE `creature_template_difficulty` SET `ContentTuningID` = 81, `StaticFlags1` = 268435456, `StaticFlags2` = 0, `StaticFlags3` = 0 WHERE `Entry` = 199528;
UPDATE `creature_template_difficulty` SET `ContentTuningID` = 81, `StaticFlags1` = 268435456, `StaticFlags2` = 0, `StaticFlags3` = 0 WHERE `Entry` = 199530;
UPDATE `creature_template_difficulty` SET `ContentTuningID` = 2474, `StaticFlags1` = 268435456, `StaticFlags2` = 0, `StaticFlags3` = 0 WHERE `Entry` = 199599;
UPDATE `creature_template_difficulty` SET `ContentTuningID` = 2474, `StaticFlags1` = 268435456, `StaticFlags2` = 0, `StaticFlags3` = 0 WHERE `Entry` = 199601;
UPDATE `creature_template_difficulty` SET `ContentTuningID` = 2474, `StaticFlags1` = 268435456, `StaticFlags2` = 0, `StaticFlags3` = 0 WHERE `Entry` = 199603;
UPDATE `creature_template_difficulty` SET `ContentTuningID` = 2474, `StaticFlags1` = 268435456, `StaticFlags2` = 0, `StaticFlags3` = 0 WHERE `Entry` = 199605;
UPDATE `creature_template_difficulty` SET `ContentTuningID` = 864, `StaticFlags1` = 268435456, `StaticFlags2` = 0, `StaticFlags3` = 0 WHERE `Entry` = 199705;
UPDATE `creature_template_difficulty` SET `ContentTuningID` = 864, `StaticFlags1` = 268435456, `StaticFlags2` = 0, `StaticFlags3` = 0 WHERE `Entry` = 200208;
UPDATE `creature_template_difficulty` SET `ContentTuningID` = 81, `StaticFlags1` = 268435456, `StaticFlags2` = 0, `StaticFlags3` = 0 WHERE `Entry` = 201230;
UPDATE `creature_template_difficulty` SET `ContentTuningID` = 2590, `StaticFlags1` = 268435456, `StaticFlags2` = 0, `StaticFlags3` = 0 WHERE `Entry` = 202656;
UPDATE `creature_template_difficulty` SET `ContentTuningID` = 2589, `StaticFlags1` = 268435456, `StaticFlags2` = 0, `StaticFlags3` = 33554432 WHERE `Entry` = 203229;
UPDATE `creature_template_difficulty` SET `ContentTuningID` = 2474, `StaticFlags1` = 268435456, `StaticFlags2` = 0, `StaticFlags3` = 0 WHERE `Entry` = 203391;
UPDATE `creature_template_difficulty` SET `ContentTuningID` = 2154, `StaticFlags1` = 268435456, `StaticFlags2` = 0, `StaticFlags3` = 33554432 WHERE `Entry` = 205647;
UPDATE `creature_template_difficulty` SET `ContentTuningID` = 2669, `StaticFlags1` = 268435456, `StaticFlags2` = 0, `StaticFlags3` = 0 WHERE `Entry` = 206864;
UPDATE `creature_template_difficulty` SET `ContentTuningID` = 81, `StaticFlags1` = 268435456, `StaticFlags2` = 0, `StaticFlags3` = 0 WHERE `Entry` = 207696;
UPDATE `creature_template_difficulty` SET `ContentTuningID` = 2296, `StaticFlags1` = 0, `StaticFlags2` = 0, `StaticFlags3` = 0 WHERE `Entry` = 208529;
UPDATE `creature_template_difficulty` SET `ContentTuningID` = 2474, `StaticFlags1` = 268435456, `StaticFlags2` = 0, `StaticFlags3` = 0 WHERE `Entry` = 209377;
UPDATE `creature_template_difficulty` SET `ContentTuningID` = 2627, `StaticFlags1` = 268435456, `StaticFlags2` = 0, `StaticFlags3` = 0 WHERE `Entry` = 214060;
UPDATE `creature_template_difficulty` SET `ContentTuningID` = 2474, `StaticFlags1` = 268435456, `StaticFlags2` = 0, `StaticFlags3` = 0 WHERE `Entry` = 214682;
UPDATE `creature_template_difficulty` SET `ContentTuningID` = 2462, `StaticFlags1` = 268435456, `StaticFlags2` = 0, `StaticFlags3` = 33554432 WHERE `Entry` = 219760;
UPDATE `creature_template_difficulty` SET `ContentTuningID` = 2401, `StaticFlags1` = 805306368, `StaticFlags2` = 0, `StaticFlags3` = 0 WHERE `Entry` = 219761;
UPDATE `creature_template_difficulty` SET `ContentTuningID` = 2474, `StaticFlags1` = 268435456, `StaticFlags2` = 0, `StaticFlags3` = 0 WHERE `Entry` = 221421;
