-- DB/WakingShores Map 2444 (Dragon Isles) Zone: 13644 (The Waking Shores) Area: 13720 (Dragonbane Keep)

SET @CGUID := 9016400;
SET @OGUID := 9016400;

-- creature
DELETE FROM `creature` WHERE `guid` BETWEEN @CGUID+1 AND @CGUID+134;
INSERT INTO `creature` (`guid`, `id`, `map`, `zoneId`, `areaId`, `spawnDifficulties`, `phaseUseFlags`, `PhaseId`, `PhaseGroup`, `terrainSwapMap`, `modelid`, `equipment_id`, `position_x`, `position_y`, `position_z`, `orientation`, `spawntimesecs`, `wander_distance`, `currentwaypoint`, `curHealthPct`, `MovementType`, `npcflag`, `unit_flags`, `unit_flags2`, `unit_flags3`, `ScriptName`, `StringId`, `VerifiedBuild`) VALUES 
(@CGUID+1, 191479, 2444, 13644, 13720, '0', 0, 0, 0, -1, 0, 0, 1720.9, 2063.69, 57.7973, 5.25349, 7200, 0, 0, 100, 0, NULL, NULL, NULL, NULL, '', NULL, 59466),
(@CGUID+2, 191476, 2444, 13644, 13720, '0', 0, 0, 0, -1, 0, 0, 1732.05, 2060.76, 56.2513, 5.60116, 7200, 0, 0, 100, 0, NULL, NULL, NULL, NULL, '', NULL, 59466),
(@CGUID+3, 186239, 2444, 13644, 13720, '0', 0, 0, 0, -1, 0, 0, 1715.85, 2064.97, 58.8339, 6.28235, 7200, 0, 0, 100, 0, NULL, NULL, NULL, NULL, '', NULL, 59466),
(@CGUID+4, 194922, 2444, 13644, 13720, '0', 0, 0, 0, -1, 0, 0, 1340.48, 2207.89, 58.5756, 0.0704154, 7200, 10, 0, 100, 1, NULL, NULL, NULL, NULL, '', NULL, 59466),
(@CGUID+5, 188010, 2444, 13644, 13720, '0', 0, 0, 0, -1, 0, 0, 1331.68, 2206.5, 59.9074, 0.121447, 7200, 0, 0, 100, 0, NULL, NULL, NULL, NULL, '', NULL, 59466),
(@CGUID+6, 195806, 2444, 13644, 13720, '0', 0, 0, 0, -1, 0, 0, 1405.8, 2133.95, 64.2288, 2.18621, 7200, 0, 0, 100, 0, NULL, NULL, NULL, NULL, '', NULL, 59466),
(@CGUID+7, 186604, 2444, 13644, 13720, '0', 0, 0, 0, -1, 0, 0, 1337.45, 2203.13, 59.2484, 2.99646, 7200, 0, 0, 100, 0, NULL, NULL, NULL, NULL, '', NULL, 59466),
(@CGUID+8, 186604, 2444, 13644, 13720, '0', 0, 0, 0, -1, 0, 0, 1337.94, 2202.02, 59.243, 4.28544, 7200, 0, 0, 100, 0, NULL, NULL, NULL, NULL, '', NULL, 59466),
(@CGUID+9, 195806, 2444, 13644, 13720, '0', 0, 0, 0, -1, 0, 0, 1403.64, 2134.39, 64.1938, 0.351151, 7200, 0, 0, 100, 0, NULL, NULL, NULL, NULL, '', NULL, 59466),
(@CGUID+10, 195806, 2444, 13644, 13720, '0', 0, 0, 0, -1, 0, 0, 1474.99, 2207.32, 57.9351, 2.62121, 7200, 0, 0, 100, 0, NULL, NULL, NULL, NULL, '', NULL, 59466),
(@CGUID+11, 186604, 2444, 13644, 13720, '0', 0, 0, 0, -1, 0, 0, 1338.46, 2207.6, 58.8479, 3.56472, 7200, 0, 0, 100, 0, NULL, NULL, NULL, NULL, '', NULL, 59466),
(@CGUID+12, 195806, 2444, 13644, 13720, '0', 0, 0, 0, -1, 0, 0, 1390.4, 2124.45, 78.8733, 0.678048, 7200, 0, 0, 100, 0, NULL, NULL, NULL, NULL, '', NULL, 59466),
(@CGUID+13, 195806, 2444, 13644, 13720, '0', 0, 0, 0, -1, 0, 0, 1415.66, 2264.89, 57.7126, 5.75211, 7200, 0, 0, 100, 0, NULL, NULL, NULL, NULL, '', NULL, 59466),
(@CGUID+14, 195806, 2444, 13644, 13720, '0', 0, 0, 0, -1, 0, 0, 1364.62, 2179.63, 61.8824, 2.00894, 7200, 0, 0, 100, 0, NULL, NULL, NULL, NULL, '', NULL, 59466),
(@CGUID+15, 194404, 2444, 13644, 13720, '0', 0, 0, 0, -1, 0, 0, 1330.71, 2204.11, 60.1975, 6.13806, 7200, 0, 0, 100, 0, NULL, NULL, NULL, NULL, '', NULL, 59466),
(@CGUID+16, 194451, 2444, 13644, 13720, '0', 0, 0, 0, -1, 0, 0, 1331.09, 2206.83, 60.0157, 5.75679, 7200, 0, 0, 100, 0, NULL, NULL, NULL, NULL, '', NULL, 59466),
(@CGUID+17, 194460, 2444, 13644, 13720, '0', 0, 0, 0, -1, 0, 0, 1330.12, 2202.79, 60.2845, 0.0456718, 7200, 0, 0, 100, 0, NULL, NULL, NULL, NULL, '', NULL, 59466),
(@CGUID+18, 194457, 2444, 13644, 13720, '0', 0, 0, 0, -1, 0, 0, 1330.77, 2201.51, 60.1521, 4.73224, 7200, 0, 0, 100, 0, NULL, NULL, NULL, NULL, '', NULL, 59466),
(@CGUID+19, 195806, 2444, 13644, 13720, '0', 0, 0, 0, -1, 0, 0, 1441.57, 2242.53, 73.8192, 1.73029, 7200, 0, 0, 100, 0, NULL, NULL, NULL, NULL, '', NULL, 59466),
(@CGUID+20, 194459, 2444, 13644, 13720, '0', 0, 0, 0, -1, 0, 0, 1331.9, 2207.93, 59.8184, 1.08665, 7200, 0, 0, 100, 0, NULL, NULL, NULL, NULL, '', NULL, 59466),
(@CGUID+21, 194445, 2444, 13644, 13720, '0', 0, 0, 0, -1, 0, 0, 1329.61, 2200.64, 60.35, 0.307332, 7200, 0, 0, 100, 0, NULL, NULL, NULL, NULL, '', NULL, 59466),
(@CGUID+22, 194447, 2444, 13644, 13720, '0', 0, 0, 0, -1, 0, 0, 1329.67, 2201.66, 60.3791, 0.186347, 7200, 0, 0, 100, 0, NULL, NULL, NULL, NULL, '', NULL, 59466),
(@CGUID+23, 194464, 2444, 13644, 13720, '0', 0, 0, 0, -1, 0, 0, 1330.81, 2200.04, 60.1595, 4.87792, 7200, 0, 0, 100, 0, NULL, NULL, NULL, NULL, '', NULL, 59466),
(@CGUID+24, 195806, 2444, 13644, 13720, '0', 0, 0, 0, -1, 0, 0, 1375.88, 2180.45, 82.4122, 4.24, 7200, 0, 0, 100, 0, NULL, NULL, NULL, NULL, '', NULL, 59466),
(@CGUID+25, 195806, 2444, 13644, 13720, '0', 0, 0, 0, -1, 0, 0, 1439.04, 2232.56, 53.5635, 4.0215, 7200, 0, 0, 100, 0, NULL, NULL, NULL, NULL, '', NULL, 59466),
(@CGUID+26, 195806, 2444, 13644, 13720, '0', 0, 0, 0, -1, 0, 0, 1423.02, 2265.62, 52.3048, 5.4077, 7200, 0, 0, 100, 0, NULL, NULL, NULL, NULL, '', NULL, 59466),
(@CGUID+27, 186628, 2444, 13644, 13720, '0', 0, 0, 0, -1, 0, 0, 1335.74, 2204.49, 59.4501, 3.21604, 7200, 0, 0, 100, 0, NULL, NULL, NULL, NULL, '', NULL, 59466),
(@CGUID+28, 195806, 2444, 13644, 13720, '0', 0, 0, 0, -1, 0, 0, 1387.69, 2248.49, 55.1668, 4.67028, 7200, 0, 0, 100, 0, NULL, NULL, NULL, NULL, '', NULL, 59466),
(@CGUID+29, 195806, 2444, 13644, 13720, '0', 0, 0, 0, -1, 0, 0, 1387.83, 2243.47, 54.1847, 0.262221, 7200, 0, 0, 100, 0, NULL, NULL, NULL, NULL, '', NULL, 59466),
(@CGUID+30, 195806, 2444, 13644, 13720, '0', 0, 0, 0, -1, 0, 0, 1424.87, 2264.02, 52.2974, 4.2808, 7200, 0, 0, 100, 0, NULL, NULL, NULL, NULL, '', NULL, 59466),
(@CGUID+31, 195806, 2444, 13644, 13720, '0', 0, 0, 0, -1, 0, 0, 1459.78, 2248.62, 56.0405, 5.4077, 7200, 0, 0, 100, 0, NULL, NULL, NULL, NULL, '', NULL, 59466),
(@CGUID+32, 195806, 2444, 13644, 13720, '0', 0, 0, 0, -1, 0, 0, 1375.36, 2180.97, 59.1515, 1.00031, 7200, 0, 0, 100, 0, NULL, NULL, NULL, NULL, '', NULL, 59466),
(@CGUID+33, 195806, 2444, 13644, 13720, '0', 0, 0, 0, -1, 0, 0, 1454.65, 2233.67, 53.2222, 4.50088, 7200, 0, 0, 100, 0, NULL, NULL, NULL, NULL, '', NULL, 59466),
(@CGUID+34, 195806, 2444, 13644, 13720, '0', 0, 0, 0, -1, 0, 0, 1391.85, 2122.6, 78.8642, 0.596977, 7200, 0, 0, 100, 0, NULL, NULL, NULL, NULL, '', NULL, 59466),
(@CGUID+35, 195806, 2444, 13644, 13720, '0', 0, 0, 0, -1, 0, 0, 1342.16, 2266.65, 58.6768, 6.18194, 7200, 0, 0, 100, 0, NULL, NULL, NULL, NULL, '', NULL, 59466),
(@CGUID+36, 195806, 2444, 13644, 13720, '0', 0, 0, 0, -1, 0, 0, 1341.86, 2262.43, 61.9533, 4.44893, 7200, 0, 0, 100, 0, NULL, NULL, NULL, NULL, '', NULL, 59466),
(@CGUID+37, 186599, 2444, 13644, 13720, '0', 0, 0, 0, -1, 0, 0, 1510.91, 2371.19, 108.976, 6.09949, 7200, 0, 0, 100, 0, NULL, NULL, NULL, NULL, '', NULL, 59466),
(@CGUID+38, 195806, 2444, 13644, 13720, '0', 0, 0, 0, -1, 0, 0, 1391.02, 2287.25, 54.2851, 4.43854, 7200, 0, 0, 100, 0, NULL, NULL, NULL, NULL, '', NULL, 59466),
(@CGUID+39, 186622, 2444, 13644, 13720, '0', 0, 0, 0, -1, 0, 0, 1430.35, 2320.45, 59.8648, 1.49014, 7200, 0, 0, 100, 0, NULL, NULL, NULL, NULL, '', NULL, 59466),
(@CGUID+40, 195806, 2444, 13644, 13720, '0', 0, 0, 0, -1, 0, 0, 1393.1, 2286.59, 54.4464, 4.00227, 7200, 0, 0, 100, 0, NULL, NULL, NULL, NULL, '', NULL, 59466),
(@CGUID+41, 186623, 2444, 13644, 13720, '0', 0, 0, 0, -1, 0, 0, 1401.01, 2341.14, 59.6105, 2.56724, 7200, 0, 0, 100, 0, NULL, NULL, NULL, NULL, '', NULL, 59466),
(@CGUID+42, 195806, 2444, 13644, 13720, '0', 0, 0, 0, -1, 0, 0, 1317.53, 2270.38, 62.8474, 5.4077, 7200, 0, 0, 100, 0, NULL, NULL, NULL, NULL, '', NULL, 59466),
(@CGUID+43, 186624, 2444, 13644, 13720, '0', 0, 0, 0, -1, 0, 0, 1381.97, 2329.31, 57.7309, 0.392838, 7200, 10, 0, 100, 1, NULL, NULL, NULL, NULL, '', NULL, 59466),
(@CGUID+44, 186623, 2444, 13644, 13720, '0', 0, 0, 0, -1, 0, 0, 1430.26, 2324.71, 60.2895, 3.37625, 7200, 0, 0, 100, 0, NULL, NULL, NULL, NULL, '', NULL, 59466),
(@CGUID+45, 186623, 2444, 13644, 13720, '0', 0, 0, 0, -1, 0, 0, 1427.61, 2326.48, 60.3324, 3.37625, 7200, 0, 0, 100, 0, NULL, NULL, NULL, NULL, '', NULL, 59466),
(@CGUID+46, 186604, 2444, 13644, 13720, '0', 0, 0, 0, -1, 0, 0, 1527.35, 2393.64, 107.918, 4.25656, 7200, 0, 0, 100, 0, NULL, NULL, NULL, NULL, '', NULL, 59466),
(@CGUID+47, 195806, 2444, 13644, 13720, '0', 0, 0, 0, -1, 0, 0, 1298.85, 2262.6, 68.5358, 4.83404, 7200, 0, 0, 100, 0, NULL, NULL, NULL, NULL, '', NULL, 59466),
(@CGUID+48, 186627, 2444, 13644, 13720, '0', 0, 0, 0, -1, 0, 0, 1351.1, 2382.49, 27.3976, 3.48791, 7200, 0, 0, 100, 0, NULL, NULL, NULL, NULL, '', NULL, 59466),
(@CGUID+49, 193026, 2444, 13644, 13720, '0', 0, 0, 0, -1, 0, 0, 1427.32, 2397, 64.2032, 2.6729, 7200, 10, 0, 100, 1, NULL, NULL, NULL, NULL, '', NULL, 59466),
(@CGUID+50, 186623, 2444, 13644, 13720, '0', 0, 0, 0, -1, 0, 0, 1337.45, 2369.51, 30.4865, 2.14872, 7200, 0, 0, 100, 0, NULL, NULL, NULL, NULL, '', NULL, 59466),
(@CGUID+51, 193198, 2444, 13644, 13720, '0', 0, 0, 0, -1, 0, 0, 1330.99, 2502.34, 54.234, 5.49779, 7200, 10, 0, 100, 1, NULL, NULL, NULL, NULL, '', NULL, 59466),
(@CGUID+52, 195448, 2444, 13644, 13720, '0', 0, 0, 0, -1, 0, 0, 1521.66, 2400.86, 107.911, 5.70114, 7200, 0, 0, 100, 0, NULL, NULL, NULL, NULL, '', NULL, 59466),
(@CGUID+53, 186622, 2444, 13644, 13720, '0', 0, 0, 0, -1, 0, 0, 1338.93, 2371.18, 30.1082, 3.37297, 7200, 0, 0, 100, 0, NULL, NULL, NULL, NULL, '', NULL, 59466),
(@CGUID+54, 186623, 2444, 13644, 13720, '0', 0, 0, 0, -1, 0, 0, 1427.32, 2383.66, 67.2355, 2.14872, 7200, 0, 0, 100, 0, NULL, NULL, NULL, NULL, '', NULL, 59466),
(@CGUID+55, 186626, 2444, 13644, 13720, '0', 0, 0, 0, -1, 0, 0, 1383.82, 2467.27, 62.8393, 3.19633, 7200, 0, 0, 100, 0, NULL, NULL, NULL, NULL, '', NULL, 59466),
(@CGUID+56, 186606, 2444, 13644, 13720, '0', 0, 0, 0, -1, 0, 0, 1521.02, 2445.56, 96.3044, 3.41339, 7200, 0, 0, 100, 0, NULL, NULL, NULL, NULL, '', NULL, 59466),
(@CGUID+57, 193026, 2444, 13644, 13720, '0', 0, 0, 0, -1, 0, 0, 1428.29, 2431.64, 66.8494, 5.7776, 7200, 10, 0, 100, 1, NULL, NULL, NULL, NULL, '', NULL, 59466),
(@CGUID+58, 186606, 2444, 13644, 13720, '0', 0, 0, 0, -1, 0, 0, 1485.03, 2549.08, 99.9312, 4.01564, 7200, 0, 0, 100, 0, NULL, NULL, NULL, NULL, '', NULL, 59466),
(@CGUID+59, 186606, 2444, 13644, 13720, '0', 0, 0, 0, -1, 0, 0, 1495.75, 2532.03, 99.3716, 3.73556, 7200, 0, 0, 100, 0, NULL, NULL, NULL, NULL, '', NULL, 59466),
(@CGUID+60, 186627, 2444, 13644, 13720, '0', 0, 0, 0, -1, 0, 0, 1516.42, 2453.57, 93.0237, 2.92437, 7200, 0, 0, 100, 0, NULL, NULL, NULL, NULL, '', NULL, 59466),
(@CGUID+61, 193026, 2444, 13644, 13720, '0', 0, 0, 0, -1, 0, 0, 1391.43, 2519.82, 62.8098, 4.38499, 7200, 10, 0, 100, 1, NULL, NULL, NULL, NULL, '', NULL, 59466),
(@CGUID+62, 186607, 2444, 13644, 13720, '0', 0, 0, 0, -1, 0, 0, 1548.12, 2499.31, 110.626, 1.25068, 7200, 0, 0, 100, 0, NULL, NULL, NULL, NULL, '', NULL, 59466),
(@CGUID+63, 193026, 2444, 13644, 13720, '0', 0, 0, 0, -1, 0, 0, 1415.97, 2528.07, 69.5117, 5.81555, 7200, 10, 0, 100, 1, NULL, NULL, NULL, NULL, '', NULL, 59466),
(@CGUID+64, 193024, 2444, 13644, 13720, '0', 0, 0, 0, -1, 0, 0, 1337.03, 2535.06, 51.8777, 1.0899, 7200, 10, 0, 100, 1, NULL, NULL, NULL, NULL, '', NULL, 59466),
(@CGUID+65, 6491, 2444, 13644, 13720, '0', 0, 0, 0, -1, 0, 0, 1823.1, 2206.94, 108.061, 3.78253, 7200, 0, 0, 100, 0, NULL, NULL, NULL, NULL, '', NULL, 59466),
(@CGUID+66, 192582, 2444, 13644, 13720, '0', 0, 0, 0, -1, 0, 0, 1572.46, 2558.29, 113.723, 5.25251, 7200, 0, 0, 100, 0, NULL, NULL, NULL, NULL, '', NULL, 59466),
(@CGUID+67, 186624, 2444, 13644, 13720, '0', 0, 0, 0, -1, 0, 0, 1515.96, 2363.97, 108.943, 0, 7200, 0, 0, 100, 0, NULL, NULL, NULL, NULL, '', NULL, 59466),
(@CGUID+68, 186627, 2444, 13644, 13720, '0', 0, 0, 0, -1, 0, 0, 1493.18, 2544.63, 97.6916, 3.92266, 7200, 0, 0, 100, 0, NULL, NULL, NULL, NULL, '', NULL, 59466),
(@CGUID+69, 186628, 2444, 13644, 13720, '0', 0, 0, 0, -1, 0, 0, 1571.85, 2425.52, 109.73, 4.73433, 7200, 0, 0, 100, 0, NULL, NULL, NULL, NULL, '', NULL, 59466),
(@CGUID+70, 192582, 2444, 13644, 13720, '0', 0, 0, 0, -1, 0, 0, 1637.44, 2452.9, 110.696, 4.91335, 7200, 0, 0, 100, 0, NULL, NULL, NULL, NULL, '', NULL, 59466),
(@CGUID+71, 192582, 2444, 13644, 13720, '0', 0, 0, 0, -1, 0, 0, 1565.1, 2556.84, 112.321, 5.51805, 7200, 0, 0, 100, 0, NULL, NULL, NULL, NULL, '', NULL, 59466),
(@CGUID+72, 186628, 2444, 13644, 13720, '0', 0, 0, 0, -1, 0, 0, 1523.57, 2397.84, 107.911, 5.1219, 7200, 0, 0, 100, 0, NULL, NULL, NULL, NULL, '', NULL, 59466),
(@CGUID+73, 192582, 2444, 13644, 13720, '0', 0, 0, 0, -1, 0, 0, 1644.09, 2453.4, 109.925, 4.64781, 7200, 0, 0, 100, 0, NULL, NULL, NULL, NULL, '', NULL, 59466),
(@CGUID+74, 186605, 2444, 13644, 13720, '0', 0, 0, 0, -1, 0, 0, 1579.15, 2494.14, 110.869, 2.84231, 7200, 0, 0, 100, 0, NULL, NULL, NULL, NULL, '', NULL, 59466),
(@CGUID+75, 186628, 2444, 13644, 13720, '0', 0, 0, 0, -1, 0, 0, 1604.66, 2415.74, 110.072, 5.51504, 7200, 0, 0, 100, 0, NULL, NULL, NULL, NULL, '', NULL, 59466),
(@CGUID+76, 186605, 2444, 13644, 13720, '0', 0, 0, 0, -1, 0, 0, 1606.93, 2539.82, 113.024, 5.00964, 7200, 0, 0, 100, 0, NULL, NULL, NULL, NULL, '', NULL, 59466),
(@CGUID+77, 186628, 2444, 13644, 13720, '0', 0, 0, 0, -1, 0, 0, 1570.31, 2351.2, 107.153, 0, 7200, 0, 0, 100, 0, NULL, NULL, NULL, NULL, '', NULL, 59466),
(@CGUID+78, 192582, 2444, 13644, 13720, '0', 0, 0, 0, -1, 0, 0, 1565.35, 2563.36, 113.85, 5.59776, 7200, 0, 0, 100, 0, NULL, NULL, NULL, NULL, '', NULL, 59466),
(@CGUID+79, 186628, 2444, 13644, 13720, '0', 0, 0, 0, -1, 0, 0, 1582.45, 2449.26, 110.696, 4.49258, 7200, 0, 0, 100, 0, NULL, NULL, NULL, NULL, '', NULL, 59466),
(@CGUID+80, 193026, 2444, 13644, 13720, '0', 0, 0, 0, -1, 0, 0, 1466.36, 2510.31, 83.2955, 0.346768, 7200, 10, 0, 100, 1, NULL, NULL, NULL, NULL, '', NULL, 59466),
(@CGUID+81, 186622, 2444, 13644, 13720, '0', 0, 0, 0, -1, 0, 0, 1561.12, 2456.7, 109.545, 2.74315, 7200, 0, 0, 100, 0, NULL, NULL, NULL, NULL, '', NULL, 59466),
(@CGUID+82, 186620, 2444, 13644, 13720, '0', 0, 0, 0, -1, 0, 0, 1656.98, 2430.03, 103.536, 5.04059, 7200, 0, 0, 100, 0, NULL, NULL, NULL, NULL, '', NULL, 59466),
(@CGUID+83, 186599, 2444, 13644, 13720, '0', 0, 0, 0, -1, 0, 0, 1568.12, 2422.51, 110.653, 5.18869, 7200, 0, 0, 100, 0, NULL, NULL, NULL, NULL, '', NULL, 59466),
(@CGUID+84, 186609, 2444, 13644, 13720, '0', 0, 0, 0, -1, 0, 0, 1613.82, 2536.39, 111.86, 4.74753, 7200, 0, 0, 100, 0, NULL, NULL, NULL, NULL, '', NULL, 59466),
(@CGUID+85, 186622, 2444, 13644, 13720, '0', 0, 0, 0, -1, 0, 0, 1514.89, 2396.72, 107.922, 5.88531, 7200, 0, 0, 100, 0, NULL, NULL, NULL, NULL, '', NULL, 59466),
(@CGUID+86, 186605, 2444, 13644, 13720, '0', 0, 0, 0, -1, 0, 0, 1479.24, 2596.13, 150.762, 0.254018, 7200, 0, 0, 100, 0, NULL, NULL, NULL, NULL, '', NULL, 59466),
(@CGUID+87, 186606, 2444, 13644, 13720, '0', 0, 0, 0, -1, 0, 0, 1571.61, 2503.21, 110.869, 4.99596, 7200, 0, 0, 100, 0, NULL, NULL, NULL, NULL, '', NULL, 59466),
(@CGUID+88, 195448, 2444, 13644, 13720, '0', 0, 0, 0, -1, 0, 0, 1494.95, 2613.14, 111.039, 4.70947, 7200, 0, 0, 100, 0, NULL, NULL, NULL, NULL, '', NULL, 59466),
(@CGUID+89, 186599, 2444, 13644, 13720, '0', 0, 0, 0, -1, 0, 0, 1609.91, 2452.24, 110.713, 4.95572, 7200, 0, 0, 100, 0, NULL, NULL, NULL, NULL, '', NULL, 59466),
(@CGUID+90, 186605, 2444, 13644, 13720, '0', 0, 0, 0, -1, 0, 0, 1570.19, 2493.11, 110.869, 1.17842, 7200, 0, 0, 100, 0, NULL, NULL, NULL, NULL, '', NULL, 59466),
(@CGUID+91, 186607, 2444, 13644, 13720, '0', 0, 0, 0, -1, 0, 0, 1601.38, 2383.31, 107.877, 0.243894, 7200, 0, 0, 100, 0, NULL, NULL, NULL, NULL, '', NULL, 59466),
(@CGUID+92, 195448, 2444, 13644, 13720, '0', 0, 0, 0, -1, 0, 0, 1593.63, 2386.63, 107.7, 3.75776, 7200, 0, 0, 100, 0, NULL, NULL, NULL, NULL, '', NULL, 59466),
(@CGUID+93, 186605, 2444, 13644, 13720, '0', 0, 0, 0, -1, 0, 0, 1636.62, 2493.85, 111.333, 5.08375, 7200, 0, 0, 100, 0, NULL, NULL, NULL, NULL, '', NULL, 59466),
(@CGUID+94, 195448, 2444, 13644, 13720, '0', 0, 0, 0, -1, 0, 0, 1610.23, 2498.94, 109.713, 5.41897, 7200, 0, 0, 100, 0, NULL, NULL, NULL, NULL, '', NULL, 59466),
(@CGUID+95, 186605, 2444, 13644, 13720, '0', 0, 0, 0, -1, 0, 0, 1597.05, 2387.58, 107.615, 4.63632, 7200, 0, 0, 100, 0, NULL, NULL, NULL, NULL, '', NULL, 59466),
(@CGUID+96, 186602, 2444, 13644, 13720, '0', 0, 0, 0, -1, 0, 0, 1430.19, 2630.77, 111.075, 3.67984, 7200, 0, 0, 100, 0, NULL, NULL, NULL, NULL, '', NULL, 59466),
(@CGUID+97, 186623, 2444, 13644, 13720, '0', 0, 0, 0, -1, 0, 0, 1299.12, 2519.02, 53.2343, 2.67292, 7200, 0, 0, 100, 0, NULL, NULL, NULL, NULL, '', NULL, 59466),
(@CGUID+98, 186608, 2444, 13644, 13720, '0', 0, 0, 0, -1, 0, 0, 1447.2, 2643.85, 109.662, 3.49596, 7200, 0, 0, 100, 0, NULL, NULL, NULL, NULL, '', NULL, 59466),
(@CGUID+99, 186623, 2444, 13644, 13720, '0', 0, 0, 0, -1, 0, 0, 1297.75, 2515.81, 52.2587, 2.14872, 7200, 0, 0, 100, 0, NULL, NULL, NULL, NULL, '', NULL, 59466),
(@CGUID+100, 186602, 2444, 13644, 13720, '0', 0, 0, 0, -1, 0, 0, 1435.4, 2654.93, 111.367, 2.99834, 7200, 0, 0, 100, 0, NULL, NULL, NULL, NULL, '', NULL, 59466),
(@CGUID+101, 186624, 2444, 13644, 13720, '0', 0, 0, 0, -1, 0, 0, 1335.42, 2573.41, 48.4511, 1.5708, 7200, 10, 0, 100, 1, NULL, NULL, NULL, NULL, '', NULL, 59466),
(@CGUID+102, 186626, 2444, 13644, 13720, '0', 0, 0, 0, -1, 0, 0, 1324.68, 2623.55, 47.8043, 3.92699, 7200, 10, 0, 100, 1, NULL, NULL, NULL, NULL, '', NULL, 59466),
(@CGUID+103, 186630, 2444, 13644, 13720, '0', 0, 0, 0, -1, 0, 0, 1397.84, 2701.66, 71.0816, 3.348, 7200, 0, 0, 100, 0, NULL, NULL, NULL, NULL, '', NULL, 59466),
(@CGUID+104, 186608, 2444, 13644, 13720, '0', 0, 0, 0, -1, 0, 0, 1399.66, 2711.38, 72.2824, 3.45874, 7200, 0, 0, 100, 0, NULL, NULL, NULL, NULL, '', NULL, 59466),
(@CGUID+105, 186609, 2444, 13644, 13720, '0', 0, 0, 0, -1, 0, 0, 1400.41, 2694.01, 70.9727, 3.4098, 7200, 0, 0, 100, 0, NULL, NULL, NULL, NULL, '', NULL, 59466),
(@CGUID+106, 186624, 2444, 13644, 13720, '0', 0, 0, 0, -1, 0, 0, 1344.53, 2696.11, 48.0498, 3.51956, 7200, 10, 0, 100, 1, NULL, NULL, NULL, NULL, '', NULL, 59466),
(@CGUID+107, 193001, 2444, 13644, 13720, '0', 0, 0, 0, -1, 0, 0, 1311.98, 2660.42, 40.6183, 4.46708, 7200, 10, 0, 100, 1, NULL, NULL, NULL, NULL, '', NULL, 59466),
(@CGUID+108, 193001, 2444, 13644, 13720, '0', 0, 0, 0, -1, 0, 0, 1315.28, 2705.9, 38.388, 6.13056, 7200, 10, 0, 100, 1, NULL, NULL, NULL, NULL, '', NULL, 59466),
(@CGUID+109, 196398, 2444, 13644, 13720, '0', 0, 0, 0, -1, 0, 0, 1346.97, 2778.68, 44.8194, 0, 7200, 0, 0, 100, 0, NULL, NULL, NULL, NULL, '', NULL, 59466),
(@CGUID+110, 190551, 2444, 13644, 13720, '0', 0, 0, 0, -1, 0, 0, 887.321, 2799.98, 204.269, 0.551198, 7200, 0, 0, 100, 0, NULL, NULL, NULL, NULL, '', NULL, 59466),
(@CGUID+111, 192624, 2444, 13644, 13720, '0', 0, 0, 0, -1, 0, 0, 1244.65, 2594.54, 50.1433, 0, 7200, 0, 0, 100, 0, NULL, NULL, NULL, NULL, '', NULL, 59466),
(@CGUID+112, 196398, 2444, 13644, 13720, '0', 0, 0, 0, -1, 0, 0, 1339.34, 2854.3, 40.083, 3.11704, 7200, 0, 0, 100, 0, NULL, NULL, NULL, NULL, '', NULL, 59466),
(@CGUID+113, 186623, 2444, 13644, 13720, '0', 0, 0, 0, -1, 0, 0, 1334.28, 2758.63, 41.0922, 2.14872, 7200, 0, 0, 100, 0, NULL, NULL, NULL, NULL, '', NULL, 59466),
(@CGUID+114, 193000, 2444, 13644, 13720, '0', 0, 0, 0, -1, 0, 0, 1284.2, 2765.2, 24.3257, 6.21336, 7200, 10, 0, 100, 1, NULL, NULL, NULL, NULL, '', NULL, 59466),
(@CGUID+115, 186512, 2444, 13644, 13720, '0', 0, 0, 0, -1, 0, 0, 1402.93, 2850.35, 38.4199, 3.95001, 7200, 0, 0, 100, 0, NULL, NULL, NULL, NULL, '', NULL, 59466),
(@CGUID+116, 193137, 2444, 13644, 13720, '0', 0, 0, 0, -1, 0, 0, 1378.66, 2864.67, 59.1315, 5.50469, 7200, 0, 0, 100, 0, NULL, NULL, NULL, NULL, '', NULL, 59466),
(@CGUID+117, 192154, 2444, 13644, 13720, '0', 0, 0, 0, -1, 0, 0, 1191.44, 3012.17, -23.6131, 3.61331, 7200, 0, 0, 100, 0, NULL, NULL, NULL, NULL, '', NULL, 59466),
(@CGUID+118, 192151, 2444, 13644, 13720, '0', 0, 0, 0, -1, 0, 0, 1122.65, 2851.71, -3.29612, 0.984842, 7200, 0, 0, 100, 0, NULL, NULL, NULL, NULL, '', NULL, 59466),
(@CGUID+119, 192132, 2444, 13644, 13720, '0', 0, 0, 0, -1, 0, 0, 1146.8, 2909.06, -23.169, 0.685054, 7200, 0, 0, 100, 0, NULL, NULL, NULL, NULL, '', NULL, 59466),
(@CGUID+120, 191628, 2444, 13644, 13720, '0', 0, 0, 0, -1, 0, 0, 1181.04, 2781.88, 3.2309, 3.50275, 7200, 0, 0, 100, 0, NULL, NULL, NULL, NULL, '', NULL, 59466),
(@CGUID+121, 191790, 2444, 13644, 13720, '0', 0, 0, 0, -1, 0, 0, 1176.98, 2780.35, 0.900686, 0.524721, 7200, 0, 0, 100, 0, NULL, NULL, NULL, NULL, '', NULL, 59466),
(@CGUID+122, 191817, 2444, 13644, 13720, '0', 0, 0, 0, -1, 0, 0, 1171.68, 2714.07, 65.6923, 5.99012, 7200, 0, 0, 100, 0, NULL, NULL, NULL, NULL, '', NULL, 59466),
(@CGUID+123, 191817, 2444, 13644, 13720, '0', 0, 0, 0, -1, 0, 0, 1176.94, 2673.35, 65.8181, 2.21551, 7200, 0, 0, 100, 0, NULL, NULL, NULL, NULL, '', NULL, 59466),
(@CGUID+124, 192624, 2444, 13644, 13720, '0', 0, 0, 0, -1, 0, 0, 1234.84, 2609.8, 49.8478, 2.39765, 7200, 0, 0, 100, 0, NULL, NULL, NULL, NULL, '', NULL, 59466),
(@CGUID+125, 191817, 2444, 13644, 13720, '0', 0, 0, 0, -1, 0, 0, 1207.93, 2624.22, 61.2878, 5.36621, 7200, 0, 0, 100, 0, NULL, NULL, NULL, NULL, '', NULL, 59466),
(@CGUID+126, 192624, 2444, 13644, 13720, '0', 0, 0, 0, -1, 0, 0, 1237.1, 2526.66, 55.7486, 4.20287, 7200, 0, 0, 100, 0, NULL, NULL, NULL, NULL, '', NULL, 59466),
(@CGUID+127, 186604, 2444, 13644, 13720, '0', 0, 0, 0, -1, 0, 0, 1423.72, 2238.69, 52.1097, 4.77317, 7200, 0, 0, 100, 0, NULL, NULL, NULL, NULL, '', NULL, 59466),
(@CGUID+128, 186628, 2444, 13644, 13720, '0', 0, 0, 0, -1, 0, 0, 1379.04, 2180.77, 57.8938, 0.222376, 7200, 0, 0, 100, 0, NULL, NULL, NULL, NULL, '', NULL, 59466),
(@CGUID+129, 186604, 2444, 13644, 13720, '0', 0, 0, 0, -1, 0, 0, 1474.25, 2235.55, 55.276, 3.96084, 7200, 0, 0, 100, 0, NULL, NULL, NULL, NULL, '', NULL, 59466),
(@CGUID+130, 186604, 2444, 13644, 13720, '0', 0, 0, 0, -1, 0, 0, 1480.97, 2231.71, 56.2639, 3.83507, 7200, 0, 0, 100, 0, NULL, NULL, NULL, NULL, '', NULL, 59466),
(@CGUID+131, 186628, 2444, 13644, 13720, '0', 0, 0, 0, -1, 0, 0, 1416.22, 2146.77, 60.0077, 1.18938, 7200, 0, 0, 100, 0, NULL, NULL, NULL, NULL, '', NULL, 59466),
(@CGUID+132, 186628, 2444, 13644, 13720, '0', 0, 0, 0, -1, 0, 0, 1412.62, 2150.55, 59.8294, 1.09055, 7200, 0, 0, 100, 0, NULL, NULL, NULL, NULL, '', NULL, 59466),
(@CGUID+133, 192430, 2444, 13644, 13720, '0', 0, 0, 0, -1, 0, 0, 1293.67, 1914.82, 63.5371, 1.34638, 7200, 10, 0, 100, 1, NULL, NULL, NULL, NULL, '', NULL, 59466),
(@CGUID+134, 192402, 2444, 13644, 13720, '0', 0, 0, 0, -1, 0, 0, 1334.42, 1965.49, 63.19, 0, 7200, 10, 0, 100, 1, NULL, NULL, NULL, NULL, '', NULL, 59466);

-- creature addon
DELETE FROM `creature_addon` WHERE `guid` BETWEEN @CGUID+1 AND @CGUID+134;
INSERT INTO `creature_addon` (`guid`, `PathId`, `mount`, `MountCreatureID`, `StandState`, `AnimTier`, `VisFlags`, `SheathState`, `PvPFlags`, `emote`, `aiAnimKit`, `movementAnimKit`, `meleeAnimKit`, `visibilityDistanceType`, `auras`) VALUES 
(@CGUID+1, 0, 0, 0, 0, 0, 0, 1, 0, 654, 0, 0, 0, 0, '394916 375987'),
(@CGUID+2, 0, 0, 0, 0, 0, 0, 1, 0, 173, 0, 0, 0, 0, ''),
(@CGUID+3, 0, 0, 0, 0, 0, 0, 1, 0, 0, 0, 0, 0, 0, '372338'),
(@CGUID+4, 0, 0, 0, 0, 0, 0, 1, 0, 0, 0, 0, 0, 0, '384956'),
(@CGUID+5, 0, 0, 0, 0, 0, 0, 1, 0, 0, 0, 0, 0, 0, ''),
(@CGUID+6, 0, 0, 0, 0, 0, 0, 1, 0, 0, 0, 0, 0, 0, ''),
(@CGUID+7, 0, 0, 0, 0, 0, 0, 1, 0, 0, 0, 0, 0, 0, ''),
(@CGUID+8, 0, 0, 0, 0, 0, 0, 1, 0, 0, 0, 0, 0, 0, ''),
(@CGUID+9, 0, 0, 0, 0, 0, 0, 1, 0, 0, 0, 0, 0, 0, ''),
(@CGUID+10, 0, 0, 0, 0, 0, 0, 1, 0, 0, 0, 0, 0, 0, ''),
(@CGUID+11, 0, 0, 0, 0, 0, 0, 1, 0, 0, 0, 0, 0, 0, ''),
(@CGUID+12, 0, 0, 0, 0, 0, 0, 1, 0, 0, 0, 0, 0, 0, ''),
(@CGUID+13, 0, 0, 0, 0, 0, 0, 1, 0, 0, 0, 0, 0, 0, ''),
(@CGUID+14, 0, 0, 0, 0, 0, 0, 1, 0, 0, 0, 0, 0, 0, '387215'),
(@CGUID+15, 0, 0, 0, 0, 0, 0, 1, 0, 0, 0, 0, 0, 0, '387215'),
(@CGUID+16, 0, 0, 0, 0, 0, 0, 1, 0, 0, 0, 0, 0, 0, '387215'),
(@CGUID+17, 0, 0, 0, 0, 0, 0, 1, 0, 0, 0, 0, 0, 0, '387215'),
(@CGUID+18, 0, 0, 0, 0, 0, 0, 1, 0, 0, 0, 0, 0, 0, ''),
(@CGUID+19, 0, 0, 0, 0, 0, 0, 1, 0, 0, 0, 0, 0, 0, '387215'),
(@CGUID+20, 0, 0, 0, 0, 0, 0, 1, 0, 0, 0, 0, 0, 0, '387215'),
(@CGUID+21, 0, 0, 0, 0, 0, 0, 1, 0, 0, 0, 0, 0, 0, '387215'),
(@CGUID+22, 0, 0, 0, 0, 0, 0, 1, 0, 0, 0, 0, 0, 0, '387215'),
(@CGUID+23, 0, 0, 0, 0, 0, 0, 1, 0, 0, 0, 0, 0, 0, ''),
(@CGUID+24, 0, 0, 0, 0, 0, 0, 1, 0, 0, 0, 0, 0, 0, ''),
(@CGUID+25, 0, 0, 0, 0, 0, 0, 1, 0, 0, 0, 0, 0, 0, ''),
(@CGUID+26, 0, 0, 0, 0, 0, 0, 1, 0, 0, 0, 0, 0, 0, ''),
(@CGUID+27, 0, 0, 0, 0, 0, 0, 1, 0, 0, 0, 0, 0, 0, ''),
(@CGUID+28, 0, 0, 0, 0, 0, 0, 1, 0, 0, 0, 0, 0, 0, ''),
(@CGUID+29, 0, 0, 0, 0, 0, 0, 1, 0, 0, 0, 0, 0, 0, ''),
(@CGUID+30, 0, 0, 0, 0, 0, 0, 1, 0, 0, 0, 0, 0, 0, ''),
(@CGUID+31, 0, 0, 0, 0, 0, 0, 1, 0, 0, 0, 0, 0, 0, ''),
(@CGUID+32, 0, 0, 0, 0, 0, 0, 1, 0, 0, 0, 0, 0, 0, ''),
(@CGUID+33, 0, 0, 0, 0, 0, 0, 1, 0, 0, 0, 0, 0, 0, ''),
(@CGUID+34, 0, 0, 0, 0, 0, 0, 1, 0, 0, 0, 0, 0, 0, ''),
(@CGUID+35, 0, 0, 0, 0, 0, 0, 1, 0, 0, 0, 0, 0, 0, ''),
(@CGUID+36, 0, 0, 0, 1, 0, 0, 1, 0, 0, 0, 0, 0, 0, ''),
(@CGUID+37, 0, 0, 0, 0, 0, 0, 1, 0, 0, 0, 0, 0, 0, ''),
(@CGUID+38, 0, 0, 0, 0, 0, 0, 1, 0, 0, 0, 0, 0, 0, ''),
(@CGUID+39, 0, 0, 0, 0, 0, 0, 1, 0, 0, 0, 0, 0, 0, ''),
(@CGUID+40, 0, 0, 0, 0, 0, 0, 1, 0, 0, 0, 0, 0, 0, ''),
(@CGUID+41, 0, 0, 0, 0, 0, 0, 1, 0, 0, 0, 0, 0, 0, ''),
(@CGUID+42, 0, 0, 0, 0, 0, 0, 1, 0, 0, 0, 0, 0, 0, '370034'),
(@CGUID+43, 0, 0, 0, 0, 0, 0, 1, 0, 0, 0, 0, 0, 0, ''),
(@CGUID+44, 0, 0, 0, 0, 0, 0, 1, 0, 0, 0, 0, 0, 0, ''),
(@CGUID+45, 0, 0, 0, 0, 0, 0, 1, 0, 173, 0, 0, 0, 0, ''),
(@CGUID+46, 0, 0, 0, 0, 0, 0, 1, 0, 0, 0, 0, 0, 0, ''),
(@CGUID+47, 0, 0, 0, 0, 0, 0, 1, 0, 0, 0, 0, 0, 0, ''),
(@CGUID+48, 0, 0, 0, 0, 0, 0, 1, 0, 0, 0, 0, 0, 0, ''),
(@CGUID+49, 0, 0, 0, 0, 0, 0, 1, 0, 0, 0, 0, 0, 0, ''),
(@CGUID+50, 0, 0, 0, 0, 0, 0, 1, 0, 0, 0, 0, 0, 0, ''),
(@CGUID+51, 0, 0, 0, 0, 0, 0, 1, 0, 0, 0, 0, 0, 0, '377929'),
(@CGUID+52, 0, 0, 0, 0, 0, 0, 1, 0, 0, 0, 0, 0, 0, ''),
(@CGUID+53, 0, 0, 0, 0, 0, 0, 1, 0, 0, 0, 0, 0, 0, ''),
(@CGUID+54, 0, 0, 0, 0, 0, 0, 1, 0, 0, 0, 0, 0, 0, ''),
(@CGUID+55, 0, 0, 0, 0, 0, 0, 1, 0, 0, 0, 0, 0, 0, ''),
(@CGUID+56, 0, 0, 0, 0, 0, 0, 1, 0, 0, 0, 0, 0, 0, ''),
(@CGUID+57, 0, 0, 0, 0, 0, 0, 1, 0, 0, 0, 0, 0, 0, ''),
(@CGUID+58, 0, 0, 0, 0, 0, 0, 1, 0, 0, 0, 0, 0, 0, ''),
(@CGUID+59, 0, 0, 0, 0, 0, 0, 1, 0, 0, 0, 0, 0, 0, ''),
(@CGUID+60, 0, 0, 0, 0, 0, 0, 1, 0, 0, 0, 0, 0, 0, ''),
(@CGUID+61, 0, 0, 0, 0, 0, 0, 1, 0, 0, 0, 0, 0, 0, ''),
(@CGUID+62, 0, 0, 0, 0, 0, 0, 1, 0, 0, 0, 0, 0, 0, ''),
(@CGUID+63, 0, 0, 0, 0, 0, 0, 1, 0, 0, 0, 0, 0, 0, ''),
(@CGUID+64, 0, 0, 0, 0, 0, 1, 1, 0, 0, 0, 0, 0, 0, '9036 10848'),
(@CGUID+65, 0, 0, 0, 0, 0, 0, 1, 0, 0, 0, 0, 0, 0, ''),
(@CGUID+66, 0, 0, 0, 0, 0, 0, 1, 0, 0, 0, 0, 0, 0, ''),
(@CGUID+67, 0, 0, 0, 0, 0, 0, 1, 0, 0, 0, 0, 0, 0, ''),
(@CGUID+68, 0, 0, 0, 0, 0, 0, 1, 0, 0, 0, 0, 0, 0, ''),
(@CGUID+69, 0, 0, 0, 0, 0, 0, 1, 0, 0, 0, 0, 0, 0, ''),
(@CGUID+70, 0, 0, 0, 0, 0, 0, 1, 0, 0, 0, 0, 0, 0, ''),
(@CGUID+71, 0, 0, 0, 0, 0, 0, 1, 0, 0, 0, 0, 0, 0, ''),
(@CGUID+72, 0, 0, 0, 0, 0, 0, 1, 0, 0, 0, 0, 0, 0, ''),
(@CGUID+73, 0, 0, 0, 0, 0, 0, 1, 0, 0, 0, 0, 0, 0, ''),
(@CGUID+74, 0, 0, 0, 0, 0, 0, 1, 0, 0, 0, 0, 0, 0, ''),
(@CGUID+75, 0, 0, 0, 0, 0, 0, 1, 0, 0, 0, 0, 0, 0, ''),
(@CGUID+76, 0, 0, 0, 0, 0, 0, 1, 0, 0, 0, 0, 0, 0, ''),
(@CGUID+77, 0, 0, 0, 0, 0, 0, 1, 0, 0, 0, 0, 0, 0, ''),
(@CGUID+78, 0, 0, 0, 0, 0, 0, 1, 0, 0, 0, 0, 0, 0, ''),
(@CGUID+79, 0, 0, 0, 0, 0, 0, 1, 0, 0, 0, 0, 0, 0, ''),
(@CGUID+80, 0, 0, 0, 0, 0, 0, 1, 0, 0, 0, 0, 0, 0, ''),
(@CGUID+81, 0, 0, 0, 0, 0, 0, 1, 0, 0, 0, 0, 0, 0, ''),
(@CGUID+82, 0, 0, 0, 0, 0, 0, 1, 0, 0, 0, 0, 0, 0, ''),
(@CGUID+83, 0, 0, 0, 0, 0, 0, 1, 0, 0, 0, 0, 0, 0, ''),
(@CGUID+84, 0, 0, 0, 0, 0, 0, 1, 0, 0, 0, 0, 0, 0, ''),
(@CGUID+85, 0, 0, 0, 0, 0, 0, 1, 0, 0, 0, 0, 0, 0, ''),
(@CGUID+86, 0, 0, 0, 0, 0, 0, 1, 0, 0, 0, 0, 0, 0, ''),
(@CGUID+87, 0, 0, 0, 0, 0, 0, 1, 0, 0, 0, 0, 0, 0, '377929'),
(@CGUID+88, 0, 0, 0, 0, 0, 0, 1, 0, 0, 0, 0, 0, 0, ''),
(@CGUID+89, 0, 0, 0, 0, 0, 0, 1, 0, 0, 0, 0, 0, 0, ''),
(@CGUID+90, 0, 0, 0, 0, 0, 0, 1, 0, 0, 0, 0, 0, 0, ''),
(@CGUID+91, 0, 0, 0, 0, 0, 0, 1, 0, 0, 0, 0, 0, 0, ''),
(@CGUID+92, 0, 0, 0, 0, 0, 0, 1, 0, 0, 0, 0, 0, 0, ''),
(@CGUID+93, 0, 0, 0, 0, 0, 0, 1, 0, 0, 0, 0, 0, 0, '377929'),
(@CGUID+94, 0, 0, 0, 0, 0, 0, 1, 0, 0, 0, 0, 0, 0, ''),
(@CGUID+95, 0, 0, 0, 0, 0, 0, 1, 0, 0, 0, 0, 0, 0, ''),
(@CGUID+96, 0, 0, 0, 0, 0, 0, 1, 0, 0, 0, 0, 0, 0, ''),
(@CGUID+97, 0, 0, 0, 0, 0, 0, 1, 0, 0, 0, 0, 0, 0, ''),
(@CGUID+98, 0, 0, 0, 0, 0, 0, 1, 0, 0, 0, 0, 0, 0, ''),
(@CGUID+99, 0, 0, 0, 0, 0, 0, 1, 0, 0, 0, 0, 0, 0, ''),
(@CGUID+100, 0, 0, 0, 0, 0, 0, 1, 0, 0, 0, 0, 0, 0, '370034'),
(@CGUID+101, 0, 0, 0, 0, 0, 0, 1, 0, 0, 0, 0, 0, 0, '370034'),
(@CGUID+102, 0, 0, 0, 0, 0, 0, 1, 0, 0, 0, 0, 0, 0, ''),
(@CGUID+103, 0, 0, 0, 0, 0, 0, 1, 0, 0, 0, 0, 0, 0, ''),
(@CGUID+104, 0, 0, 0, 0, 0, 0, 1, 0, 0, 0, 0, 0, 0, ''),
(@CGUID+105, 0, 0, 0, 0, 0, 0, 1, 0, 0, 0, 0, 0, 0, '370034'),
(@CGUID+106, 0, 0, 0, 0, 0, 0, 1, 0, 0, 0, 0, 0, 0, ''),
(@CGUID+107, 0, 0, 0, 0, 0, 0, 1, 0, 0, 0, 0, 0, 0, ''),
(@CGUID+108, 0, 0, 0, 0, 0, 0, 1, 0, 0, 0, 0, 0, 0, ''),
(@CGUID+109, 0, 0, 0, 0, 0, 0, 1, 0, 0, 0, 0, 0, 4, ''),
(@CGUID+110, 0, 0, 0, 0, 0, 4, 1, 0, 0, 0, 0, 0, 0, '192357'),
(@CGUID+111, 0, 0, 0, 0, 0, 0, 1, 0, 0, 0, 0, 0, 0, ''),
(@CGUID+112, 0, 0, 0, 0, 0, 0, 1, 0, 0, 0, 0, 0, 0, ''),
(@CGUID+113, 0, 0, 0, 0, 0, 0, 1, 0, 0, 0, 0, 0, 0, ''),
(@CGUID+114, 0, 0, 0, 1, 0, 0, 1, 0, 0, 0, 0, 0, 0, ''),
(@CGUID+115, 0, 0, 0, 0, 0, 0, 1, 0, 0, 0, 0, 0, 0, ''),
(@CGUID+116, 0, 0, 0, 0, 0, 0, 1, 0, 0, 0, 0, 0, 0, ''),
(@CGUID+117, 0, 0, 0, 0, 0, 0, 1, 0, 0, 0, 0, 0, 0, ''),
(@CGUID+118, 0, 0, 0, 0, 0, 0, 1, 0, 0, 0, 0, 0, 0, ''),
(@CGUID+119, 0, 0, 0, 0, 0, 0, 1, 0, 0, 0, 0, 0, 0, ''),
(@CGUID+120, 0, 0, 0, 0, 0, 0, 1, 0, 0, 0, 0, 0, 0, '371732'),
(@CGUID+121, 0, 0, 0, 0, 0, 0, 1, 0, 0, 0, 0, 0, 0, ''),
(@CGUID+122, 0, 0, 0, 0, 0, 0, 1, 0, 0, 0, 0, 0, 0, ''),
(@CGUID+123, 0, 0, 0, 0, 0, 4, 1, 0, 0, 0, 0, 0, 0, '192357'),
(@CGUID+124, 0, 0, 0, 0, 0, 0, 1, 0, 0, 0, 0, 0, 0, ''),
(@CGUID+125, 0, 0, 0, 0, 0, 4, 1, 0, 0, 0, 0, 0, 0, '192357'),
(@CGUID+126, 0, 0, 0, 0, 0, 0, 1, 0, 0, 0, 0, 0, 0, ''),
(@CGUID+127, 0, 0, 0, 0, 0, 0, 1, 0, 0, 0, 0, 0, 0, ''),
(@CGUID+128, 0, 0, 0, 0, 0, 0, 1, 0, 0, 0, 0, 0, 0, ''),
(@CGUID+129, 0, 0, 0, 0, 0, 0, 1, 0, 0, 0, 0, 0, 0, ''),
(@CGUID+130, 0, 0, 0, 0, 0, 0, 1, 0, 0, 0, 0, 0, 0, ''),
(@CGUID+131, 0, 0, 0, 0, 0, 0, 1, 0, 0, 0, 0, 0, 0, ''),
(@CGUID+132, 0, 0, 0, 0, 0, 0, 1, 0, 0, 0, 0, 0, 0, ''),
(@CGUID+133, 0, 0, 0, 0, 0, 0, 1, 0, 0, 0, 0, 0, 0, ''),
(@CGUID+134, 0, 0, 0, 0, 0, 4, 1, 0, 0, 0, 0, 0, 0, '154470');

-- creature template addon
DELETE FROM `creature_template_addon` WHERE `entry` IN(6491,186239,186512,186599,186602,186604,186605,186606,186607,186608,186609,186620,186622,186623,186624,186626,186627,186628,186630,188010,190551,191476,191479,191628,191790,191817,192132,192151,192154,192402,192430,192582,192624,193000,193001,193024,193026,193137,193198,194404,194445,194447,194451,194457,194459,194460,194464,194922,195448,195806,196398);
INSERT INTO `creature_template_addon` (`entry`, `PathId`, `mount`, `MountCreatureID`, `StandState`, `AnimTier`, `VisFlags`, `SheathState`, `PvPFlags`, `emote`, `aiAnimKit`, `movementAnimKit`, `meleeAnimKit`, `visibilityDistanceType`, `auras`) VALUES 
(6491, 0, 0, 0, 0, 0, 1, 1, 0, 0, 0, 0, 0, 0, '9036 10848'),
(186239, 0, 0, 0, 0, 0, 0, 0, 0, 0, 0, 0, 0, 0, '366385'),
(186512, 0, 0, 0, 1, 0, 0, 1, 0, 0, 0, 0, 0, 0, ''),
(186599, 0, 0, 0, 1, 0, 0, 1, 0, 0, 0, 0, 0, 0, ''),
(186602, 0, 0, 0, 0, 0, 0, 1, 0, 0, 0, 0, 0, 0, ''),
(186604, 0, 0, 0, 0, 0, 0, 1, 0, 0, 0, 0, 0, 0, ''),
(186605, 0, 0, 0, 0, 0, 0, 1, 0, 0, 0, 0, 0, 0, ''),
(186606, 0, 0, 0, 0, 0, 0, 1, 0, 0, 0, 0, 0, 0, ''),
(186607, 0, 0, 0, 0, 0, 0, 1, 0, 0, 0, 0, 0, 0, ''),
(186608, 0, 0, 0, 0, 0, 0, 1, 0, 0, 0, 0, 0, 0, ''),
(186609, 0, 0, 0, 0, 0, 0, 1, 0, 0, 0, 0, 0, 0, ''),
(186620, 0, 0, 0, 0, 0, 0, 1, 0, 0, 0, 0, 0, 0, ''),
(186622, 0, 0, 0, 0, 0, 0, 1, 0, 0, 0, 0, 0, 0, ''),
(186623, 0, 0, 0, 0, 0, 0, 1, 0, 0, 0, 0, 0, 0, ''),
(186624, 0, 0, 0, 0, 0, 0, 1, 0, 0, 0, 0, 0, 0, '370034'),
(186626, 0, 0, 0, 0, 0, 0, 1, 0, 0, 0, 0, 0, 0, ''),
(186627, 0, 0, 0, 0, 0, 0, 1, 0, 0, 0, 0, 0, 0, ''),
(186628, 0, 0, 0, 0, 0, 0, 1, 0, 0, 0, 0, 0, 0, ''),
(186630, 0, 0, 0, 0, 0, 0, 1, 0, 0, 0, 0, 0, 0, ''),
(188010, 0, 0, 0, 0, 0, 0, 1, 0, 0, 0, 0, 0, 0, '384956'),
(190551, 0, 0, 0, 0, 0, 0, 1, 0, 0, 0, 0, 0, 4, ''),
(191476, 0, 0, 0, 0, 0, 0, 1, 0, 0, 0, 0, 0, 0, '394916 375987'),
(191479, 0, 0, 0, 0, 0, 0, 1, 0, 0, 0, 0, 0, 0, ''),
(191628, 0, 0, 0, 0, 0, 0, 1, 0, 0, 0, 0, 0, 0, ''),
(191790, 0, 0, 0, 0, 0, 0, 1, 0, 0, 0, 0, 0, 0, '371732'),
(191817, 0, 0, 0, 0, 0, 0, 1, 0, 0, 0, 0, 0, 0, ''),
(192132, 0, 0, 0, 0, 0, 0, 1, 0, 0, 0, 0, 0, 0, ''),
(192151, 0, 0, 0, 0, 0, 0, 1, 0, 0, 0, 0, 0, 0, ''),
(192154, 0, 0, 0, 0, 0, 0, 1, 0, 0, 0, 0, 0, 0, ''),
(192402, 0, 0, 0, 0, 0, 0, 1, 0, 0, 0, 0, 0, 0, ''),
(192430, 0, 0, 0, 0, 0, 0, 1, 0, 0, 0, 0, 0, 0, ''),
(192582, 0, 0, 0, 0, 0, 0, 1, 0, 0, 0, 0, 0, 0, ''),
(192624, 0, 0, 0, 0, 0, 4, 1, 0, 0, 0, 0, 0, 0, '192357'),
(193000, 0, 0, 0, 0, 0, 0, 1, 0, 0, 0, 0, 0, 0, ''),
(193001, 0, 0, 0, 0, 0, 0, 1, 0, 0, 0, 0, 0, 0, ''),
(193024, 0, 0, 0, 0, 0, 0, 1, 0, 0, 0, 0, 0, 0, ''),
(193026, 0, 0, 0, 0, 0, 0, 1, 0, 0, 0, 0, 0, 0, ''),
(193137, 0, 0, 0, 0, 0, 0, 1, 0, 0, 0, 0, 0, 0, ''),
(193198, 0, 0, 0, 0, 0, 0, 1, 0, 0, 0, 0, 0, 0, ''),
(194404, 0, 0, 0, 0, 0, 0, 1, 0, 0, 0, 0, 0, 0, '387215'),
(194445, 0, 0, 0, 0, 0, 0, 1, 0, 0, 0, 0, 0, 0, '387215'),
(194447, 0, 0, 0, 0, 0, 0, 1, 0, 0, 0, 0, 0, 0, '387215'),
(194451, 0, 0, 0, 0, 0, 0, 1, 0, 0, 0, 0, 0, 0, '387215'),
(194457, 0, 0, 0, 0, 0, 0, 1, 0, 0, 0, 0, 0, 0, '387215'),
(194459, 0, 0, 0, 0, 0, 0, 1, 0, 0, 0, 0, 0, 0, '387215'),
(194460, 0, 0, 0, 0, 0, 0, 1, 0, 0, 0, 0, 0, 0, '387215'),
(194464, 0, 0, 0, 0, 0, 0, 1, 0, 0, 0, 0, 0, 0, '387215'),
(194922, 0, 0, 0, 0, 0, 0, 1, 0, 0, 0, 0, 0, 0, '372338'),
(195448, 0, 0, 0, 0, 0, 0, 1, 0, 0, 0, 0, 0, 0, '377929'),
(195806, 0, 0, 0, 0, 0, 0, 1, 0, 0, 0, 0, 0, 0, ''),
(196398, 0, 0, 0, 0, 0, 0, 1, 0, 0, 0, 0, 0, 0, '');

-- creature template
UPDATE `creature_template` SET `faction` = 35, `npcflag` = 16385, `unit_flags` = 768, `unit_flags2` = 2048, `unit_flags3` = 1073741824, `VehicleId` = 0 WHERE `entry` = 6491;
UPDATE `creature_template` SET `faction` = 3295, `npcflag` = 0, `unit_flags` = 0, `unit_flags2` = 2048, `unit_flags3` = 0, `VehicleId` = 0 WHERE `entry` = 186239;
UPDATE `creature_template` SET `faction` = 3295, `npcflag` = 0, `unit_flags` = 64, `unit_flags2` = 2048, `unit_flags3` = 0, `VehicleId` = 0 WHERE `entry` = 186512;
UPDATE `creature_template` SET `faction` = 3295, `npcflag` = 0, `unit_flags` = 64, `unit_flags2` = 2048, `unit_flags3` = 0, `VehicleId` = 0 WHERE `entry` = 186599;
UPDATE `creature_template` SET `faction` = 3295, `npcflag` = 0, `unit_flags` = 64, `unit_flags2` = 2048, `unit_flags3` = 0, `VehicleId` = 0 WHERE `entry` = 186602;
UPDATE `creature_template` SET `faction` = 3295, `npcflag` = 0, `unit_flags` = 64, `unit_flags2` = 2048, `unit_flags3` = 0, `VehicleId` = 0 WHERE `entry` = 186604;
UPDATE `creature_template` SET `faction` = 3295, `npcflag` = 0, `unit_flags` = 64, `unit_flags2` = 2048, `unit_flags3` = 0, `VehicleId` = 0 WHERE `entry` = 186605;
UPDATE `creature_template` SET `faction` = 3295, `npcflag` = 0, `unit_flags` = 64, `unit_flags2` = 2048, `unit_flags3` = 0, `VehicleId` = 0 WHERE `entry` = 186606;
UPDATE `creature_template` SET `faction` = 3295, `npcflag` = 0, `unit_flags` = 64, `unit_flags2` = 2048, `unit_flags3` = 0, `VehicleId` = 0 WHERE `entry` = 186607;
UPDATE `creature_template` SET `faction` = 3295, `npcflag` = 0, `unit_flags` = 64, `unit_flags2` = 2048, `unit_flags3` = 0, `VehicleId` = 0 WHERE `entry` = 186608;
UPDATE `creature_template` SET `faction` = 3295, `npcflag` = 0, `unit_flags` = 64, `unit_flags2` = 2048, `unit_flags3` = 0, `VehicleId` = 0 WHERE `entry` = 186609;
UPDATE `creature_template` SET `faction` = 3295, `npcflag` = 0, `unit_flags` = 64, `unit_flags2` = 2048, `unit_flags3` = 1073741824, `VehicleId` = 0 WHERE `entry` = 186620;
UPDATE `creature_template` SET `faction` = 190, `npcflag` = 0, `unit_flags` = 0, `unit_flags2` = 2048, `unit_flags3` = 134217728, `VehicleId` = 0 WHERE `entry` = 186622;
UPDATE `creature_template` SET `faction` = 190, `npcflag` = 0, `unit_flags` = 0, `unit_flags2` = 2048, `unit_flags3` = 0, `VehicleId` = 0 WHERE `entry` = 186623;
UPDATE `creature_template` SET `faction` = 3295, `npcflag` = 0, `unit_flags` = 0, `unit_flags2` = 2048, `unit_flags3` = 0, `VehicleId` = 0 WHERE `entry` = 186624;
UPDATE `creature_template` SET `faction` = 3295, `npcflag` = 0, `unit_flags` = 64, `unit_flags2` = 2048, `unit_flags3` = 0, `VehicleId` = 0 WHERE `entry` = 186626;
UPDATE `creature_template` SET `faction` = 3295, `npcflag` = 0, `unit_flags` = 64, `unit_flags2` = 2048, `unit_flags3` = 0, `VehicleId` = 0 WHERE `entry` = 186627;
UPDATE `creature_template` SET `faction` = 3295, `npcflag` = 0, `unit_flags` = 0, `unit_flags2` = 2048, `unit_flags3` = 0, `VehicleId` = 0 WHERE `entry` = 186628;
UPDATE `creature_template` SET `faction` = 3295, `npcflag` = 0, `unit_flags` = 64, `unit_flags2` = 2048, `unit_flags3` = 0, `VehicleId` = 0 WHERE `entry` = 186630;
UPDATE `creature_template` SET `faction` = 35, `npcflag` = 0, `unit_flags` = 768, `unit_flags2` = 2048, `unit_flags3` = 16777216, `VehicleId` = 7911 WHERE `entry` = 188010;
UPDATE `creature_template` SET `faction` = 35, `npcflag` = 3, `unit_flags` = 768, `unit_flags2` = 2048, `unit_flags3` = 0, `VehicleId` = 0 WHERE `entry` = 190551;
UPDATE `creature_template` SET `faction` = 16, `npcflag` = 0, `unit_flags` = 64, `unit_flags2` = 2048, `unit_flags3` = 0, `VehicleId` = 0 WHERE `entry` = 191476;
UPDATE `creature_template` SET `faction` = 16, `npcflag` = 0, `unit_flags` = 64, `unit_flags2` = 2048, `unit_flags3` = 67108864, `VehicleId` = 0 WHERE `entry` = 191479;
UPDATE `creature_template` SET `faction` = 190, `npcflag` = 0, `unit_flags` = 0, `unit_flags2` = 2048, `unit_flags3` = 134217728, `VehicleId` = 0 WHERE `entry` = 191628;
UPDATE `creature_template` SET `faction` = 190, `npcflag` = 0, `unit_flags` = 0, `unit_flags2` = 2048, `unit_flags3` = 134217728, `VehicleId` = 0 WHERE `entry` = 191790;
UPDATE `creature_template` SET `faction` = 188, `npcflag` = 0, `unit_flags` = 0, `unit_flags2` = 2048, `unit_flags3` = 0, `VehicleId` = 0 WHERE `entry` = 191817;
UPDATE `creature_template` SET `faction` = 190, `npcflag` = 0, `unit_flags` = 64, `unit_flags2` = 2048, `unit_flags3` = 0, `VehicleId` = 0 WHERE `entry` = 192132;
UPDATE `creature_template` SET `faction` = 190, `npcflag` = 0, `unit_flags` = 64, `unit_flags2` = 2048, `unit_flags3` = 0, `VehicleId` = 0 WHERE `entry` = 192151;
UPDATE `creature_template` SET `faction` = 190, `npcflag` = 0, `unit_flags` = 64, `unit_flags2` = 2048, `unit_flags3` = 0, `VehicleId` = 0 WHERE `entry` = 192154;
UPDATE `creature_template` SET `faction` = 190, `npcflag` = 0, `unit_flags` = 0, `unit_flags2` = 2048, `unit_flags3` = 0, `VehicleId` = 0 WHERE `entry` = 192402;
UPDATE `creature_template` SET `faction` = 16, `npcflag` = 0, `unit_flags` = 64, `unit_flags2` = 2048, `unit_flags3` = 67108864, `VehicleId` = 0 WHERE `entry` = 192430;
UPDATE `creature_template` SET `faction` = 3295, `npcflag` = 0, `unit_flags` = 0, `unit_flags2` = 2048, `unit_flags3` = 0, `VehicleId` = 0 WHERE `entry` = 192582;
UPDATE `creature_template` SET `faction` = 190, `npcflag` = 0, `unit_flags` = 768, `unit_flags2` = 2048, `unit_flags3` = 1073741824, `VehicleId` = 0 WHERE `entry` = 192624;
UPDATE `creature_template` SET `faction` = 188, `npcflag` = 1073741824, `unit_flags` = 512, `unit_flags2` = 2048, `unit_flags3` = 0, `VehicleId` = 0 WHERE `entry` = 193000;
UPDATE `creature_template` SET `faction` = 188, `npcflag` = 0, `unit_flags` = 512, `unit_flags2` = 2048, `unit_flags3` = 0, `VehicleId` = 0 WHERE `entry` = 193001;
UPDATE `creature_template` SET `faction` = 188, `npcflag` = 1073741824, `unit_flags` = 512, `unit_flags2` = 2048, `unit_flags3` = 0, `VehicleId` = 0 WHERE `entry` = 193024;
UPDATE `creature_template` SET `faction` = 188, `npcflag` = 0, `unit_flags` = 512, `unit_flags2` = 2048, `unit_flags3` = 0, `VehicleId` = 0 WHERE `entry` = 193026;
UPDATE `creature_template` SET `faction` = 3295, `npcflag` = 0, `unit_flags` = 0, `unit_flags2` = 2048, `unit_flags3` = 0, `VehicleId` = 0 WHERE `entry` = 193137;
UPDATE `creature_template` SET `faction` = 3295, `npcflag` = 0, `unit_flags` = 64, `unit_flags2` = 2048, `unit_flags3` = 0, `VehicleId` = 0 WHERE `entry` = 193198;
UPDATE `creature_template` SET `faction` = 3323, `npcflag` = 0, `unit_flags` = 64, `unit_flags2` = 2048, `unit_flags3` = 0, `VehicleId` = 0 WHERE `entry` = 194404;
UPDATE `creature_template` SET `faction` = 3323, `npcflag` = 16777216, `unit_flags` = 0, `unit_flags2` = 2048, `unit_flags3` = 0, `VehicleId` = 0 WHERE `entry` = 194445;
UPDATE `creature_template` SET `faction` = 3323, `npcflag` = 16777216, `unit_flags` = 0, `unit_flags2` = 2048, `unit_flags3` = 0, `VehicleId` = 0 WHERE `entry` = 194447;
UPDATE `creature_template` SET `faction` = 3323, `npcflag` = 16777216, `unit_flags` = 0, `unit_flags2` = 2048, `unit_flags3` = 0, `VehicleId` = 0 WHERE `entry` = 194451;
UPDATE `creature_template` SET `faction` = 3323, `npcflag` = 16777216, `unit_flags` = 0, `unit_flags2` = 2048, `unit_flags3` = 0, `VehicleId` = 0 WHERE `entry` = 194457;
UPDATE `creature_template` SET `faction` = 3323, `npcflag` = 16777216, `unit_flags` = 0, `unit_flags2` = 2048, `unit_flags3` = 0, `VehicleId` = 0 WHERE `entry` = 194459;
UPDATE `creature_template` SET `faction` = 3323, `npcflag` = 16777216, `unit_flags` = 0, `unit_flags2` = 2048, `unit_flags3` = 0, `VehicleId` = 0 WHERE `entry` = 194460;
UPDATE `creature_template` SET `faction` = 3323, `npcflag` = 16777216, `unit_flags` = 0, `unit_flags2` = 2048, `unit_flags3` = 0, `VehicleId` = 0 WHERE `entry` = 194464;
UPDATE `creature_template` SET `faction` = 35, `npcflag` = 16777216, `unit_flags` = 832, `unit_flags2` = 2048, `unit_flags3` = 0, `VehicleId` = 0 WHERE `entry` = 194922;
UPDATE `creature_template` SET `faction` = 3295, `npcflag` = 0, `unit_flags` = 64, `unit_flags2` = 2048, `unit_flags3` = 0, `VehicleId` = 0 WHERE `entry` = 195448;
UPDATE `creature_template` SET `faction` = 190, `npcflag` = 16777216, `unit_flags` = 768, `unit_flags2` = 2048, `unit_flags3` = 1073741824, `VehicleId` = 0 WHERE `entry` = 195806;
UPDATE `creature_template` SET `faction` = 16, `npcflag` = 0, `unit_flags` = 64, `unit_flags2` = 2048, `unit_flags3` = 67108864, `VehicleId` = 0 WHERE `entry` = 196398;

-- creature template difficulty
UPDATE `creature_template_difficulty` SET `ContentTuningID` = 328, `StaticFlags1` = 536871168, `StaticFlags2` = 0, `StaticFlags3` = 0 WHERE `Entry` = 6491;
UPDATE `creature_template_difficulty` SET `ContentTuningID` = 2151, `StaticFlags1` = 268435456, `StaticFlags2` = 0, `StaticFlags3` = 0 WHERE `Entry` = 186239;
UPDATE `creature_template_difficulty` SET `ContentTuningID` = 2474, `StaticFlags1` = 268435456, `StaticFlags2` = 0, `StaticFlags3` = 0 WHERE `Entry` = 186512;
UPDATE `creature_template_difficulty` SET `ContentTuningID` = 2275, `StaticFlags1` = 268435456, `StaticFlags2` = 0, `StaticFlags3` = 0 WHERE `Entry` = 186599;
UPDATE `creature_template_difficulty` SET `ContentTuningID` = 2275, `StaticFlags1` = 268435456, `StaticFlags2` = 0, `StaticFlags3` = 0 WHERE `Entry` = 186602;
UPDATE `creature_template_difficulty` SET `ContentTuningID` = 2275, `StaticFlags1` = 268435456, `StaticFlags2` = 0, `StaticFlags3` = 0 WHERE `Entry` = 186604;
UPDATE `creature_template_difficulty` SET `ContentTuningID` = 2275, `StaticFlags1` = 268435456, `StaticFlags2` = 0, `StaticFlags3` = 0 WHERE `Entry` = 186605;
UPDATE `creature_template_difficulty` SET `ContentTuningID` = 2275, `StaticFlags1` = 268435456, `StaticFlags2` = 0, `StaticFlags3` = 0 WHERE `Entry` = 186606;
UPDATE `creature_template_difficulty` SET `ContentTuningID` = 2275, `StaticFlags1` = 268435456, `StaticFlags2` = 0, `StaticFlags3` = 0 WHERE `Entry` = 186607;
UPDATE `creature_template_difficulty` SET `ContentTuningID` = 2275, `StaticFlags1` = 268435456, `StaticFlags2` = 0, `StaticFlags3` = 0 WHERE `Entry` = 186608;
UPDATE `creature_template_difficulty` SET `ContentTuningID` = 2275, `StaticFlags1` = 268435456, `StaticFlags2` = 0, `StaticFlags3` = 0 WHERE `Entry` = 186609;
UPDATE `creature_template_difficulty` SET `ContentTuningID` = 2275, `StaticFlags1` = 805306624, `StaticFlags2` = 0, `StaticFlags3` = 0 WHERE `Entry` = 186620;
UPDATE `creature_template_difficulty` SET `ContentTuningID` = 2275, `StaticFlags1` = 268435456, `StaticFlags2` = 0, `StaticFlags3` = 0 WHERE `Entry` = 186622;
UPDATE `creature_template_difficulty` SET `ContentTuningID` = 2275, `StaticFlags1` = 268435456, `StaticFlags2` = 0, `StaticFlags3` = 0 WHERE `Entry` = 186623;
UPDATE `creature_template_difficulty` SET `ContentTuningID` = 2275, `StaticFlags1` = 268435456, `StaticFlags2` = 0, `StaticFlags3` = 0 WHERE `Entry` = 186624;
UPDATE `creature_template_difficulty` SET `ContentTuningID` = 2275, `StaticFlags1` = 268435456, `StaticFlags2` = 0, `StaticFlags3` = 0 WHERE `Entry` = 186626;
UPDATE `creature_template_difficulty` SET `ContentTuningID` = 2275, `StaticFlags1` = 268435456, `StaticFlags2` = 0, `StaticFlags3` = 0 WHERE `Entry` = 186627;
UPDATE `creature_template_difficulty` SET `ContentTuningID` = 2275, `StaticFlags1` = 268435456, `StaticFlags2` = 0, `StaticFlags3` = 0 WHERE `Entry` = 186628;
UPDATE `creature_template_difficulty` SET `ContentTuningID` = 2275, `StaticFlags1` = 268435456, `StaticFlags2` = 0, `StaticFlags3` = 0 WHERE `Entry` = 186630;
UPDATE `creature_template_difficulty` SET `ContentTuningID` = 2275, `StaticFlags1` = 0, `StaticFlags2` = 0, `StaticFlags3` = 0 WHERE `Entry` = 188010;
UPDATE `creature_template_difficulty` SET `ContentTuningID` = 2078, `StaticFlags1` = 0, `StaticFlags2` = 0, `StaticFlags3` = 0 WHERE `Entry` = 190551;
UPDATE `creature_template_difficulty` SET `ContentTuningID` = 2270, `StaticFlags1` = 268435456, `StaticFlags2` = 0, `StaticFlags3` = 0 WHERE `Entry` = 191476;
UPDATE `creature_template_difficulty` SET `ContentTuningID` = 2151, `StaticFlags1` = 268435456, `StaticFlags2` = 0, `StaticFlags3` = 0 WHERE `Entry` = 191479;
UPDATE `creature_template_difficulty` SET `ContentTuningID` = 2151, `StaticFlags1` = 268435456, `StaticFlags2` = 0, `StaticFlags3` = 0 WHERE `Entry` = 191628;
UPDATE `creature_template_difficulty` SET `ContentTuningID` = 2151, `StaticFlags1` = 268435456, `StaticFlags2` = 0, `StaticFlags3` = 0 WHERE `Entry` = 191790;
UPDATE `creature_template_difficulty` SET `ContentTuningID` = 81, `StaticFlags1` = 268435456, `StaticFlags2` = 0, `StaticFlags3` = 0 WHERE `Entry` = 191817;
UPDATE `creature_template_difficulty` SET `ContentTuningID` = 2151, `StaticFlags1` = 268435456, `StaticFlags2` = 0, `StaticFlags3` = 0 WHERE `Entry` = 192132;
UPDATE `creature_template_difficulty` SET `ContentTuningID` = 2151, `StaticFlags1` = 268435456, `StaticFlags2` = 0, `StaticFlags3` = 0 WHERE `Entry` = 192151;
UPDATE `creature_template_difficulty` SET `ContentTuningID` = 2151, `StaticFlags1` = 268435456, `StaticFlags2` = 0, `StaticFlags3` = 0 WHERE `Entry` = 192154;
UPDATE `creature_template_difficulty` SET `ContentTuningID` = 2270, `StaticFlags1` = 268435456, `StaticFlags2` = 0, `StaticFlags3` = 0 WHERE `Entry` = 192402;
UPDATE `creature_template_difficulty` SET `ContentTuningID` = 2151, `StaticFlags1` = 268435456, `StaticFlags2` = 0, `StaticFlags3` = 0 WHERE `Entry` = 192430;
UPDATE `creature_template_difficulty` SET `ContentTuningID` = 2275, `StaticFlags1` = 268435456, `StaticFlags2` = 0, `StaticFlags3` = 0 WHERE `Entry` = 192582;
UPDATE `creature_template_difficulty` SET `ContentTuningID` = 2466, `StaticFlags1` = 536871168, `StaticFlags2` = 0, `StaticFlags3` = 0 WHERE `Entry` = 192624;
UPDATE `creature_template_difficulty` SET `ContentTuningID` = 371, `StaticFlags1` = 268435456, `StaticFlags2` = 0, `StaticFlags3` = 0 WHERE `Entry` = 193000;
UPDATE `creature_template_difficulty` SET `ContentTuningID` = 371, `StaticFlags1` = 268435456, `StaticFlags2` = 0, `StaticFlags3` = 0 WHERE `Entry` = 193001;
UPDATE `creature_template_difficulty` SET `ContentTuningID` = 371, `StaticFlags1` = 268435456, `StaticFlags2` = 0, `StaticFlags3` = 0 WHERE `Entry` = 193024;
UPDATE `creature_template_difficulty` SET `ContentTuningID` = 371, `StaticFlags1` = 268435456, `StaticFlags2` = 0, `StaticFlags3` = 0 WHERE `Entry` = 193026;
UPDATE `creature_template_difficulty` SET `ContentTuningID` = 2275, `StaticFlags1` = 268435456, `StaticFlags2` = 0, `StaticFlags3` = 0 WHERE `Entry` = 193137;
UPDATE `creature_template_difficulty` SET `ContentTuningID` = 2275, `StaticFlags1` = 268435456, `StaticFlags2` = 0, `StaticFlags3` = 0 WHERE `Entry` = 193198;
UPDATE `creature_template_difficulty` SET `ContentTuningID` = 2275, `StaticFlags1` = 268435456, `StaticFlags2` = 0, `StaticFlags3` = 0 WHERE `Entry` = 194404;
UPDATE `creature_template_difficulty` SET `ContentTuningID` = 2275, `StaticFlags1` = 268435456, `StaticFlags2` = 0, `StaticFlags3` = 0 WHERE `Entry` = 194445;
UPDATE `creature_template_difficulty` SET `ContentTuningID` = 2275, `StaticFlags1` = 268435456, `StaticFlags2` = 0, `StaticFlags3` = 0 WHERE `Entry` = 194447;
UPDATE `creature_template_difficulty` SET `ContentTuningID` = 2275, `StaticFlags1` = 268435456, `StaticFlags2` = 0, `StaticFlags3` = 0 WHERE `Entry` = 194451;
UPDATE `creature_template_difficulty` SET `ContentTuningID` = 2275, `StaticFlags1` = 268435456, `StaticFlags2` = 0, `StaticFlags3` = 0 WHERE `Entry` = 194457;
UPDATE `creature_template_difficulty` SET `ContentTuningID` = 2275, `StaticFlags1` = 268435456, `StaticFlags2` = 0, `StaticFlags3` = 0 WHERE `Entry` = 194459;
UPDATE `creature_template_difficulty` SET `ContentTuningID` = 2275, `StaticFlags1` = 268435456, `StaticFlags2` = 0, `StaticFlags3` = 0 WHERE `Entry` = 194460;
UPDATE `creature_template_difficulty` SET `ContentTuningID` = 2275, `StaticFlags1` = 268435456, `StaticFlags2` = 0, `StaticFlags3` = 0 WHERE `Entry` = 194464;
UPDATE `creature_template_difficulty` SET `ContentTuningID` = 2275, `StaticFlags1` = 268435712, `StaticFlags2` = 0, `StaticFlags3` = 0 WHERE `Entry` = 194922;
UPDATE `creature_template_difficulty` SET `ContentTuningID` = 2275, `StaticFlags1` = 268435456, `StaticFlags2` = 0, `StaticFlags3` = 0 WHERE `Entry` = 195448;
UPDATE `creature_template_difficulty` SET `ContentTuningID` = 2275, `StaticFlags1` = 805306624, `StaticFlags2` = 0, `StaticFlags3` = 0 WHERE `Entry` = 195806;
UPDATE `creature_template_difficulty` SET `ContentTuningID` = 2151, `StaticFlags1` = 268435456, `StaticFlags2` = 0, `StaticFlags3` = 0 WHERE `Entry` = 196398;
