-- DB/WakingShores Map 2444 (Dragon Isles) Zone: 13644 (The Waking Shores) Area: 13944 (Flashfrost Assault)

SET @CGUID := 9012600;
SET @OGUID := 9012600;

-- creature
DELETE FROM `creature` WHERE `guid` BETWEEN @CGUID+1 AND @CGUID+187;
INSERT INTO `creature` (`guid`, `id`, `map`, `zoneId`, `areaId`, `spawnDifficulties`, `phaseUseFlags`, `PhaseId`, `PhaseGroup`, `terrainSwapMap`, `modelid`, `equipment_id`, `position_x`, `position_y`, `position_z`, `orientation`, `spawntimesecs`, `wander_distance`, `currentwaypoint`, `curHealthPct`, `MovementType`, `npcflag`, `unit_flags`, `unit_flags2`, `unit_flags3`, `ScriptName`, `StringId`, `VerifiedBuild`) VALUES 
(@CGUID+1, 187089, 2444, 13644, 13944, '0', 0, 0, 0, -1, 0, 0, 1249.47, -63.6615, 144.102, 4.88744, 7200, 10, 0, 100, 1, NULL, NULL, NULL, NULL, '', NULL, 59466),
(@CGUID+2, 187082, 2444, 13644, 13944, '0', 0, 0, 0, -1, 0, 0, 1156.81, 17.6275, 147.25, 5.80862, 7200, 10, 0, 100, 1, NULL, NULL, NULL, NULL, '', NULL, 59466),
(@CGUID+3, 187079, 2444, 13644, 13944, '0', 0, 0, 0, -1, 0, 0, 1208.63, -101.646, 158.979, 0.418879, 7200, 0, 0, 100, 0, NULL, NULL, NULL, NULL, '', NULL, 59466),
(@CGUID+4, 187090, 2444, 13644, 13944, '0', 0, 0, 0, -1, 0, 0, 1190.62, -121.01, 173.727, 6.07111, 7200, 0, 0, 100, 0, NULL, NULL, NULL, NULL, '', NULL, 59466),
(@CGUID+5, 187079, 2444, 13644, 13944, '0', 0, 0, 0, -1, 0, 0, 1228.16, -114.774, 153.852, 1.6176, 7200, 10, 0, 100, 1, NULL, NULL, NULL, NULL, '', NULL, 59466),
(@CGUID+6, 187090, 2444, 13644, 13944, '0', 0, 0, 0, -1, 0, 0, 1149.54, -48.3351, 252.508, 5.83613, 7200, 0, 0, 100, 0, NULL, NULL, NULL, NULL, '', NULL, 59466),
(@CGUID+7, 187089, 2444, 13644, 13944, '0', 0, 0, 0, -1, 0, 0, 1247.44, -78.6667, 145.079, 0.681071, 7200, 10, 0, 100, 1, NULL, NULL, NULL, NULL, '', NULL, 59466),
(@CGUID+8, 187089, 2444, 13644, 13944, '0', 0, 0, 0, -1, 0, 0, 1237.97, -45.9909, 142.874, 5.71848, 7200, 10, 0, 100, 1, NULL, NULL, NULL, NULL, '', NULL, 59466),
(@CGUID+9, 187089, 2444, 13644, 13944, '0', 0, 0, 0, -1, 0, 0, 1234.57, -43.6265, 143.373, 5.69302, 7200, 10, 0, 100, 1, NULL, NULL, NULL, NULL, '', NULL, 59466),
(@CGUID+10, 191315, 2444, 13644, 13944, '0', 0, 0, 0, -1, 0, 0, 1244.05, -169.375, 155.921, 1.72995, 7200, 0, 0, 100, 0, NULL, NULL, NULL, NULL, '', NULL, 59466),
(@CGUID+11, 187083, 2444, 13644, 13944, '0', 0, 0, 0, -1, 0, 0, 1273.98, -120.646, 147.364, 0.936581, 7200, 0, 0, 100, 0, NULL, NULL, NULL, NULL, '', NULL, 59466),
(@CGUID+12, 192050, 2444, 13644, 13944, '0', 0, 0, 0, -1, 0, 0, 1246.26, 5.6792, 151.637, 4.48493, 7200, 10, 0, 100, 1, NULL, NULL, NULL, NULL, '', NULL, 59466),
(@CGUID+13, 187083, 2444, 13644, 13944, '0', 0, 0, 0, -1, 0, 0, 1218.12, -28.6555, 145.784, 4.9431, 7200, 0, 0, 100, 0, NULL, NULL, NULL, NULL, '', NULL, 59466),
(@CGUID+14, 187083, 2444, 13644, 13944, '0', 0, 0, 0, -1, 0, 0, 1274.14, -120.378, 147.302, 1.03621, 7200, 0, 0, 100, 0, NULL, NULL, NULL, NULL, '', NULL, 59466),
(@CGUID+15, 187079, 2444, 13644, 13944, '0', 0, 0, 0, -1, 0, 0, 1206.98, -127.267, 161.363, 0.79338, 7200, 10, 0, 100, 1, NULL, NULL, NULL, NULL, '', NULL, 59466),
(@CGUID+16, 187211, 2444, 13644, 13944, '0', 0, 0, 0, -1, 0, 0, 1132.37, 117.932, 252.872, 6.16528, 7200, 0, 0, 100, 0, NULL, NULL, NULL, NULL, '', NULL, 59466),
(@CGUID+17, 187075, 2444, 13644, 13944, '0', 0, 0, 0, -1, 0, 0, 1160.76, -146.039, 175.699, 3.2731, 7200, 10, 0, 100, 1, NULL, NULL, NULL, NULL, '', NULL, 59466),
(@CGUID+18, 187075, 2444, 13644, 13944, '0', 0, 0, 0, -1, 0, 0, 1166.63, -144.179, 175.54, 4.62535, 7200, 10, 0, 100, 1, NULL, NULL, NULL, NULL, '', NULL, 59466),
(@CGUID+19, 187079, 2444, 13644, 13944, '0', 0, 0, 0, -1, 0, 0, 1226.11, -211.884, 169.408, 5.23149, 7200, 0, 0, 100, 0, NULL, NULL, NULL, NULL, '', NULL, 59466),
(@CGUID+20, 187079, 2444, 13644, 13944, '0', 0, 0, 0, -1, 0, 0, 1183.7, -203.853, 165.567, 5.39064, 7200, 10, 0, 100, 1, NULL, NULL, NULL, NULL, '', NULL, 59466),
(@CGUID+21, 187079, 2444, 13644, 13944, '0', 0, 0, 0, -1, 0, 0, 1216.26, -203.624, 164.71, 0.20301, 7200, 0, 0, 100, 0, NULL, NULL, NULL, NULL, '', NULL, 59466),
(@CGUID+22, 187083, 2444, 13644, 13944, '0', 0, 0, 0, -1, 0, 0, 1201.48, -169.431, 161.568, 0.387109, 7200, 0, 0, 100, 0, NULL, NULL, NULL, NULL, '', NULL, 59466),
(@CGUID+23, 187108, 2444, 13644, 13944, '0', 0, 0, 0, -1, 0, 0, 1274.49, -197.852, 155.781, 2.21854, 7200, 0, 0, 100, 0, NULL, NULL, NULL, NULL, '', NULL, 59466),
(@CGUID+24, 187079, 2444, 13644, 13944, '0', 0, 0, 0, -1, 0, 0, 1109.3, -103.548, 264.891, 1.95838, 7200, 10, 0, 100, 1, NULL, NULL, NULL, NULL, '', NULL, 59466),
(@CGUID+25, 187090, 2444, 13644, 13944, '0', 0, 0, 0, -1, 0, 0, 1159.5, -216.96, 174.489, 0.464791, 7200, 0, 0, 100, 0, NULL, NULL, NULL, NULL, '', NULL, 59466),
(@CGUID+26, 187075, 2444, 13644, 13944, '0', 0, 0, 0, -1, 0, 0, 1159.02, -147.228, 175.446, 4.94314, 7200, 10, 0, 100, 1, NULL, NULL, NULL, NULL, '', NULL, 59466),
(@CGUID+27, 187075, 2444, 13644, 13944, '0', 0, 0, 0, -1, 0, 0, 1145.54, -194.606, 170.105, 4.44157, 7200, 10, 0, 100, 1, NULL, NULL, NULL, NULL, '', NULL, 59466),
(@CGUID+28, 192050, 2444, 13644, 13944, '0', 0, 0, 0, -1, 0, 0, 1275.05, -165.405, 154.664, 4.47947, 7200, 10, 0, 100, 1, NULL, NULL, NULL, NULL, '', NULL, 59466),
(@CGUID+29, 187090, 2444, 13644, 13944, '0', 0, 0, 0, -1, 0, 0, 1097.3, -171.637, 278.21, 6.25123, 7200, 0, 0, 100, 0, NULL, NULL, NULL, NULL, '', NULL, 59466),
(@CGUID+30, 187079, 2444, 13644, 13944, '0', 0, 0, 0, -1, 0, 0, 1185.4, -231.059, 168.903, 3.82087, 7200, 0, 0, 100, 0, NULL, NULL, NULL, NULL, '', NULL, 59466),
(@CGUID+31, 192058, 2444, 13644, 13944, '0', 0, 0, 0, -1, 0, 0, 1216.63, -199.757, 164.552, 4.33461, 7200, 10, 0, 100, 1, NULL, NULL, NULL, NULL, '', NULL, 59466),
(@CGUID+32, 187075, 2444, 13644, 13944, '0', 0, 0, 0, -1, 0, 0, 1143.57, -188.557, 170.48, 0.79799, 7200, 10, 0, 100, 1, NULL, NULL, NULL, NULL, '', NULL, 59466),
(@CGUID+33, 187075, 2444, 13644, 13944, '0', 0, 0, 0, -1, 0, 0, 1232.52, -237.131, 170.957, 2.09128, 7200, 10, 0, 100, 1, NULL, NULL, NULL, NULL, '', NULL, 59466),
(@CGUID+34, 187075, 2444, 13644, 13944, '0', 0, 0, 0, -1, 0, 0, 1210.29, -261.71, 172.768, 2.14202, 7200, 10, 0, 100, 1, NULL, NULL, NULL, NULL, '', NULL, 59466),
(@CGUID+35, 187075, 2444, 13644, 13944, '0', 0, 0, 0, -1, 0, 0, 1139.34, -193.677, 171.748, 0.919091, 7200, 10, 0, 100, 1, NULL, NULL, NULL, NULL, '', NULL, 59466),
(@CGUID+36, 187083, 2444, 13644, 13944, '0', 0, 0, 0, -1, 0, 0, 1116.66, -214.818, 262.194, 6.02663, 7200, 0, 0, 100, 0, NULL, NULL, NULL, NULL, '', NULL, 59466),
(@CGUID+37, 187075, 2444, 13644, 13944, '0', 0, 0, 0, -1, 0, 0, 1191.52, -257.728, 174.186, 4.9531, 7200, 10, 0, 100, 1, NULL, NULL, NULL, NULL, '', NULL, 59466),
(@CGUID+38, 187075, 2444, 13644, 13944, '0', 0, 0, 0, -1, 0, 0, 1196.45, -254.555, 173.034, 3.00052, 7200, 10, 0, 100, 1, NULL, NULL, NULL, NULL, '', NULL, 59466),
(@CGUID+39, 187083, 2444, 13644, 13944, '0', 0, 0, 0, -1, 0, 0, 1114.37, -236.821, 288.59, 0.306, 7200, 0, 0, 100, 0, NULL, NULL, NULL, NULL, '', NULL, 59466),
(@CGUID+40, 193218, 2444, 13644, 13944, '0', 0, 0, 0, -1, 0, 0, 1111.25, -183.38, 186.435, 0, 7200, 0, 0, 100, 0, NULL, NULL, NULL, NULL, '', NULL, 59466),
(@CGUID+41, 193218, 2444, 13644, 13944, '0', 0, 0, 0, -1, 0, 0, 1081.86, -176.344, 185.179, 0, 7200, 0, 0, 100, 0, NULL, NULL, NULL, NULL, '', NULL, 59466),
(@CGUID+42, 187079, 2444, 13644, 13944, '0', 0, 0, 0, -1, 0, 0, 1075.14, -196.345, 283.138, 4.696, 7200, 10, 0, 100, 1, NULL, NULL, NULL, NULL, '', NULL, 59466),
(@CGUID+43, 187075, 2444, 13644, 13944, '0', 0, 0, 0, -1, 0, 0, 1230.55, -245.789, 170.538, 0.93316, 7200, 10, 0, 100, 1, NULL, NULL, NULL, NULL, '', NULL, 59466),
(@CGUID+44, 187075, 2444, 13644, 13944, '0', 0, 0, 0, -1, 0, 0, 1228.25, -241.467, 169.764, 3.0745, 7200, 10, 0, 100, 1, NULL, NULL, NULL, NULL, '', NULL, 59466),
(@CGUID+45, 196376, 2444, 13644, 13944, '0', 0, 0, 0, -1, 0, 0, 1335.15, -199.635, 202.371, 2.55866, 7200, 0, 0, 100, 0, NULL, NULL, NULL, NULL, '', NULL, 59466),
(@CGUID+46, 213611, 2444, 13644, 13944, '0', 0, 0, 0, -1, 0, 0, 1332.66, -139.144, 138.993, 1.24948, 7200, 0, 0, 100, 0, NULL, NULL, NULL, NULL, '', NULL, 59466),
(@CGUID+47, 194829, 2444, 13644, 13944, '0', 0, 0, 0, -1, 0, 0, 1334.25, -198.502, 202.252, 2.84902, 7200, 0, 0, 100, 0, NULL, NULL, NULL, NULL, '', NULL, 59466),
(@CGUID+48, 192050, 2444, 13644, 13944, '0', 0, 0, 0, -1, 0, 0, 1348.24, -98.1271, 138.122, 5.69789, 7200, 10, 0, 100, 1, NULL, NULL, NULL, NULL, '', NULL, 59466),
(@CGUID+49, 196811, 2444, 13644, 13944, '0', 0, 0, 0, -1, 0, 0, 1340.24, -131.146, 137.535, 0, 7200, 0, 0, 100, 0, NULL, NULL, NULL, NULL, '', NULL, 59466),
(@CGUID+50, 187082, 2444, 13644, 13944, '0', 0, 0, 0, -1, 0, 0, 1169.96, 8.89568, 148.225, 5.78852, 7200, 0, 0, 100, 0, NULL, NULL, NULL, NULL, '', NULL, 59466),
(@CGUID+51, 187084, 2444, 13644, 13944, '0', 0, 0, 0, -1, 0, 0, 1206.47, -6.50174, 148.064, 5.3939, 7200, 0, 0, 100, 0, NULL, NULL, NULL, NULL, '', NULL, 59466),
(@CGUID+52, 187079, 2444, 13644, 13944, '0', 0, 0, 0, -1, 0, 0, 1130.15, 16.1958, 246.808, 5.97939, 7200, 10, 0, 100, 1, NULL, NULL, NULL, NULL, '', NULL, 59466),
(@CGUID+53, 187083, 2444, 13644, 13944, '0', 0, 0, 0, -1, 0, 0, 1212.45, -204.104, 165.541, 1.70606, 7200, 0, 0, 100, 0, NULL, NULL, NULL, NULL, '', NULL, 59466),
(@CGUID+54, 187083, 2444, 13644, 13944, '0', 0, 0, 0, -1, 0, 0, 1185.72, -210.395, 165.167, 0.912065, 7200, 0, 0, 100, 0, NULL, NULL, NULL, NULL, '', NULL, 59466),
(@CGUID+55, 187079, 2444, 13644, 13944, '0', 0, 0, 0, -1, 0, 0, 1147.13, -169.462, 171.322, 0.387109, 7200, 10, 0, 100, 1, NULL, NULL, NULL, NULL, '', NULL, 59466),
(@CGUID+56, 187089, 2444, 13644, 13944, '0', 0, 0, 0, -1, 0, 0, 1224.26, -3.03819, 147.622, 0.184338, 7200, 10, 0, 100, 1, NULL, NULL, NULL, NULL, '', NULL, 59466),
(@CGUID+57, 187089, 2444, 13644, 13944, '0', 0, 0, 0, -1, 0, 0, 1219.28, -3.46528, 148.222, 5.88577, 7200, 10, 0, 100, 1, NULL, NULL, NULL, NULL, '', NULL, 59466),
(@CGUID+58, 193218, 2444, 13644, 13944, '0', 0, 0, 0, -1, 0, 0, 1049.62, -171.969, 192.734, 0, 7200, 0, 0, 100, 0, NULL, NULL, NULL, NULL, '', NULL, 59466),
(@CGUID+59, 187083, 2444, 13644, 13944, '0', 0, 0, 0, -1, 0, 0, 1218.67, -29.261, 145.641, 5.44942, 7200, 0, 0, 100, 0, NULL, NULL, NULL, NULL, '', NULL, 59466),
(@CGUID+60, 187083, 2444, 13644, 13944, '0', 0, 0, 0, -1, 0, 0, 1220.77, -6.14293, 147.981, 0.392838, 7200, 10, 0, 100, 1, NULL, NULL, NULL, NULL, '', NULL, 59466),
(@CGUID+61, 191315, 2444, 13644, 13944, '0', 0, 0, 0, -1, 0, 0, 1225.74, -32.3576, 144.544, 5.29303, 7200, 0, 0, 100, 0, NULL, NULL, NULL, NULL, '', NULL, 59466),
(@CGUID+62, 187084, 2444, 13644, 13944, '0', 0, 0, 0, -1, 0, 0, 1196.74, -18.1042, 148.227, 5.42922, 7200, 0, 0, 100, 0, NULL, NULL, NULL, NULL, '', NULL, 59466),
(@CGUID+63, 187089, 2444, 13644, 13944, '0', 0, 0, 0, -1, 0, 0, 1244.23, -11.191, 145.566, 0.0271935, 7200, 10, 0, 100, 1, NULL, NULL, NULL, NULL, '', NULL, 59466),
(@CGUID+64, 187089, 2444, 13644, 13944, '0', 0, 0, 0, -1, 0, 0, 1239.46, -11.6701, 145.889, 6.20962, 7200, 10, 0, 100, 1, NULL, NULL, NULL, NULL, '', NULL, 59466),
(@CGUID+65, 187089, 2444, 13644, 13944, '0', 0, 0, 0, -1, 0, 0, 1335.83, 14.7221, 149.996, 0.290676, 7200, 0, 0, 100, 0, NULL, NULL, NULL, NULL, '', NULL, 59466),
(@CGUID+66, 187089, 2444, 13644, 13944, '0', 0, 0, 0, -1, 0, 0, 1341.38, 17.1117, 149.819, 0.0165791, 7200, 0, 0, 100, 0, NULL, NULL, NULL, NULL, '', NULL, 59466),
(@CGUID+67, 15475, 2444, 13644, 13944, '0', 0, 0, 0, -1, 0, 0, 1451.52, 114.854, 154.717, 4.13929, 7200, 0, 0, 100, 0, NULL, NULL, NULL, NULL, '', NULL, 59466),
(@CGUID+68, 189439, 2444, 13644, 13944, '0', 0, 0, 0, -1, 0, 0, 1500.4, 97.335, 160.879, 3.6707, 7200, 0, 0, 100, 0, NULL, NULL, NULL, NULL, '', NULL, 59466),
(@CGUID+69, 187089, 2444, 13644, 13944, '0', 0, 0, 0, -1, 0, 0, 1266.04, 7.99321, 152.973, 0.341802, 7200, 10, 0, 100, 1, NULL, NULL, NULL, NULL, '', NULL, 59466),
(@CGUID+70, 187089, 2444, 13644, 13944, '0', 0, 0, 0, -1, 0, 0, 1273.03, -14.7688, 144.225, 6.16174, 7200, 0, 0, 100, 0, NULL, NULL, NULL, NULL, '', NULL, 59466),
(@CGUID+71, 187089, 2444, 13644, 13944, '0', 0, 0, 0, -1, 0, 0, 1268.44, -14.2277, 144.133, 6.16346, 7200, 0, 0, 100, 0, NULL, NULL, NULL, NULL, '', NULL, 59466),
(@CGUID+72, 187089, 2444, 13644, 13944, '0', 0, 0, 0, -1, 0, 0, 1271.17, 9.68683, 152.698, 0.210616, 7200, 10, 0, 100, 1, NULL, NULL, NULL, NULL, '', NULL, 59466),
(@CGUID+73, 187129, 2444, 13644, 13944, '0', 0, 0, 0, -1, 0, 0, 1321.02, -91.309, 137.52, 0.90646, 7200, 0, 0, 100, 0, NULL, NULL, NULL, NULL, '', NULL, 59466),
(@CGUID+74, 187083, 2444, 13644, 13944, '0', 0, 0, 0, -1, 0, 0, 1216.05, -161.815, 158.806, 0.330086, 7200, 0, 0, 100, 0, NULL, NULL, NULL, NULL, '', NULL, 59466),
(@CGUID+75, 187090, 2444, 13644, 13944, '0', 0, 0, 0, -1, 0, 0, 1171.53, -253.99, 178.907, 0.0221873, 7200, 0, 0, 100, 0, NULL, NULL, NULL, NULL, '', NULL, 59466),
(@CGUID+76, 187090, 2444, 13644, 13944, '0', 0, 0, 0, -1, 0, 0, 1198.08, -74.2743, 157.042, 6.11599, 7200, 0, 0, 100, 0, NULL, NULL, NULL, NULL, '', NULL, 59466),
(@CGUID+77, 187083, 2444, 13644, 13944, '0', 0, 0, 0, -1, 0, 0, 1169.45, -219.562, 172.976, 0.387109, 7200, 0, 0, 100, 0, NULL, NULL, NULL, NULL, '', NULL, 59466),
(@CGUID+78, 187083, 2444, 13644, 13944, '0', 0, 0, 0, -1, 0, 0, 1163.83, -146.102, 175.541, 5.52286, 7200, 0, 0, 100, 0, NULL, NULL, NULL, NULL, '', NULL, 59466),
(@CGUID+79, 187083, 2444, 13644, 13944, '0', 0, 0, 0, -1, 0, 0, 1230.8, -239.53, 170.403, 2.44784, 7200, 10, 0, 100, 1, NULL, NULL, NULL, NULL, '', NULL, 59466),
(@CGUID+80, 187082, 2444, 13644, 13944, '0', 0, 0, 0, -1, 0, 0, 1251.38, -61.3862, 143.561, 5.58333, 7200, 0, 0, 100, 0, NULL, NULL, NULL, NULL, '', NULL, 59466),
(@CGUID+81, 187083, 2444, 13644, 13944, '0', 0, 0, 0, -1, 0, 0, 1263.86, -53.7135, 141.376, 0.277089, 7200, 0, 0, 100, 0, NULL, NULL, NULL, NULL, '', NULL, 59466),
(@CGUID+82, 187082, 2444, 13644, 13944, '0', 0, 0, 0, -1, 0, 0, 1124.01, 40.6355, 145.786, 5.44114, 7200, 0, 0, 100, 0, NULL, NULL, NULL, NULL, '', NULL, 59466),
(@CGUID+83, 187090, 2444, 13644, 13944, '0', 0, 0, 0, -1, 0, 0, 1300.69, 53.7431, 169.382, 5.16883, 7200, 0, 0, 100, 0, NULL, NULL, NULL, NULL, '', NULL, 59466),
(@CGUID+84, 187089, 2444, 13644, 13944, '0', 0, 0, 0, -1, 0, 0, 1266.26, -14.0696, 144.199, 6.19199, 7200, 10, 0, 100, 1, NULL, NULL, NULL, NULL, '', NULL, 59466),
(@CGUID+85, 187090, 2444, 13644, 13944, '0', 0, 0, 0, -1, 0, 0, 1247.27, -205.165, 171.532, 0.948077, 7200, 0, 0, 100, 0, NULL, NULL, NULL, NULL, '', NULL, 59466),
(@CGUID+86, 192050, 2444, 13644, 13944, '0', 0, 0, 0, -1, 0, 0, 1190.28, 4.48896, 149.15, 3.26119, 7200, 10, 0, 100, 1, NULL, NULL, NULL, NULL, '', NULL, 59466),
(@CGUID+87, 187083, 2444, 13644, 13944, '0', 0, 0, 0, -1, 0, 0, 1307.73, 16.6316, 151.401, 4.39723, 7200, 0, 0, 100, 0, NULL, NULL, NULL, NULL, '', NULL, 59466),
(@CGUID+88, 187083, 2444, 13644, 13944, '0', 0, 0, 0, -1, 0, 0, 1143.54, 24.5908, 146.436, 5.95896, 7200, 0, 0, 100, 0, NULL, NULL, NULL, NULL, '', NULL, 59466),
(@CGUID+89, 187089, 2444, 13644, 13944, '0', 0, 0, 0, -1, 0, 0, 1309.87, 11.4185, 151.126, 3.70882, 7200, 0, 0, 100, 0, NULL, NULL, NULL, NULL, '', NULL, 59466),
(@CGUID+90, 187089, 2444, 13644, 13944, '0', 0, 0, 0, -1, 0, 0, 1309.86, 10.2233, 151.075, 3.95533, 7200, 0, 0, 100, 0, NULL, NULL, NULL, NULL, '', NULL, 59466),
(@CGUID+91, 187089, 2444, 13644, 13944, '0', 0, 0, 0, -1, 0, 0, 1311.89, 11.1575, 151.168, 3.53233, 7200, 0, 0, 100, 0, NULL, NULL, NULL, NULL, '', NULL, 59466),
(@CGUID+92, 187089, 2444, 13644, 13944, '0', 0, 0, 0, -1, 0, 0, 1364.37, -49.3924, 149.536, 3.31291, 7200, 0, 0, 100, 0, NULL, NULL, NULL, NULL, '', NULL, 59466),
(@CGUID+93, 187089, 2444, 13644, 13944, '0', 0, 0, 0, -1, 0, 0, 1359.48, -47.4003, 147.278, 3.66292, 7200, 0, 0, 100, 0, NULL, NULL, NULL, NULL, '', NULL, 59466),
(@CGUID+94, 187083, 2444, 13644, 13944, '0', 0, 0, 0, -1, 0, 0, 1227.52, -178.454, 159.335, 0.437453, 7200, 0, 0, 100, 0, NULL, NULL, NULL, NULL, '', NULL, 59466),
(@CGUID+95, 187075, 2444, 13644, 13944, '0', 0, 0, 0, -1, 0, 0, 1253.71, -137.457, 152.288, 0.795537, 7200, 0, 0, 100, 0, NULL, NULL, NULL, NULL, '', NULL, 59466),
(@CGUID+96, 187075, 2444, 13644, 13944, '0', 0, 0, 0, -1, 0, 0, 1260.85, -129.955, 150.716, 0.604579, 7200, 0, 0, 100, 0, NULL, NULL, NULL, NULL, '', NULL, 59466),
(@CGUID+97, 187075, 2444, 13644, 13944, '0', 0, 0, 0, -1, 0, 0, 1262.79, -136.911, 150.826, 0.809353, 7200, 0, 0, 100, 0, NULL, NULL, NULL, NULL, '', NULL, 59466),
(@CGUID+98, 187089, 2444, 13644, 13944, '0', 0, 0, 0, -1, 0, 0, 1239.01, -46.6516, 142.729, 5.71848, 7200, 0, 0, 100, 0, NULL, NULL, NULL, NULL, '', NULL, 59466),
(@CGUID+99, 187089, 2444, 13644, 13944, '0', 0, 0, 0, -1, 0, 0, 1235.32, -44.1524, 143.329, 5.70656, 7200, 10, 0, 100, 1, NULL, NULL, NULL, NULL, '', NULL, 59466),
(@CGUID+100, 187089, 2444, 13644, 13944, '0', 0, 0, 0, -1, 0, 0, 1331.69, 18.0875, 150.742, 4.26542, 7200, 0, 0, 100, 0, NULL, NULL, NULL, NULL, '', NULL, 59466),
(@CGUID+101, 187089, 2444, 13644, 13944, '0', 0, 0, 0, -1, 0, 0, 1333.01, 20.9486, 150.437, 5.6255, 7200, 0, 0, 100, 0, NULL, NULL, NULL, NULL, '', NULL, 59466),
(@CGUID+102, 187211, 2444, 13644, 13944, '0', 0, 0, 0, -1, 0, 0, 1052.32, 95.7795, 131.721, 3.49266, 7200, 0, 0, 100, 0, NULL, NULL, NULL, NULL, '', NULL, 59466),
(@CGUID+103, 187083, 2444, 13644, 13944, '0', 0, 0, 0, -1, 0, 0, 1270.08, -116.052, 146.848, 0.444175, 7200, 0, 0, 100, 0, NULL, NULL, NULL, NULL, '', NULL, 59466),
(@CGUID+104, 187102, 2444, 13644, 13944, '0', 0, 0, 0, -1, 0, 0, 1299.13, -53.7311, 140.06, 2.68123, 7200, 0, 0, 100, 0, NULL, NULL, NULL, NULL, '', NULL, 59466),
(@CGUID+105, 187075, 2444, 13644, 13944, '0', 0, 0, 0, -1, 0, 0, 1240.19, -182.977, 159.344, 0.795537, 7200, 0, 0, 100, 0, NULL, NULL, NULL, NULL, '', NULL, 59466),
(@CGUID+106, 187075, 2444, 13644, 13944, '0', 0, 0, 0, -1, 0, 0, 1245.29, -183.585, 158.361, 0.604579, 7200, 0, 0, 100, 0, NULL, NULL, NULL, NULL, '', NULL, 59466),
(@CGUID+107, 187075, 2444, 13644, 13944, '0', 0, 0, 0, -1, 0, 0, 1248.63, -187.002, 157.762, 0.809353, 7200, 0, 0, 100, 0, NULL, NULL, NULL, NULL, '', NULL, 59466),
(@CGUID+108, 187075, 2444, 13644, 13944, '0', 0, 0, 0, -1, 0, 0, 1262.6, -137.067, 150.799, 3.07468, 7200, 0, 0, 100, 0, NULL, NULL, NULL, NULL, '', NULL, 59466),
(@CGUID+109, 187082, 2444, 13644, 13944, '0', 0, 0, 0, -1, 0, 0, 1289.52, -48.967, 140.507, 5.72171, 7200, 0, 0, 100, 0, NULL, NULL, NULL, NULL, '', NULL, 59466),
(@CGUID+110, 187079, 2444, 13644, 13944, '0', 0, 0, 0, -1, 0, 0, 1199.92, -146.842, 164.562, 4.86691, 7200, 0, 0, 100, 0, NULL, NULL, NULL, NULL, '', NULL, 59466),
(@CGUID+111, 187079, 2444, 13644, 13944, '0', 0, 0, 0, -1, 0, 0, 1228.29, -117.686, 154.043, 4.75205, 7200, 0, 0, 100, 0, NULL, NULL, NULL, NULL, '', NULL, 59466),
(@CGUID+112, 187083, 2444, 13644, 13944, '0', 0, 0, 0, -1, 0, 0, 1268.93, -80.3948, 144.398, 2.85444, 7200, 0, 0, 100, 0, NULL, NULL, NULL, NULL, '', NULL, 59466),
(@CGUID+113, 187107, 2444, 13644, 13944, '0', 0, 0, 0, -1, 0, 0, 1266.75, -79.7578, 145.862, 2.85544, 7200, 0, 0, 100, 0, NULL, NULL, NULL, NULL, '', NULL, 59466),
(@CGUID+114, 187075, 2444, 13644, 13944, '0', 0, 0, 0, -1, 0, 0, 1200.68, -254.68, 171.871, 0.468014, 7200, 0, 0, 100, 0, NULL, NULL, NULL, NULL, '', NULL, 59466),
(@CGUID+115, 187117, 2444, 13644, 13944, '0', 0, 0, 0, -1, 0, 0, 1273.09, -75.1295, 143.568, 4.04333, 7200, 0, 0, 100, 0, NULL, NULL, NULL, NULL, '', NULL, 59466),
(@CGUID+116, 187075, 2444, 13644, 13944, '0', 0, 0, 0, -1, 0, 0, 1254.26, -133.304, 151.904, 4.57863, 7200, 0, 0, 100, 0, NULL, NULL, NULL, NULL, '', NULL, 59466),
(@CGUID+117, 187079, 2444, 13644, 13944, '0', 0, 0, 0, -1, 0, 0, 1269.82, -80.6581, 144.126, 2.85626, 7200, 0, 0, 100, 0, NULL, NULL, NULL, NULL, '', NULL, 59466),
(@CGUID+118, 187117, 2444, 13644, 13944, '0', 0, 0, 0, -1, 0, 0, 1287.83, -69.7326, 139.941, 2.43368, 7200, 0, 0, 100, 0, NULL, NULL, NULL, NULL, '', NULL, 59466),
(@CGUID+119, 192050, 2444, 13644, 13944, '0', 0, 0, 0, -1, 0, 0, 1241.87, -126.467, 154.139, 6.11836, 7200, 0, 0, 100, 0, NULL, NULL, NULL, NULL, '', NULL, 59466),
(@CGUID+120, 187101, 2444, 13644, 13944, '0', 0, 0, 0, -1, 0, 0, 1307.95, -60.7012, 138.27, 2.25337, 7200, 0, 0, 100, 0, NULL, NULL, NULL, NULL, '', NULL, 59466),
(@CGUID+121, 187117, 2444, 13644, 13944, '0', 0, 0, 0, -1, 0, 0, 1296.96, -53.6465, 140.062, 2.58012, 7200, 0, 0, 100, 0, NULL, NULL, NULL, NULL, '', NULL, 59466),
(@CGUID+122, 187079, 2444, 13644, 13944, '0', 0, 0, 0, -1, 0, 0, 1213.02, -52.276, 146.691, 4.32786, 7200, 0, 0, 100, 0, NULL, NULL, NULL, NULL, '', NULL, 59466),
(@CGUID+123, 187089, 2444, 13644, 13944, '0', 0, 0, 0, -1, 0, 0, 1284.49, -67.3472, 140.908, 5.91316, 7200, 0, 0, 100, 0, NULL, NULL, NULL, NULL, '', NULL, 59466),
(@CGUID+124, 187089, 2444, 13644, 13944, '0', 0, 0, 0, -1, 0, 0, 1283.02, -67.2927, 141.035, 5.81343, 7200, 0, 0, 100, 0, NULL, NULL, NULL, NULL, '', NULL, 59466),
(@CGUID+125, 187097, 2444, 13644, 13944, '0', 0, 0, 0, -1, 0, 0, 1300.37, 8.77747, 151.844, 1.15265, 7200, 0, 0, 100, 0, NULL, NULL, NULL, NULL, '', NULL, 59466),
(@CGUID+126, 187075, 2444, 13644, 13944, '0', 0, 0, 0, -1, 0, 0, 1166.67, -141.666, 176.028, 1.50135, 7200, 0, 0, 100, 0, NULL, NULL, NULL, NULL, '', NULL, 59466),
(@CGUID+127, 187075, 2444, 13644, 13944, '0', 0, 0, 0, -1, 0, 0, 1167.59, -146.071, 174.98, 3.55764, 7200, 0, 0, 100, 0, NULL, NULL, NULL, NULL, '', NULL, 59466),
(@CGUID+128, 187089, 2444, 13644, 13944, '0', 0, 0, 0, -1, 0, 0, 1305.44, -57.6094, 139.43, 2.59042, 7200, 0, 0, 100, 0, NULL, NULL, NULL, NULL, '', NULL, 59466),
(@CGUID+129, 192050, 2444, 13644, 13944, '0', 0, 0, 0, -1, 0, 0, 1347.34, -97.4, 137.99, 2.86817, 7200, 0, 0, 100, 0, NULL, NULL, NULL, NULL, '', NULL, 59466),
(@CGUID+130, 187097, 2444, 13644, 13944, '0', 0, 0, 0, -1, 0, 0, 1326.34, 30.7795, 150.519, 3.07083, 7200, 0, 0, 100, 0, NULL, NULL, NULL, NULL, '', NULL, 59466),
(@CGUID+131, 187089, 2444, 13644, 13944, '0', 0, 0, 0, -1, 0, 0, 1321.75, -49.432, 139.768, 4.6993, 7200, 0, 0, 100, 0, NULL, NULL, NULL, NULL, '', NULL, 59466),
(@CGUID+132, 187083, 2444, 13644, 13944, '0', 0, 0, 0, -1, 0, 0, 1305.3, 15.9761, 151.44, 4.11221, 7200, 0, 0, 100, 0, NULL, NULL, NULL, NULL, '', NULL, 59466),
(@CGUID+133, 189107, 2444, 13644, 13944, '0', 0, 0, 0, -1, 0, 0, 1312.16, -41.9844, 140.259, 5.47187, 7200, 0, 0, 100, 0, NULL, NULL, NULL, NULL, '', NULL, 59466),
(@CGUID+134, 187089, 2444, 13644, 13944, '0', 0, 0, 0, -1, 0, 0, 1349.49, -45.4937, 144.142, 4.38528, 7200, 0, 0, 100, 0, NULL, NULL, NULL, NULL, '', NULL, 59466),
(@CGUID+135, 192050, 2444, 13644, 13944, '0', 0, 0, 0, -1, 0, 0, 1373.34, -45.6418, 149.577, 0.474497, 7200, 0, 0, 100, 0, NULL, NULL, NULL, NULL, '', NULL, 59466),
(@CGUID+136, 187075, 2444, 13644, 13944, '0', 0, 0, 0, -1, 0, 0, 1407.61, -41.9569, 148.641, 1.0207, 7200, 0, 0, 100, 0, NULL, NULL, NULL, NULL, '', NULL, 59466),
(@CGUID+137, 187089, 2444, 13644, 13944, '0', 0, 0, 0, -1, 0, 0, 1348.98, -15.2135, 146.758, 2.79045, 7200, 0, 0, 100, 0, NULL, NULL, NULL, NULL, '', NULL, 59466),
(@CGUID+138, 187075, 2444, 13644, 13944, '0', 0, 0, 0, -1, 0, 0, 1406.62, -33.5246, 148.677, 5.49291, 7200, 0, 0, 100, 0, NULL, NULL, NULL, NULL, '', NULL, 59466),
(@CGUID+139, 187075, 2444, 13644, 13944, '0', 0, 0, 0, -1, 0, 0, 1405.82, -35.93, 148.11, 5.98112, 7200, 0, 0, 100, 0, NULL, NULL, NULL, NULL, '', NULL, 59466),
(@CGUID+140, 187089, 2444, 13644, 13944, '0', 0, 0, 0, -1, 0, 0, 1307.57, 10.5638, 151.335, 3.3849, 7200, 0, 0, 100, 0, NULL, NULL, NULL, NULL, '', NULL, 59466),
(@CGUID+141, 187089, 2444, 13644, 13944, '0', 0, 0, 0, -1, 0, 0, 1306.01, 13.573, 151.385, 1.9911, 7200, 0, 0, 100, 0, NULL, NULL, NULL, NULL, '', NULL, 59466),
(@CGUID+142, 187089, 2444, 13644, 13944, '0', 0, 0, 0, -1, 0, 0, 1307.41, 6.42652, 151.22, 4.77697, 7200, 0, 0, 100, 0, NULL, NULL, NULL, NULL, '', NULL, 59466),
(@CGUID+143, 187089, 2444, 13644, 13944, '0', 0, 0, 0, -1, 0, 0, 1350.15, 11.3582, 149.229, 2.51327, 7200, 0, 0, 100, 0, NULL, NULL, NULL, NULL, '', NULL, 59466),
(@CGUID+144, 187089, 2444, 13644, 13944, '0', 0, 0, 0, -1, 0, 0, 1307.75, 9.55865, 151.202, 5.18567, 7200, 0, 0, 100, 0, NULL, NULL, NULL, NULL, '', NULL, 59466),
(@CGUID+145, 187089, 2444, 13644, 13944, '0', 0, 0, 0, -1, 0, 0, 1307.31, 11.4105, 151.376, 3.50447, 7200, 0, 0, 100, 0, NULL, NULL, NULL, NULL, '', NULL, 59466),
(@CGUID+146, 187089, 2444, 13644, 13944, '0', 0, 0, 0, -1, 0, 0, 1302.22, 15.9683, 151.386, 2.45661, 7200, 0, 0, 100, 0, NULL, NULL, NULL, NULL, '', NULL, 59466),
(@CGUID+147, 187089, 2444, 13644, 13944, '0', 0, 0, 0, -1, 0, 0, 1306.91, 12.2934, 151.4, 3.6353, 7200, 0, 0, 100, 0, NULL, NULL, NULL, NULL, '', NULL, 59466),
(@CGUID+148, 187089, 2444, 13644, 13944, '0', 0, 0, 0, -1, 0, 0, 1303.55, 15.491, 151.395, 6.07643, 7200, 0, 0, 100, 0, NULL, NULL, NULL, NULL, '', NULL, 59466),
(@CGUID+149, 187089, 2444, 13644, 13944, '0', 0, 0, 0, -1, 0, 0, 1300.79, 16.1955, 151.384, 2.7175, 7200, 0, 0, 100, 0, NULL, NULL, NULL, NULL, '', NULL, 59466),
(@CGUID+150, 192050, 2444, 13644, 13944, '0', 0, 0, 0, -1, 0, 0, 1245.86, 5.09924, 151.257, 4.0224, 7200, 0, 0, 100, 0, NULL, NULL, NULL, NULL, '', NULL, 59466),
(@CGUID+151, 192050, 2444, 13644, 13944, '0', 0, 0, 0, -1, 0, 0, 1424.92, 24.5275, 162.504, 0.0115199, 7200, 0, 0, 100, 0, NULL, NULL, NULL, NULL, '', NULL, 59466),
(@CGUID+152, 193729, 2444, 13644, 13944, '0', 0, 0, 0, -1, 0, 0, 1336.47, 73.1177, 168.828, 0.494206, 7200, 0, 0, 100, 0, NULL, NULL, NULL, NULL, '', NULL, 59466),
(@CGUID+153, 193729, 2444, 13644, 13944, '0', 0, 0, 0, -1, 0, 0, 1449.63, 46.7575, 162.675, 2.75927, 7200, 0, 0, 100, 0, NULL, NULL, NULL, NULL, '', NULL, 59466),
(@CGUID+154, 195120, 2444, 13644, 13944, '0', 0, 0, 0, -1, 0, 0, 1767.85, 276.154, 319.762, 2.63253, 7200, 0, 0, 100, 0, NULL, NULL, NULL, NULL, '', NULL, 59466),
(@CGUID+155, 189093, 2444, 13644, 13944, '0', 0, 0, 0, -1, 0, 0, 1415.1, 79.166, 160.715, 4.20931, 7200, 0, 0, 100, 0, NULL, NULL, NULL, NULL, '', NULL, 59466),
(@CGUID+156, 189439, 2444, 13644, 13944, '0', 0, 0, 0, -1, 0, 0, 1497.89, 29.9168, 162.278, 2.08133, 7200, 0, 0, 100, 0, NULL, NULL, NULL, NULL, '', NULL, 59466),
(@CGUID+157, 15475, 2444, 13644, 13944, '0', 0, 0, 0, -1, 0, 0, 1450.1, 113.853, 154.78, 3.96703, 7200, 0, 0, 100, 0, NULL, NULL, NULL, NULL, '', NULL, 59466),
(@CGUID+158, 193729, 2444, 13644, 13944, '0', 0, 0, 0, -1, 0, 0, 1477.71, 89.6063, 162.9, 3.76321, 7200, 0, 0, 100, 0, NULL, NULL, NULL, NULL, '', NULL, 59466),
(@CGUID+159, 195120, 2444, 13644, 13944, '0', 0, 0, 0, -1, 0, 0, 1870.38, 206.185, 252.827, 4.85532, 7200, 0, 0, 100, 0, NULL, NULL, NULL, NULL, '', NULL, 59466),
(@CGUID+160, 192168, 2444, 13644, 13944, '0', 0, 0, 0, -1, 0, 0, 1527.57, -19.9946, 204.249, 3.50246, 7200, 0, 0, 100, 0, NULL, NULL, NULL, NULL, '', NULL, 59466),
(@CGUID+161, 189439, 2444, 13644, 13944, '0', 0, 0, 0, -1, 0, 0, 1500.16, 97.1297, 160.879, 3.62399, 7200, 0, 0, 100, 0, NULL, NULL, NULL, NULL, '', NULL, 59466),
(@CGUID+162, 192103, 2444, 13644, 13944, '0', 0, 0, 0, -1, 0, 0, 1492.57, -14.4649, 202.297, 4.16408, 7200, 0, 0, 100, 0, NULL, NULL, NULL, NULL, '', NULL, 59466),
(@CGUID+163, 192103, 2444, 13644, 13944, '0', 0, 0, 0, -1, 0, 0, 1466.23, -43.4809, 216.627, 5.73684, 7200, 0, 0, 100, 0, NULL, NULL, NULL, NULL, '', NULL, 59466),
(@CGUID+164, 207567, 2444, 13644, 13944, '0', 0, 0, 0, -1, 0, 0, 1529.86, 112.949, 135.526, 2.20215, 7200, 0, 0, 100, 0, NULL, NULL, NULL, NULL, '', NULL, 59466),
(@CGUID+165, 207567, 2444, 13644, 13944, '0', 0, 0, 0, -1, 0, 0, 1529.23, 108.72, 137.636, 6.09268, 7200, 0, 0, 100, 0, NULL, NULL, NULL, NULL, '', NULL, 59466),
(@CGUID+166, 192103, 2444, 13644, 13944, '0', 0, 0, 0, -1, 0, 0, 1532.56, -6.10798, 202.412, 3.98239, 7200, 0, 0, 100, 0, NULL, NULL, NULL, NULL, '', NULL, 59466),
(@CGUID+167, 207567, 2444, 13644, 13944, '0', 0, 0, 0, -1, 0, 0, 1521.32, 111.107, 139.729, 2.06205, 7200, 0, 0, 100, 0, NULL, NULL, NULL, NULL, '', NULL, 59466),
(@CGUID+168, 207567, 2444, 13644, 13944, '0', 0, 0, 0, -1, 0, 0, 1518.02, 107.994, 141.892, 2.77197, 7200, 0, 0, 100, 0, NULL, NULL, NULL, NULL, '', NULL, 59466),
(@CGUID+169, 207567, 2444, 13644, 13944, '0', 0, 0, 0, -1, 0, 0, 1520.55, 112.971, 139.625, 4.06772, 7200, 0, 0, 100, 0, NULL, NULL, NULL, NULL, '', NULL, 59466),
(@CGUID+170, 189439, 2444, 13644, 13944, '0', 0, 0, 0, -1, 0, 0, 1555.37, 64.5469, 128.93, 1.19852, 7200, 0, 0, 100, 0, NULL, NULL, NULL, NULL, '', NULL, 59466),
(@CGUID+171, 207567, 2444, 13644, 13944, '0', 0, 0, 0, -1, 0, 0, 1558.25, 76.0978, 126.543, 4.62438, 7200, 0, 0, 100, 0, NULL, NULL, NULL, NULL, '', NULL, 59466),
(@CGUID+172, 207567, 2444, 13644, 13944, '0', 0, 0, 0, -1, 0, 0, 1551.63, 96.4842, 129.801, 4.87274, 7200, 0, 0, 100, 0, NULL, NULL, NULL, NULL, '', NULL, 59466),
(@CGUID+173, 207567, 2444, 13644, 13944, '0', 0, 0, 0, -1, 0, 0, 1515.67, 111.877, 141.412, 1.71827, 7200, 0, 0, 100, 0, NULL, NULL, NULL, NULL, '', NULL, 59466),
(@CGUID+174, 193752, 2444, 13644, 13944, '0', 0, 0, 0, -1, 0, 0, 1539.85, 140.587, 136.878, 0.768278, 7200, 0, 0, 100, 0, NULL, NULL, NULL, NULL, '', NULL, 59466),
(@CGUID+175, 207567, 2444, 13644, 13944, '0', 0, 0, 0, -1, 0, 0, 1544.96, 94.791, 132.852, 3.14159, 7200, 0, 0, 100, 0, NULL, NULL, NULL, NULL, '', NULL, 59466),
(@CGUID+176, 207567, 2444, 13644, 13944, '0', 0, 0, 0, -1, 0, 0, 1553.66, 78.2671, 127.467, 2.51567, 7200, 0, 0, 100, 0, NULL, NULL, NULL, NULL, '', NULL, 59466),
(@CGUID+177, 207567, 2444, 13644, 13944, '0', 0, 0, 0, -1, 0, 0, 1556.62, 80.4627, 127.355, 5.41964, 7200, 0, 0, 100, 0, NULL, NULL, NULL, NULL, '', NULL, 59466),
(@CGUID+178, 207567, 2444, 13644, 13944, '0', 0, 0, 0, -1, 0, 0, 1547.48, 99.0694, 131.596, 4.03841, 7200, 0, 0, 100, 0, NULL, NULL, NULL, NULL, '', NULL, 59466),
(@CGUID+179, 207567, 2444, 13644, 13944, '0', 0, 0, 0, -1, 0, 0, 1544.52, 97.4549, 133.188, 0, 7200, 0, 0, 100, 0, NULL, NULL, NULL, NULL, '', NULL, 59466),
(@CGUID+180, 207567, 2444, 13644, 13944, '0', 0, 0, 0, -1, 0, 0, 1553.32, 78.2182, 127.592, 0.793685, 7200, 0, 0, 100, 0, NULL, NULL, NULL, NULL, '', NULL, 59466),
(@CGUID+181, 207567, 2444, 13644, 13944, '0', 0, 0, 0, -1, 0, 0, 1524.98, 135.894, 139.361, 4.23789, 7200, 0, 0, 100, 0, NULL, NULL, NULL, NULL, '', NULL, 59466),
(@CGUID+182, 207567, 2444, 13644, 13944, '0', 0, 0, 0, -1, 0, 0, 1526.59, 143.346, 140.843, 5.33207, 7200, 0, 0, 100, 0, NULL, NULL, NULL, NULL, '', NULL, 59466),
(@CGUID+183, 207567, 2444, 13644, 13944, '0', 0, 0, 0, -1, 0, 0, 1530.76, 107.951, 137.481, 3.44914, 7200, 0, 0, 100, 0, NULL, NULL, NULL, NULL, '', NULL, 59466),
(@CGUID+184, 193729, 2444, 13644, 13944, '0', 0, 0, 0, -1, 0, 0, 1527.64, 136.349, 138.91, 0.202672, 7200, 0, 0, 100, 0, NULL, NULL, NULL, NULL, '', NULL, 59466),
(@CGUID+185, 207567, 2444, 13644, 13944, '0', 0, 0, 0, -1, 0, 0, 1521.92, 138.646, 140.532, 4.18755, 7200, 0, 0, 100, 0, NULL, NULL, NULL, NULL, '', NULL, 59466),
(@CGUID+186, 207567, 2444, 13644, 13944, '0', 0, 0, 0, -1, 0, 0, 1529.31, 106.311, 138.156, 3.57271, 7200, 0, 0, 100, 0, NULL, NULL, NULL, NULL, '', NULL, 59466),
(@CGUID+187, 195120, 2444, 13644, 13944, '0', 0, 0, 0, -1, 0, 0, 1887.21, 327.148, 266.153, 1.65233, 7200, 0, 0, 100, 0, NULL, NULL, NULL, NULL, '', NULL, 59466);

-- creature addon
DELETE FROM `creature_addon` WHERE `guid` BETWEEN @CGUID+1 AND @CGUID+187;
INSERT INTO `creature_addon` (`guid`, `PathId`, `mount`, `MountCreatureID`, `StandState`, `AnimTier`, `VisFlags`, `SheathState`, `PvPFlags`, `emote`, `aiAnimKit`, `movementAnimKit`, `meleeAnimKit`, `visibilityDistanceType`, `auras`) VALUES 
(@CGUID+1, 0, 0, 0, 0, 0, 0, 1, 0, 0, 0, 0, 0, 0, ''),
(@CGUID+2, 0, 0, 0, 0, 0, 0, 1, 0, 0, 0, 0, 0, 0, '375812 375720'),
(@CGUID+3, 0, 0, 0, 0, 0, 0, 1, 0, 0, 0, 0, 0, 0, ''),
(@CGUID+4, 0, 0, 0, 0, 0, 0, 1, 0, 0, 0, 0, 0, 0, ''),
(@CGUID+5, 0, 0, 0, 0, 0, 0, 1, 0, 0, 0, 0, 0, 0, ''),
(@CGUID+6, 0, 0, 0, 0, 0, 0, 1, 0, 0, 0, 0, 0, 0, ''),
(@CGUID+7, 0, 0, 0, 0, 0, 0, 1, 0, 0, 0, 0, 0, 0, ''),
(@CGUID+8, 0, 0, 0, 0, 0, 0, 1, 0, 0, 0, 0, 0, 0, '375720'),
(@CGUID+9, 0, 0, 0, 0, 0, 0, 1, 0, 0, 0, 0, 0, 0, '375720'),
(@CGUID+10, 0, 0, 0, 0, 0, 0, 1, 0, 0, 0, 0, 0, 0, '375599'),
(@CGUID+11, 0, 0, 0, 0, 0, 0, 1, 0, 0, 0, 0, 0, 0, '99203'),
(@CGUID+12, 0, 0, 0, 0, 0, 0, 1, 0, 0, 0, 0, 0, 0, ''),
(@CGUID+13, 0, 0, 0, 0, 0, 0, 1, 0, 0, 0, 0, 0, 0, '99203 375720'),
(@CGUID+14, 0, 0, 0, 0, 0, 0, 1, 0, 0, 0, 0, 0, 0, '99203'),
(@CGUID+15, 0, 0, 0, 0, 0, 0, 1, 0, 0, 0, 0, 0, 0, ''),
(@CGUID+16, 0, 0, 0, 0, 3, 0, 1, 0, 0, 0, 0, 0, 0, ''),
(@CGUID+17, 0, 0, 0, 0, 0, 0, 1, 0, 0, 0, 0, 0, 0, ''),
(@CGUID+18, 0, 0, 0, 0, 0, 0, 1, 0, 0, 0, 0, 0, 0, ''),
(@CGUID+19, 0, 0, 0, 0, 0, 0, 1, 0, 0, 0, 0, 0, 0, ''),
(@CGUID+20, 0, 0, 0, 0, 0, 0, 1, 0, 0, 0, 0, 0, 0, ''),
(@CGUID+21, 0, 0, 0, 0, 0, 0, 1, 0, 0, 0, 0, 0, 0, ''),
(@CGUID+22, 0, 0, 0, 0, 0, 0, 1, 0, 0, 0, 0, 0, 0, '99203'),
(@CGUID+23, 0, 0, 0, 0, 3, 0, 1, 0, 0, 0, 0, 0, 0, '155893'),
(@CGUID+24, 0, 0, 0, 0, 0, 0, 1, 0, 0, 0, 0, 0, 0, ''),
(@CGUID+25, 0, 0, 0, 0, 0, 0, 1, 0, 0, 0, 0, 0, 0, ''),
(@CGUID+26, 0, 0, 0, 0, 0, 0, 1, 0, 0, 0, 0, 0, 0, ''),
(@CGUID+27, 0, 0, 0, 0, 0, 0, 1, 0, 0, 0, 0, 0, 0, ''),
(@CGUID+28, 0, 0, 0, 0, 0, 0, 1, 0, 0, 0, 0, 0, 0, ''),
(@CGUID+29, 0, 0, 0, 0, 0, 0, 1, 0, 0, 0, 0, 0, 0, ''),
(@CGUID+30, 0, 0, 0, 0, 0, 0, 1, 0, 0, 0, 0, 0, 0, ''),
(@CGUID+31, 0, 0, 0, 0, 0, 0, 1, 0, 0, 0, 0, 0, 0, ''),
(@CGUID+32, 0, 0, 0, 0, 0, 0, 1, 0, 0, 0, 0, 0, 0, ''),
(@CGUID+33, 0, 0, 0, 0, 0, 0, 1, 0, 0, 0, 0, 0, 0, ''),
(@CGUID+34, 0, 0, 0, 0, 0, 0, 1, 0, 0, 0, 0, 0, 0, ''),
(@CGUID+35, 0, 0, 0, 0, 0, 0, 1, 0, 0, 0, 0, 0, 0, ''),
(@CGUID+36, 0, 0, 0, 0, 0, 0, 1, 0, 0, 0, 0, 0, 0, '99203'),
(@CGUID+37, 0, 0, 0, 0, 0, 0, 1, 0, 0, 0, 0, 0, 0, ''),
(@CGUID+38, 0, 0, 0, 0, 0, 0, 1, 0, 0, 0, 0, 0, 0, ''),
(@CGUID+39, 0, 0, 0, 0, 0, 0, 1, 0, 617, 0, 0, 0, 0, '99203'),
(@CGUID+40, 0, 0, 0, 0, 3, 0, 1, 0, 0, 0, 0, 0, 0, '377480'),
(@CGUID+41, 0, 0, 0, 0, 3, 0, 1, 0, 0, 0, 0, 0, 0, '377480'),
(@CGUID+42, 0, 0, 0, 0, 0, 0, 1, 0, 0, 0, 0, 0, 0, ''),
(@CGUID+43, 0, 0, 0, 0, 0, 0, 1, 0, 0, 0, 0, 0, 0, ''),
(@CGUID+44, 0, 0, 0, 0, 0, 0, 1, 0, 0, 0, 0, 0, 0, ''),
(@CGUID+45, 0, 0, 0, 0, 0, 0, 1, 0, 0, 25624, 0, 0, 0, ''),
(@CGUID+46, 0, 0, 0, 0, 0, 0, 1, 0, 0, 0, 0, 0, 0, '420130 214027 413766 329535 431605 285707 465 344218'),
(@CGUID+47, 0, 0, 0, 0, 0, 0, 1, 0, 0, 0, 0, 0, 0, ''),
(@CGUID+48, 0, 0, 0, 0, 0, 0, 1, 0, 0, 0, 0, 0, 0, ''),
(@CGUID+49, 0, 0, 0, 0, 0, 0, 1, 0, 0, 0, 0, 0, 0, ''),
(@CGUID+50, 0, 0, 0, 0, 0, 0, 1, 0, 0, 0, 0, 0, 0, ''),
(@CGUID+51, 0, 0, 0, 0, 0, 0, 1, 0, 0, 0, 0, 0, 0, '369834'),
(@CGUID+52, 0, 0, 0, 0, 0, 0, 1, 0, 0, 0, 0, 0, 0, ''),
(@CGUID+53, 0, 0, 0, 0, 0, 0, 1, 0, 0, 0, 0, 0, 0, ''),
(@CGUID+54, 0, 0, 0, 0, 0, 0, 1, 0, 0, 0, 0, 0, 0, ''),
(@CGUID+55, 0, 0, 0, 0, 0, 0, 1, 0, 0, 0, 0, 0, 0, ''),
(@CGUID+56, 0, 0, 0, 0, 0, 0, 1, 0, 0, 0, 0, 0, 0, '375720'),
(@CGUID+57, 0, 0, 0, 0, 0, 0, 1, 0, 0, 0, 0, 0, 0, '375720'),
(@CGUID+58, 0, 0, 0, 0, 3, 0, 1, 0, 0, 0, 0, 0, 0, ''),
(@CGUID+59, 0, 0, 0, 0, 0, 0, 1, 0, 0, 0, 0, 0, 0, '99203 375812 375720'),
(@CGUID+60, 0, 0, 0, 0, 0, 0, 1, 0, 0, 0, 0, 0, 0, '99203 375812 375720'),
(@CGUID+61, 0, 0, 0, 0, 0, 0, 1, 0, 0, 0, 0, 0, 0, '375599'),
(@CGUID+62, 0, 0, 0, 0, 0, 0, 1, 0, 0, 0, 0, 0, 0, '391245'),
(@CGUID+63, 0, 0, 0, 0, 0, 0, 1, 0, 0, 0, 0, 0, 0, '375720'),
(@CGUID+64, 0, 0, 0, 0, 0, 0, 1, 0, 0, 0, 0, 0, 0, '375720'),
(@CGUID+65, 0, 0, 0, 0, 0, 0, 1, 0, 0, 0, 0, 0, 0, ''),
(@CGUID+66, 0, 0, 0, 0, 0, 0, 1, 0, 0, 0, 0, 0, 0, ''),
(@CGUID+67, 0, 0, 0, 0, 0, 0, 1, 0, 0, 0, 0, 0, 0, ''),
(@CGUID+68, 0, 0, 0, 0, 3, 0, 1, 0, 0, 0, 0, 0, 0, ''),
(@CGUID+69, 0, 0, 0, 0, 0, 0, 1, 0, 0, 0, 0, 0, 0, '375720'),
(@CGUID+70, 0, 0, 0, 0, 0, 0, 1, 0, 0, 0, 0, 0, 0, '375720'),
(@CGUID+71, 0, 0, 0, 0, 0, 0, 1, 0, 0, 0, 0, 0, 0, '375720'),
(@CGUID+72, 0, 0, 0, 0, 0, 0, 1, 0, 0, 0, 0, 0, 0, '375720'),
(@CGUID+73, 0, 0, 0, 0, 0, 0, 1, 0, 0, 0, 0, 0, 0, ''),
(@CGUID+74, 0, 0, 0, 0, 0, 0, 1, 0, 0, 0, 0, 0, 0, ''),
(@CGUID+75, 0, 0, 0, 0, 0, 0, 1, 0, 0, 0, 0, 0, 0, ''),
(@CGUID+76, 0, 0, 0, 0, 0, 0, 1, 0, 0, 0, 0, 0, 0, ''),
(@CGUID+77, 0, 0, 0, 0, 0, 0, 1, 0, 0, 0, 0, 0, 0, ''),
(@CGUID+78, 0, 0, 0, 0, 0, 0, 1, 0, 0, 0, 0, 0, 0, ''),
(@CGUID+79, 0, 0, 0, 0, 0, 0, 1, 0, 0, 0, 0, 0, 0, ''),
(@CGUID+80, 0, 0, 0, 0, 0, 0, 1, 0, 0, 0, 0, 0, 0, ''),
(@CGUID+81, 0, 0, 0, 0, 0, 0, 1, 0, 0, 0, 0, 0, 0, ''),
(@CGUID+82, 0, 0, 0, 0, 0, 0, 1, 0, 0, 0, 0, 0, 0, ''),
(@CGUID+83, 0, 0, 0, 0, 0, 0, 1, 0, 0, 0, 0, 0, 0, ''),
(@CGUID+84, 0, 0, 0, 0, 0, 0, 1, 0, 27, 0, 0, 0, 0, '375720'),
(@CGUID+85, 0, 0, 0, 0, 0, 0, 1, 0, 0, 0, 0, 0, 0, ''),
(@CGUID+86, 0, 0, 0, 0, 0, 0, 1, 0, 0, 0, 0, 0, 0, ''),
(@CGUID+87, 0, 0, 0, 0, 0, 0, 1, 0, 0, 0, 0, 0, 0, ''),
(@CGUID+88, 0, 0, 0, 0, 0, 0, 1, 0, 0, 0, 0, 0, 0, ''),
(@CGUID+89, 0, 0, 0, 0, 0, 0, 1, 0, 0, 0, 0, 0, 0, ''),
(@CGUID+90, 0, 0, 0, 0, 0, 0, 1, 0, 27, 0, 0, 0, 0, ''),
(@CGUID+91, 0, 0, 0, 0, 0, 0, 1, 0, 27, 0, 0, 0, 0, ''),
(@CGUID+92, 0, 0, 0, 0, 0, 0, 1, 0, 0, 0, 0, 0, 0, ''),
(@CGUID+93, 0, 0, 0, 0, 0, 0, 1, 0, 0, 0, 0, 0, 0, ''),
(@CGUID+94, 0, 0, 0, 0, 0, 0, 1, 0, 0, 0, 0, 0, 0, ''),
(@CGUID+95, 0, 0, 0, 0, 0, 0, 1, 0, 0, 0, 0, 0, 0, ''),
(@CGUID+96, 0, 0, 0, 0, 0, 0, 1, 0, 0, 0, 0, 0, 0, ''),
(@CGUID+97, 0, 0, 0, 0, 0, 0, 1, 0, 0, 0, 0, 0, 0, ''),
(@CGUID+98, 0, 0, 0, 0, 0, 0, 1, 0, 0, 0, 0, 0, 0, ''),
(@CGUID+99, 0, 0, 0, 0, 0, 0, 1, 0, 0, 0, 0, 0, 0, '375720'),
(@CGUID+100, 0, 0, 0, 0, 0, 0, 1, 0, 0, 0, 0, 0, 0, ''),
(@CGUID+101, 0, 0, 0, 0, 0, 0, 1, 0, 0, 0, 0, 0, 0, ''),
(@CGUID+102, 0, 0, 0, 0, 3, 0, 1, 0, 0, 0, 0, 0, 0, ''),
(@CGUID+103, 0, 0, 0, 0, 0, 0, 1, 0, 0, 0, 0, 0, 0, '99203'),
(@CGUID+104, 0, 0, 0, 0, 0, 0, 1, 0, 333, 0, 0, 0, 0, '155893'),
(@CGUID+105, 0, 0, 0, 0, 0, 0, 1, 0, 0, 0, 0, 0, 0, ''),
(@CGUID+106, 0, 0, 0, 0, 0, 0, 1, 0, 0, 0, 0, 0, 0, ''),
(@CGUID+107, 0, 0, 0, 0, 0, 0, 1, 0, 0, 0, 0, 0, 0, ''),
(@CGUID+108, 0, 0, 0, 0, 0, 0, 1, 0, 0, 0, 0, 0, 0, ''),
(@CGUID+109, 0, 0, 0, 0, 0, 0, 1, 0, 0, 0, 0, 0, 0, ''),
(@CGUID+110, 0, 0, 0, 0, 0, 0, 1, 0, 0, 0, 0, 0, 0, ''),
(@CGUID+111, 0, 0, 0, 0, 0, 0, 1, 0, 0, 0, 0, 0, 0, ''),
(@CGUID+112, 0, 0, 0, 0, 0, 0, 1, 0, 0, 0, 0, 0, 0, '99203'),
(@CGUID+113, 0, 0, 0, 0, 3, 0, 1, 0, 0, 0, 0, 0, 0, ''),
(@CGUID+114, 0, 0, 0, 0, 0, 0, 1, 0, 0, 0, 0, 0, 0, ''),
(@CGUID+115, 0, 0, 0, 0, 0, 0, 1, 0, 333, 0, 0, 0, 0, '280552'),
(@CGUID+116, 0, 0, 0, 0, 0, 0, 1, 0, 0, 0, 0, 0, 0, ''),
(@CGUID+117, 0, 0, 0, 0, 0, 0, 1, 0, 0, 0, 0, 0, 0, ''),
(@CGUID+118, 0, 0, 0, 0, 0, 0, 1, 0, 0, 0, 0, 0, 0, ''),
(@CGUID+119, 0, 0, 0, 0, 0, 0, 1, 0, 0, 0, 0, 0, 0, ''),
(@CGUID+120, 0, 0, 0, 0, 0, 0, 1, 0, 0, 0, 0, 0, 0, ''),
(@CGUID+121, 0, 0, 0, 0, 0, 0, 1, 0, 333, 0, 0, 0, 0, ''),
(@CGUID+122, 0, 0, 0, 0, 0, 0, 1, 0, 438, 0, 0, 0, 0, ''),
(@CGUID+123, 0, 0, 0, 0, 0, 0, 1, 0, 0, 0, 0, 0, 0, ''),
(@CGUID+124, 0, 0, 0, 0, 0, 0, 1, 0, 0, 0, 0, 0, 0, ''),
(@CGUID+125, 0, 0, 0, 0, 0, 0, 1, 0, 0, 0, 0, 0, 0, '155893'),
(@CGUID+126, 0, 0, 0, 0, 0, 0, 1, 0, 0, 0, 0, 0, 0, ''),
(@CGUID+127, 0, 0, 0, 0, 0, 0, 1, 0, 0, 0, 0, 0, 0, ''),
(@CGUID+128, 0, 0, 0, 0, 0, 0, 1, 0, 0, 0, 0, 0, 0, ''),
(@CGUID+129, 0, 0, 0, 0, 0, 0, 1, 0, 0, 0, 0, 0, 0, ''),
(@CGUID+130, 0, 0, 0, 0, 0, 0, 1, 0, 333, 0, 0, 0, 0, ''),
(@CGUID+131, 0, 0, 0, 0, 0, 0, 1, 0, 27, 0, 0, 0, 0, ''),
(@CGUID+132, 0, 0, 0, 0, 0, 0, 1, 0, 0, 0, 0, 0, 0, '99203'),
(@CGUID+133, 0, 0, 0, 0, 0, 0, 1, 0, 0, 0, 0, 0, 0, ''),
(@CGUID+134, 0, 0, 0, 0, 0, 0, 1, 0, 27, 0, 0, 0, 0, ''),
(@CGUID+135, 0, 0, 0, 0, 0, 0, 1, 0, 0, 0, 0, 0, 0, ''),
(@CGUID+136, 0, 0, 0, 0, 0, 0, 1, 0, 0, 0, 0, 0, 0, '155893'),
(@CGUID+137, 0, 0, 0, 0, 0, 0, 1, 0, 0, 0, 0, 0, 0, '267221'),
(@CGUID+138, 0, 0, 0, 0, 0, 0, 1, 0, 0, 0, 0, 0, 0, '155893'),
(@CGUID+139, 0, 0, 0, 0, 0, 0, 1, 0, 0, 0, 0, 0, 0, '155893'),
(@CGUID+140, 0, 0, 0, 0, 0, 0, 1, 0, 0, 0, 0, 0, 0, ''),
(@CGUID+141, 0, 0, 0, 0, 0, 0, 1, 0, 0, 0, 0, 0, 0, ''),
(@CGUID+142, 0, 0, 0, 0, 0, 0, 1, 0, 0, 0, 0, 0, 0, ''),
(@CGUID+143, 0, 0, 0, 0, 0, 0, 1, 0, 0, 0, 0, 0, 0, ''),
(@CGUID+144, 0, 0, 0, 0, 0, 0, 1, 0, 0, 0, 0, 0, 0, ''),
(@CGUID+145, 0, 0, 0, 0, 0, 0, 1, 0, 0, 0, 0, 0, 0, '375720'),
(@CGUID+146, 0, 0, 0, 0, 0, 0, 1, 0, 0, 0, 0, 0, 0, ''),
(@CGUID+147, 0, 0, 0, 0, 0, 0, 1, 0, 0, 0, 0, 0, 0, '375720'),
(@CGUID+148, 0, 0, 0, 0, 0, 0, 1, 0, 0, 0, 0, 0, 0, '375720'),
(@CGUID+149, 0, 0, 0, 0, 0, 0, 1, 0, 0, 0, 0, 0, 0, ''),
(@CGUID+150, 0, 0, 0, 0, 0, 0, 1, 0, 0, 0, 0, 0, 0, ''),
(@CGUID+151, 0, 0, 0, 0, 0, 0, 1, 0, 0, 0, 0, 0, 0, ''),
(@CGUID+152, 0, 0, 0, 0, 0, 0, 1, 0, 0, 0, 0, 0, 0, ''),
(@CGUID+153, 0, 0, 0, 0, 0, 0, 1, 0, 0, 0, 0, 0, 0, ''),
(@CGUID+154, 0, 0, 0, 0, 3, 0, 1, 0, 0, 0, 0, 0, 4, ''),
(@CGUID+155, 0, 0, 0, 0, 0, 0, 1, 0, 0, 0, 0, 0, 0, ''),
(@CGUID+156, 0, 0, 0, 0, 3, 0, 1, 0, 0, 0, 0, 0, 0, ''),
(@CGUID+157, 0, 0, 0, 0, 0, 0, 1, 0, 0, 0, 0, 0, 0, ''),
(@CGUID+158, 0, 0, 0, 0, 0, 0, 1, 0, 0, 0, 0, 0, 0, ''),
(@CGUID+159, 0, 0, 0, 0, 3, 0, 1, 0, 0, 0, 0, 0, 4, ''),
(@CGUID+160, 0, 0, 0, 0, 0, 0, 1, 0, 0, 0, 0, 0, 0, ''),
(@CGUID+161, 0, 0, 0, 0, 3, 0, 1, 0, 0, 0, 0, 0, 0, ''),
(@CGUID+162, 0, 0, 0, 0, 0, 0, 1, 0, 0, 0, 0, 0, 0, ''),
(@CGUID+163, 0, 0, 0, 0, 0, 0, 1, 0, 0, 0, 0, 0, 0, ''),
(@CGUID+164, 0, 0, 0, 0, 0, 0, 1, 0, 0, 0, 0, 0, 0, ''),
(@CGUID+165, 0, 0, 0, 0, 0, 0, 1, 0, 0, 0, 0, 0, 0, ''),
(@CGUID+166, 0, 0, 0, 0, 0, 0, 1, 0, 0, 0, 0, 0, 0, ''),
(@CGUID+167, 0, 0, 0, 0, 0, 0, 1, 0, 0, 0, 0, 0, 0, ''),
(@CGUID+168, 0, 0, 0, 0, 0, 0, 1, 0, 0, 0, 0, 0, 0, ''),
(@CGUID+169, 0, 0, 0, 0, 0, 0, 1, 0, 0, 0, 0, 0, 0, ''),
(@CGUID+170, 0, 0, 0, 0, 3, 0, 1, 0, 0, 0, 0, 0, 0, ''),
(@CGUID+171, 0, 0, 0, 0, 0, 0, 1, 0, 0, 0, 0, 0, 0, ''),
(@CGUID+172, 0, 0, 0, 0, 0, 0, 1, 0, 0, 0, 0, 0, 0, ''),
(@CGUID+173, 0, 0, 0, 0, 0, 0, 1, 0, 0, 0, 0, 0, 0, ''),
(@CGUID+174, 0, 0, 0, 0, 0, 0, 1, 0, 0, 0, 0, 0, 0, ''),
(@CGUID+175, 0, 0, 0, 0, 0, 0, 1, 0, 0, 0, 0, 0, 0, ''),
(@CGUID+176, 0, 0, 0, 0, 0, 0, 1, 0, 0, 0, 0, 0, 0, ''),
(@CGUID+177, 0, 0, 0, 0, 0, 0, 1, 0, 0, 0, 0, 0, 0, ''),
(@CGUID+178, 0, 0, 0, 0, 0, 0, 1, 0, 0, 0, 0, 0, 0, ''),
(@CGUID+179, 0, 0, 0, 0, 0, 0, 1, 0, 0, 0, 0, 0, 0, ''),
(@CGUID+180, 0, 0, 0, 0, 0, 0, 1, 0, 0, 0, 0, 0, 0, ''),
(@CGUID+181, 0, 0, 0, 0, 0, 0, 1, 0, 0, 0, 0, 0, 0, ''),
(@CGUID+182, 0, 0, 0, 0, 0, 0, 1, 0, 0, 0, 0, 0, 0, ''),
(@CGUID+183, 0, 0, 0, 0, 0, 0, 1, 0, 0, 0, 0, 0, 0, ''),
(@CGUID+184, 0, 0, 0, 0, 0, 0, 1, 0, 0, 0, 0, 0, 0, ''),
(@CGUID+185, 0, 0, 0, 0, 0, 0, 1, 0, 0, 0, 0, 0, 0, ''),
(@CGUID+186, 0, 0, 0, 0, 0, 0, 1, 0, 0, 0, 0, 0, 0, ''),
(@CGUID+187, 0, 0, 0, 0, 3, 0, 1, 0, 0, 0, 0, 0, 4, '');

-- creature template addon
DELETE FROM `creature_template_addon` WHERE `entry` IN(15475,187075,187079,187082,187083,187084,187089,187090,187097,187101,187102,187107,187108,187117,187129,187211,189093,189107,189439,191315,192050,192058,192103,192168,193218,193729,193752,194829,195120,196376,196811,207567,213611);

INSERT INTO `creature_template_addon` (`entry`, `PathId`, `mount`, `MountCreatureID`, `StandState`, `AnimTier`, `VisFlags`, `SheathState`, `PvPFlags`, `emote`, `aiAnimKit`, `movementAnimKit`, `meleeAnimKit`, `visibilityDistanceType`, `auras`) VALUES 
(15475, 0, 0, 0, 0, 0, 0, 1, 0, 0, 0, 0, 0, 0, ''),
(187075, 0, 0, 0, 0, 0, 0, 1, 0, 0, 0, 0, 0, 0, '155893'),
(187079, 0, 0, 0, 0, 0, 0, 1, 0, 0, 0, 0, 0, 0, ''),
(187082, 0, 0, 0, 0, 0, 0, 1, 0, 0, 0, 0, 0, 0, '375720'),
(187083, 0, 0, 0, 0, 0, 0, 1, 0, 0, 0, 0, 0, 0, '99203 375720'),
(187084, 0, 0, 0, 0, 0, 0, 1, 0, 0, 0, 0, 0, 0, '369834'),
(187089, 0, 0, 0, 0, 0, 0, 1, 0, 0, 0, 0, 0, 0, '267221'),
(187090, 0, 0, 0, 0, 0, 0, 1, 0, 0, 0, 0, 0, 0, ''),
(187097, 0, 0, 0, 0, 0, 0, 1, 0, 0, 0, 0, 0, 0, ''),
(187101, 0, 0, 0, 0, 0, 0, 1, 0, 0, 0, 0, 0, 0, ''),
(187102, 0, 0, 0, 0, 0, 0, 1, 0, 0, 0, 0, 0, 0, '42716 57416 155893'),
(187107, 0, 0, 0, 0, 3, 0, 1, 0, 0, 0, 0, 0, 0, ''),
(187108, 0, 0, 0, 0, 3, 0, 1, 0, 0, 0, 0, 0, 0, '155893'),
(187117, 0, 0, 0, 0, 0, 0, 1, 0, 0, 0, 0, 0, 0, '280552'),
(187129, 0, 0, 0, 0, 0, 0, 1, 0, 0, 0, 0, 0, 0, ''),
(187211, 0, 0, 0, 0, 3, 0, 1, 0, 0, 0, 0, 0, 0, ''),
(189093, 0, 0, 0, 0, 0, 0, 1, 0, 0, 0, 0, 0, 0, ''),
(189107, 0, 0, 0, 0, 0, 0, 1, 0, 0, 0, 0, 0, 0, ''),
(189439, 0, 0, 0, 0, 3, 0, 1, 0, 0, 0, 0, 0, 0, ''),
(191315, 0, 0, 0, 0, 0, 0, 1, 0, 0, 0, 0, 0, 0, '375599'),
(192050, 0, 0, 0, 0, 0, 0, 1, 0, 0, 0, 0, 0, 0, ''),
(192058, 0, 0, 0, 0, 0, 0, 1, 0, 0, 0, 0, 0, 0, ''),
(192103, 0, 0, 0, 0, 0, 0, 1, 0, 0, 0, 0, 0, 0, ''),
(192168, 0, 0, 0, 0, 0, 0, 1, 0, 0, 0, 0, 0, 0, ''),
(193218, 0, 0, 0, 0, 3, 0, 1, 0, 0, 0, 0, 0, 0, '377480'),
(193729, 0, 0, 0, 0, 0, 0, 1, 0, 0, 0, 0, 0, 0, ''),
(193752, 0, 0, 0, 3, 0, 0, 1, 0, 0, 0, 0, 0, 0, ''),
(194829, 0, 0, 0, 0, 0, 0, 1, 0, 0, 0, 0, 0, 0, ''),
(195120, 0, 0, 0, 0, 3, 0, 1, 0, 0, 0, 0, 0, 4, ''),
(196376, 0, 0, 0, 0, 0, 0, 1, 0, 0, 25624, 0, 0, 0, ''),
(196811, 0, 0, 0, 0, 0, 0, 1, 0, 0, 0, 0, 0, 0, ''),
(207567, 0, 0, 0, 0, 0, 0, 1, 0, 0, 0, 0, 0, 0, ''),
(213611, 0, 0, 0, 0, 0, 0, 1, 0, 0, 0, 0, 0, 0, '420130 214027 413766 329535 431605 285707 465 344218');

-- creature template difficulty
UPDATE `creature_template_difficulty` SET `ContentTuningID`=81, `StaticFlags1` = 0, `StaticFlags2` = 0, `StaticFlags3` = 0 WHERE `Entry` = 15475;
UPDATE `creature_template_difficulty` SET `ContentTuningID`=2279, `StaticFlags1` = 268435456, `StaticFlags2` = 0, `StaticFlags3` = 0 WHERE `Entry` = 187075;
UPDATE `creature_template_difficulty` SET `ContentTuningID`=2279, `StaticFlags1` = 268435456, `StaticFlags2` = 0, `StaticFlags3` = 0 WHERE `Entry` = 187079;
UPDATE `creature_template_difficulty` SET `ContentTuningID`=2279, `StaticFlags1` = 268435456, `StaticFlags2` = 0, `StaticFlags3` = 0 WHERE `Entry` = 187082;
UPDATE `creature_template_difficulty` SET `ContentTuningID`=2279, `StaticFlags1` = 268435456, `StaticFlags2` = 0, `StaticFlags3` = 0 WHERE `Entry` = 187083;
UPDATE `creature_template_difficulty` SET `ContentTuningID`=2279, `StaticFlags1` = 268435456, `StaticFlags2` = 0, `StaticFlags3` = 0 WHERE `Entry` = 187084;
UPDATE `creature_template_difficulty` SET `ContentTuningID`=2279, `StaticFlags1` = 268435456, `StaticFlags2` = 0, `StaticFlags3` = 0 WHERE `Entry` = 187089;
UPDATE `creature_template_difficulty` SET `ContentTuningID`=2279, `StaticFlags1` = 268435456, `StaticFlags2` = 0, `StaticFlags3` = 0 WHERE `Entry` = 187090;
UPDATE `creature_template_difficulty` SET `ContentTuningID`=2279, `StaticFlags1` = 268435456, `StaticFlags2` = 0, `StaticFlags3` = 0 WHERE `Entry` = 187097;
UPDATE `creature_template_difficulty` SET `ContentTuningID`=2279, `StaticFlags1` = 268435456, `StaticFlags2` = 0, `StaticFlags3` = 0 WHERE `Entry` = 187101;
UPDATE `creature_template_difficulty` SET `ContentTuningID`=2279, `StaticFlags1` = 268435712, `StaticFlags2` = 0, `StaticFlags3` = 0 WHERE `Entry` = 187102;
UPDATE `creature_template_difficulty` SET `ContentTuningID`=2279, `StaticFlags1` = 805306368, `StaticFlags2` = 0, `StaticFlags3` = 0 WHERE `Entry` = 187107;
UPDATE `creature_template_difficulty` SET `ContentTuningID`=2279, `StaticFlags1` = 805306368, `StaticFlags2` = 0, `StaticFlags3` = 0 WHERE `Entry` = 187108;
UPDATE `creature_template_difficulty` SET `ContentTuningID`=2279, `StaticFlags1` = 268435456, `StaticFlags2` = 0, `StaticFlags3` = 0 WHERE `Entry` = 187117;
UPDATE `creature_template_difficulty` SET `ContentTuningID`=2151, `StaticFlags1` = 805306368, `StaticFlags2` = 0, `StaticFlags3` = 0 WHERE `Entry` = 187129;
UPDATE `creature_template_difficulty` SET `ContentTuningID`=2280, `StaticFlags1` = 805306624, `StaticFlags2` = 0, `StaticFlags3` = 0 WHERE `Entry` = 187211;
UPDATE `creature_template_difficulty` SET `ContentTuningID`=371, `StaticFlags1` = 268435456, `StaticFlags2` = 0, `StaticFlags3` = 0 WHERE `Entry` = 189093;
UPDATE `creature_template_difficulty` SET `ContentTuningID`=371, `StaticFlags1` = 268435456, `StaticFlags2` = 0, `StaticFlags3` = 0 WHERE `Entry` = 189107;
UPDATE `creature_template_difficulty` SET `ContentTuningID`=81, `StaticFlags1` = 805306368, `StaticFlags2` = 0, `StaticFlags3` = 0 WHERE `Entry` = 189439;
UPDATE `creature_template_difficulty` SET `ContentTuningID`=2279, `StaticFlags1` = 268435456, `StaticFlags2` = 0, `StaticFlags3` = 0 WHERE `Entry` = 191315;
UPDATE `creature_template_difficulty` SET `ContentTuningID`=371, `StaticFlags1` = 268435456, `StaticFlags2` = 0, `StaticFlags3` = 0 WHERE `Entry` = 192050;
UPDATE `creature_template_difficulty` SET `ContentTuningID`=371, `StaticFlags1` = 268435456, `StaticFlags2` = 0, `StaticFlags3` = 0 WHERE `Entry` = 192058;
UPDATE `creature_template_difficulty` SET `ContentTuningID`=371, `StaticFlags1` = 268435456, `StaticFlags2` = 0, `StaticFlags3` = 0 WHERE `Entry` = 192103;
UPDATE `creature_template_difficulty` SET `ContentTuningID`=2151, `StaticFlags1` = 268435456, `StaticFlags2` = 0, `StaticFlags3` = 0 WHERE `Entry` = 192168;
UPDATE `creature_template_difficulty` SET `ContentTuningID`=2151, `StaticFlags1` = 536871168, `StaticFlags2` = 0, `StaticFlags3` = 0 WHERE `Entry` = 193218;
UPDATE `creature_template_difficulty` SET `ContentTuningID`=2466, `StaticFlags1` = 268435456, `StaticFlags2` = 0, `StaticFlags3` = 0 WHERE `Entry` = 193729;
UPDATE `creature_template_difficulty` SET `ContentTuningID`=2466, `StaticFlags1` = 268435456, `StaticFlags2` = 0, `StaticFlags3` = 0 WHERE `Entry` = 193752;
UPDATE `creature_template_difficulty` SET `ContentTuningID`=2474, `StaticFlags1` = 268435456, `StaticFlags2` = 0, `StaticFlags3` = 0 WHERE `Entry` = 194829;
UPDATE `creature_template_difficulty` SET `ContentTuningID`=2151, `StaticFlags1` = 805306368, `StaticFlags2` = 0, `StaticFlags3` = 0 WHERE `Entry` = 195120;
UPDATE `creature_template_difficulty` SET `ContentTuningID`=2279, `StaticFlags1` = 268435456, `StaticFlags2` = 0, `StaticFlags3` = 0 WHERE `Entry` = 196376;
UPDATE `creature_template_difficulty` SET `ContentTuningID`=2078, `StaticFlags1` = 536871168, `StaticFlags2` = 0, `StaticFlags3` = 0 WHERE `Entry` = 196811;
UPDATE `creature_template_difficulty` SET `ContentTuningID`=2078, `StaticFlags1` = 268435456, `StaticFlags2` = 0, `StaticFlags3` = 0 WHERE `Entry` = 207567;
UPDATE `creature_template_difficulty` SET `ContentTuningID`=2702, `StaticFlags1` = 268435456, `StaticFlags2` = 0, `StaticFlags3` = 0 WHERE `Entry` = 213611;

-- creature template
UPDATE `creature_template` SET `faction`=188, `npcflag` = 0, `unit_flags` = 0, `unit_flags2` = 2048, `unit_flags3` = 0 WHERE `entry` = 15475;
UPDATE `creature_template` SET `faction`=3320, `npcflag` = 0, `unit_flags` = 0, `unit_flags2` = 2048, `unit_flags3` = 0 WHERE `entry` = 187075;
UPDATE `creature_template` SET `faction`=3320, `npcflag` = 0, `unit_flags` = 0, `unit_flags2` = 2048, `unit_flags3` = 0 WHERE `entry` = 187079;
UPDATE `creature_template` SET `faction`=3320, `npcflag` = 0, `unit_flags` = 64, `unit_flags2` = 2048, `unit_flags3` = 0 WHERE `entry` = 187082;
UPDATE `creature_template` SET `faction`=3320, `npcflag` = 0, `unit_flags` = 0, `unit_flags2` = 2048, `unit_flags3` = 0 WHERE `entry` = 187083;
UPDATE `creature_template` SET `faction`=3320, `npcflag` = 0, `unit_flags` = 0, `unit_flags2` = 2048, `unit_flags3` = 0 WHERE `entry` = 187084;
UPDATE `creature_template` SET `faction`=3320, `npcflag` = 0, `unit_flags` = 0, `unit_flags2` = 2048, `unit_flags3` = 0 WHERE `entry` = 187089;
UPDATE `creature_template` SET `faction`=3320, `npcflag` = 0, `unit_flags` = 64, `unit_flags2` = 2048, `unit_flags3` = 0 WHERE `entry` = 187090;
UPDATE `creature_template` SET `faction`=3278, `npcflag` = 0, `unit_flags` = 64, `unit_flags2` = 2048, `unit_flags3` = 0 WHERE `entry` = 187097;
UPDATE `creature_template` SET `faction`=3277, `npcflag` = 0, `unit_flags` = 64, `unit_flags2` = 2048, `unit_flags3` = 0 WHERE `entry` = 187101;
UPDATE `creature_template` SET `faction`=1665, `npcflag` = 0, `unit_flags` = 64, `unit_flags2` = 2048, `unit_flags3` = 0 WHERE `entry` = 187102;
UPDATE `creature_template` SET `faction`=3278, `npcflag` = 0, `unit_flags` = 64, `unit_flags2` = 2048, `unit_flags3` = 0 WHERE `entry` = 187107;
UPDATE `creature_template` SET `faction`=3278, `npcflag` = 0, `unit_flags` = 64, `unit_flags2` = 2048, `unit_flags3` = 0 WHERE `entry` = 187108;
UPDATE `creature_template` SET `faction`=3278, `npcflag` = 0, `unit_flags` = 0, `unit_flags2` = 2048, `unit_flags3` = 0 WHERE `entry` = 187117;
UPDATE `creature_template` SET `faction`=3276, `npcflag` = 2, `unit_flags` = 832, `unit_flags2` = 2048, `unit_flags3` = 0 WHERE `entry` = 187129;
UPDATE `creature_template` SET `faction`=3320, `npcflag` = 0, `unit_flags` = 64, `unit_flags2` = 2048, `unit_flags3` = 0 WHERE `entry` = 187211;
UPDATE `creature_template` SET `faction`=188, `npcflag` = 1073741824, `unit_flags` = 512, `unit_flags2` = 2048, `unit_flags3` = 0 WHERE `entry` = 189093;
UPDATE `creature_template` SET `faction`=188, `npcflag` = 1073741824, `unit_flags` = 512, `unit_flags2` = 2048, `unit_flags3` = 0 WHERE `entry` = 189107;
UPDATE `creature_template` SET `faction`=188, `npcflag` = 0, `unit_flags` = 0, `unit_flags2` = 2048, `unit_flags3` = 0 WHERE `entry` = 189439;
UPDATE `creature_template` SET `faction`=3320, `npcflag` = 0, `unit_flags` = 0, `unit_flags2` = 2048, `unit_flags3` = 1 WHERE `entry` = 191315;
UPDATE `creature_template` SET `faction`=188, `npcflag` = 0, `unit_flags` = 512, `unit_flags2` = 2048, `unit_flags3` = 0 WHERE `entry` = 192050;
UPDATE `creature_template` SET `faction`=188, `npcflag` = 0, `unit_flags` = 512, `unit_flags2` = 2048, `unit_flags3` = 0 WHERE `entry` = 192058;
UPDATE `creature_template` SET `faction`=188, `npcflag` = 0, `unit_flags` = 512, `unit_flags2` = 2048, `unit_flags3` = 0 WHERE `entry` = 192103;
UPDATE `creature_template` SET `faction`=190, `npcflag` = 0, `unit_flags` = 0, `unit_flags2` = 2048, `unit_flags3` = 67108864 WHERE `entry` = 192168;
UPDATE `creature_template` SET `faction`=14, `npcflag` = 0, `unit_flags` = 33554432, `unit_flags2` = 67110912, `unit_flags3` = 1073741824 WHERE `entry` = 193218;
UPDATE `creature_template` SET `faction`=2136, `npcflag` = 0, `unit_flags` = 0, `unit_flags2` = 2048, `unit_flags3` = 0 WHERE `entry` = 193729;
UPDATE `creature_template` SET `faction`=190, `npcflag` = 0, `unit_flags` = 0, `unit_flags2` = 2048, `unit_flags3` = 67108864 WHERE `entry` = 193752;
UPDATE `creature_template` SET `faction`=35, `npcflag` = 1, `unit_flags` = 256, `unit_flags2` = 2048, `unit_flags3` = 0 WHERE `entry` = 194829;
UPDATE `creature_template` SET `faction`=3276, `npcflag` = 0, `unit_flags` = 768, `unit_flags2` = 2048, `unit_flags3` = 0 WHERE `entry` = 195120;
UPDATE `creature_template` SET `faction`=35, `npcflag` = 1, `unit_flags` = 768, `unit_flags2` = 2048, `unit_flags3` = 0 WHERE `entry` = 196376;
UPDATE `creature_template` SET `faction`=35, `npcflag` = 0, `unit_flags` = 33555200, `unit_flags2` = 67110912, `unit_flags3` = 1073741825 WHERE `entry` = 196811;
UPDATE `creature_template` SET `faction`=2136, `npcflag` = 0, `unit_flags` = 0, `unit_flags2` = 2048, `unit_flags3` = 67108864 WHERE `entry` = 207567;
UPDATE `creature_template` SET `faction`=35, `npcflag` = 1, `unit_flags` = 0, `unit_flags2` = 0, `unit_flags3` = 0 WHERE `entry` = 213611;
