-- DB/WakingShores Map 2444 (Dragon Isles) Zone: 13644 (The Waking Shores) Area: 13716 (The Overflowing Spring)

SET @CGUID := 9018600;
SET @OGUID := 9018600;

-- creature
DELETE FROM `creature` WHERE `guid` BETWEEN @CGUID+1 AND @CGUID+67;
INSERT INTO `creature` (`guid`, `id`, `map`, `zoneId`, `areaId`, `spawnDifficulties`, `phaseUseFlags`, `PhaseId`, `PhaseGroup`, `terrainSwapMap`, `modelid`, `equipment_id`, `position_x`, `position_y`, `position_z`, `orientation`, `spawntimesecs`, `wander_distance`, `currentwaypoint`, `curHealthPct`, `MovementType`, `npcflag`, `unit_flags`, `unit_flags2`, `unit_flags3`, `ScriptName`, `StringId`, `VerifiedBuild`) VALUES 
(@CGUID+1, 191798, 2444, 13644, 13716, '0', 0, 0, 0, -1, 0, 0, 2651.8, 904.689, 322.695, 5.21228, 7200, 10, 0, 100, 1, NULL, NULL, NULL, NULL, '', NULL, 59466),
(@CGUID+2, 187442, 2444, 13644, 13716, '0', 0, 0, 0, -1, 0, 0, 2691.42, 845.789, 357.685, 4.59394, 7200, 10, 0, 100, 1, NULL, NULL, NULL, NULL, '', NULL, 59466),
(@CGUID+3, 192463, 2444, 13644, 13716, '0', 0, 0, 0, -1, 0, 0, 2641.14, 814.662, 331.247, 1.16308, 7200, 10, 0, 100, 1, NULL, NULL, NULL, NULL, '', NULL, 59466),
(@CGUID+4, 192457, 2444, 13644, 13716, '0', 0, 0, 0, -1, 0, 0, 2595.63, 779.628, 333.075, 1.90402, 7200, 0, 0, 100, 0, NULL, NULL, NULL, NULL, '', NULL, 59466),
(@CGUID+5, 192456, 2444, 13644, 13716, '0', 0, 0, 0, -1, 0, 0, 2664.76, 835.12, 330.873, 3.34835, 7200, 10, 0, 100, 1, NULL, NULL, NULL, NULL, '', NULL, 59466),
(@CGUID+6, 191796, 2444, 13644, 13716, '0', 0, 0, 0, -1, 0, 0, 2639.4, 848.729, 331.398, 3.9773, 7200, 10, 0, 100, 1, NULL, NULL, NULL, NULL, '', NULL, 59466),
(@CGUID+7, 192463, 2444, 13644, 13716, '0', 0, 0, 0, -1, 0, 0, 2636.9, 810.055, 331.469, 3.59112, 7200, 10, 0, 100, 1, NULL, NULL, NULL, NULL, '', NULL, 59466),
(@CGUID+8, 192463, 2444, 13644, 13716, '0', 0, 0, 0, -1, 0, 0, 2639.81, 814.006, 331.261, 0.925342, 7200, 10, 0, 100, 1, NULL, NULL, NULL, NULL, '', NULL, 59466),
(@CGUID+9, 192463, 2444, 13644, 13716, '0', 0, 0, 0, -1, 0, 0, 2551.48, 833.71, 329.199, 3.4207, 7200, 10, 0, 100, 1, NULL, NULL, NULL, NULL, '', NULL, 59466),
(@CGUID+10, 192463, 2444, 13644, 13716, '0', 0, 0, 0, -1, 0, 0, 2636.62, 811.159, 331.4, 3.80581, 7200, 10, 0, 100, 1, NULL, NULL, NULL, NULL, '', NULL, 59466),
(@CGUID+11, 190363, 2444, 13644, 13716, '0', 0, 0, 0, -1, 0, 0, 2539.96, 811.882, 341.352, 0.600716, 7200, 0, 0, 100, 0, NULL, NULL, NULL, NULL, '', NULL, 59466),
(@CGUID+12, 191796, 2444, 13644, 13716, '0', 0, 0, 0, -1, 0, 0, 2615.62, 801.562, 331.934, 5.71445, 7200, 10, 0, 100, 1, NULL, NULL, NULL, NULL, '', NULL, 59466),
(@CGUID+13, 191796, 2444, 13644, 13716, '0', 0, 0, 0, -1, 0, 0, 2546.34, 823.2, 330.794, 3.4707, 7200, 10, 0, 100, 1, NULL, NULL, NULL, NULL, '', NULL, 59466),
(@CGUID+14, 192456, 2444, 13644, 13716, '0', 0, 0, 0, -1, 0, 0, 2514.81, 808.217, 329.761, 2.96275, 7200, 0, 0, 100, 0, NULL, NULL, NULL, NULL, '', NULL, 59466),
(@CGUID+15, 192456, 2444, 13644, 13716, '0', 0, 0, 0, -1, 0, 0, 2604.05, 803.936, 330.681, 4.0267, 7200, 0, 0, 100, 0, NULL, NULL, NULL, NULL, '', NULL, 59466),
(@CGUID+16, 192463, 2444, 13644, 13716, '0', 0, 0, 0, -1, 0, 0, 2554.14, 830.417, 330.101, 4.22559, 7200, 10, 0, 100, 1, NULL, NULL, NULL, NULL, '', NULL, 59466),
(@CGUID+17, 192463, 2444, 13644, 13716, '0', 0, 0, 0, -1, 0, 0, 2555.18, 833.423, 329.829, 4.15678, 7200, 10, 0, 100, 1, NULL, NULL, NULL, NULL, '', NULL, 59466),
(@CGUID+18, 187442, 2444, 13644, 13716, '0', 0, 0, 0, -1, 0, 0, 2549.32, 773.221, 388.248, 1.56135, 7200, 10, 0, 100, 1, NULL, NULL, NULL, NULL, '', NULL, 59466),
(@CGUID+19, 191796, 2444, 13644, 13716, '0', 0, 0, 0, -1, 0, 0, 2531.92, 771.776, 330.672, 5.44203, 7200, 0, 0, 100, 0, NULL, NULL, NULL, NULL, '', NULL, 59466),
(@CGUID+20, 192462, 2444, 13644, 13716, '0', 0, 0, 0, -1, 0, 0, 2421.81, 708.995, 331.98, 5.46306, 7200, 0, 0, 100, 0, NULL, NULL, NULL, NULL, '', NULL, 59466),
(@CGUID+21, 192456, 2444, 13644, 13716, '0', 0, 0, 0, -1, 0, 0, 2535.29, 783.505, 330.816, 0.824196, 7200, 0, 0, 100, 0, NULL, NULL, NULL, NULL, '', NULL, 59466),
(@CGUID+22, 192462, 2444, 13644, 13716, '0', 0, 0, 0, -1, 0, 0, 2493.36, 692.179, 342.277, 1.05383, 7200, 0, 0, 100, 0, NULL, NULL, NULL, NULL, '', NULL, 59466),
(@CGUID+23, 192457, 2444, 13644, 13716, '0', 0, 0, 0, -1, 0, 0, 2438.28, 748.632, 329.532, 0, 7200, 0, 0, 100, 0, NULL, NULL, NULL, NULL, '', NULL, 59466),
(@CGUID+24, 191796, 2444, 13644, 13716, '0', 0, 0, 0, -1, 0, 0, 2421.02, 755.26, 329.771, 1.47496, 7200, 0, 0, 100, 0, NULL, NULL, NULL, NULL, '', NULL, 59466),
(@CGUID+25, 191796, 2444, 13644, 13716, '0', 0, 0, 0, -1, 0, 0, 2434.19, 722.483, 330.56, 2.87979, 7200, 0, 0, 100, 0, NULL, NULL, NULL, NULL, '', NULL, 59466),
(@CGUID+26, 192463, 2444, 13644, 13716, '0', 0, 0, 0, -1, 0, 0, 2447.07, 752.132, 329.94, 1.56979, 7200, 10, 0, 100, 1, NULL, NULL, NULL, NULL, '', NULL, 59466),
(@CGUID+27, 187442, 2444, 13644, 13716, '0', 0, 0, 0, -1, 0, 0, 2461.61, 741.274, 375.232, 1.91581, 7200, 0, 0, 100, 0, NULL, NULL, NULL, NULL, '', NULL, 59466),
(@CGUID+28, 192462, 2444, 13644, 13716, '0', 0, 0, 0, -1, 0, 0, 2510.82, 659.485, 313.029, 3.33231, 7200, 0, 0, 100, 0, NULL, NULL, NULL, NULL, '', NULL, 59466),
(@CGUID+29, 192463, 2444, 13644, 13716, '0', 0, 0, 0, -1, 0, 0, 2446.35, 744.69, 329.805, 5.01384, 7200, 0, 0, 100, 0, NULL, NULL, NULL, NULL, '', NULL, 59466),
(@CGUID+30, 192463, 2444, 13644, 13716, '0', 0, 0, 0, -1, 0, 0, 2443.16, 751.018, 329.63, 2.49118, 7200, 10, 0, 100, 1, NULL, NULL, NULL, NULL, '', NULL, 59466),
(@CGUID+31, 192463, 2444, 13644, 13716, '0', 0, 0, 0, -1, 0, 0, 2444.41, 745.447, 330.019, 5.00367, 7200, 0, 0, 100, 0, NULL, NULL, NULL, NULL, '', NULL, 59466),
(@CGUID+32, 192463, 2444, 13644, 13716, '0', 0, 0, 0, -1, 0, 0, 2460.93, 704.907, 343.726, 2.24825, 7200, 0, 0, 100, 0, NULL, NULL, NULL, NULL, '', NULL, 59466),
(@CGUID+33, 191796, 2444, 13644, 13716, '0', 0, 0, 0, -1, 0, 0, 2503.81, 695.629, 340.131, 5.79003, 7200, 0, 0, 100, 0, NULL, NULL, NULL, NULL, '', NULL, 59466),
(@CGUID+34, 192463, 2444, 13644, 13716, '0', 0, 0, 0, -1, 0, 0, 2536.06, 705.397, 327.528, 2.28228, 7200, 0, 0, 100, 0, NULL, NULL, NULL, NULL, '', NULL, 59466),
(@CGUID+35, 191796, 2444, 13644, 13716, '0', 0, 0, 0, -1, 0, 0, 2458.84, 697.874, 343.6, 3.71911, 7200, 0, 0, 100, 0, NULL, NULL, NULL, NULL, '', NULL, 59466),
(@CGUID+36, 192463, 2444, 13644, 13716, '0', 0, 0, 0, -1, 0, 0, 2462.86, 702.207, 343.712, 3.91387, 7200, 0, 0, 100, 0, NULL, NULL, NULL, NULL, '', NULL, 59466),
(@CGUID+37, 192456, 2444, 13644, 13716, '0', 0, 0, 0, -1, 0, 0, 2503.74, 698.451, 339.762, 0.775881, 7200, 0, 0, 100, 0, NULL, NULL, NULL, NULL, '', NULL, 59466),
(@CGUID+38, 192456, 2444, 13644, 13716, '0', 0, 0, 0, -1, 0, 0, 2463.11, 704.212, 343.809, 5.10017, 7200, 0, 0, 100, 0, NULL, NULL, NULL, NULL, '', NULL, 59466),
(@CGUID+39, 192462, 2444, 13644, 13716, '0', 0, 0, 0, -1, 0, 0, 2587.87, 684.089, 315.866, 3.37923, 7200, 0, 0, 100, 0, NULL, NULL, NULL, NULL, '', NULL, 59466),
(@CGUID+40, 192463, 2444, 13644, 13716, '0', 0, 0, 0, -1, 0, 0, 2465.64, 703.137, 343.752, 5.58656, 7200, 0, 0, 100, 0, NULL, NULL, NULL, NULL, '', NULL, 59466),
(@CGUID+41, 192457, 2444, 13644, 13716, '0', 0, 0, 0, -1, 0, 0, 2541.66, 692.896, 327.868, 4.99798, 7200, 0, 0, 100, 0, NULL, NULL, NULL, NULL, '', NULL, 59466),
(@CGUID+42, 192463, 2444, 13644, 13716, '0', 0, 0, 0, -1, 0, 0, 2461.7, 701.719, 343.716, 3.66254, 7200, 0, 0, 100, 0, NULL, NULL, NULL, NULL, '', NULL, 59466),
(@CGUID+43, 198100, 2444, 13644, 13716, '0', 0, 0, 0, -1, 0, 0, 2383.44, 643.557, 352.915, 6.27728, 7200, 0, 0, 100, 0, NULL, NULL, NULL, NULL, '', NULL, 59466),
(@CGUID+44, 192463, 2444, 13644, 13716, '0', 0, 0, 0, -1, 0, 0, 2536.86, 702.425, 327.528, 3.77513, 7200, 0, 0, 100, 0, NULL, NULL, NULL, NULL, '', NULL, 59466),
(@CGUID+45, 192463, 2444, 13644, 13716, '0', 0, 0, 0, -1, 0, 0, 2538.65, 705.234, 327.678, 2.06851, 7200, 0, 0, 100, 0, NULL, NULL, NULL, NULL, '', NULL, 59466),
(@CGUID+46, 192457, 2444, 13644, 13716, '0', 0, 0, 0, -1, 0, 0, 2498.94, 631.021, 315.573, 4.88662, 7200, 0, 0, 100, 0, NULL, NULL, NULL, NULL, '', NULL, 59466),
(@CGUID+47, 191796, 2444, 13644, 13716, '0', 0, 0, 0, -1, 0, 0, 2545.26, 713.212, 329.251, 0, 7200, 0, 0, 100, 0, NULL, NULL, NULL, NULL, '', NULL, 59466),
(@CGUID+48, 192463, 2444, 13644, 13716, '0', 0, 0, 0, -1, 0, 0, 2535.92, 702.297, 327.528, 2.85887, 7200, 10, 0, 100, 1, NULL, NULL, NULL, NULL, '', NULL, 59466),
(@CGUID+49, 191796, 2444, 13644, 13716, '0', 0, 0, 0, -1, 0, 0, 2563.6, 677.673, 315.792, 1.9292, 7200, 0, 0, 100, 0, NULL, NULL, NULL, NULL, '', NULL, 59466),
(@CGUID+50, 187442, 2444, 13644, 13716, '0', 0, 0, 0, -1, 0, 0, 2531.68, 679.874, 358.664, 1.84644, 7200, 0, 0, 100, 0, NULL, NULL, NULL, NULL, '', NULL, 59466),
(@CGUID+51, 192463, 2444, 13644, 13716, '0', 0, 0, 0, -1, 0, 0, 2513.39, 653.863, 313.063, 5.10477, 7200, 0, 0, 100, 0, NULL, NULL, NULL, NULL, '', NULL, 59466),
(@CGUID+52, 187863, 2444, 13644, 13716, '0', 0, 0, 0, -1, 0, 0, 2571.95, 745.486, 358.451, 2.31884, 7200, 0, 0, 100, 0, NULL, NULL, NULL, NULL, '', NULL, 59466),
(@CGUID+53, 192463, 2444, 13644, 13716, '0', 0, 0, 0, -1, 0, 0, 2512.35, 654.19, 313.069, 3.7724, 7200, 0, 0, 100, 0, NULL, NULL, NULL, NULL, '', NULL, 59466),
(@CGUID+54, 187683, 2444, 13644, 13716, '0', 0, 0, 0, -1, 0, 0, 2572.71, 747.021, 358.444, 2.23973, 7200, 0, 0, 100, 0, NULL, NULL, NULL, NULL, '', NULL, 59466),
(@CGUID+55, 192463, 2444, 13644, 13716, '0', 0, 0, 0, -1, 0, 0, 2511.16, 652.72, 313.104, 3.85996, 7200, 0, 0, 100, 0, NULL, NULL, NULL, NULL, '', NULL, 59466),
(@CGUID+56, 192463, 2444, 13644, 13716, '0', 0, 0, 0, -1, 0, 0, 2512.18, 654.854, 313.048, 4.15773, 7200, 0, 0, 100, 0, NULL, NULL, NULL, NULL, '', NULL, 59466),
(@CGUID+57, 187683, 2444, 13644, 13716, '0', 0, 0, 0, -1, 0, 0, 2604.11, 741.995, 384.866, 5.70795, 7200, 0, 0, 100, 0, NULL, NULL, NULL, NULL, '', NULL, 59466),
(@CGUID+58, 187863, 2444, 13644, 13716, '0', 0, 0, 0, -1, 0, 0, 2604, 741.408, 384.783, 0, 7200, 0, 0, 100, 0, NULL, NULL, NULL, NULL, '', NULL, 59466),
(@CGUID+59, 187863, 2444, 13644, 13716, '0', 0, 0, 0, -1, 0, 0, 2605.11, 737.612, 384.113, 2.11883, 7200, 0, 0, 100, 0, NULL, NULL, NULL, NULL, '', NULL, 59466),
(@CGUID+60, 191796, 2444, 13644, 13716, '0', 0, 0, 0, -1, 0, 0, 2526.38, 642.388, 315.154, 0.96873, 7200, 0, 0, 100, 0, NULL, NULL, NULL, NULL, '', NULL, 59466),
(@CGUID+61, 187683, 2444, 13644, 13716, '0', 0, 0, 0, -1, 0, 0, 2605.4, 743.04, 384.901, 2.43575, 7200, 0, 0, 100, 0, NULL, NULL, NULL, NULL, '', NULL, 59466),
(@CGUID+62, 187863, 2444, 13644, 13716, '0', 0, 0, 0, -1, 0, 0, 2611.8, 746.624, 384.745, 3.15233, 7200, 0, 0, 100, 0, NULL, NULL, NULL, NULL, '', NULL, 59466),
(@CGUID+63, 191798, 2444, 13644, 13716, '0', 0, 0, 0, -1, 0, 0, 2624.97, 691.254, 314.063, 1.01988, 7200, 0, 0, 100, 0, NULL, NULL, NULL, NULL, '', NULL, 59466),
(@CGUID+64, 187683, 2444, 13644, 13716, '0', 0, 0, 0, -1, 0, 0, 2617.97, 734.688, 382.716, 5.70795, 7200, 0, 0, 100, 0, NULL, NULL, NULL, NULL, '', NULL, 59466),
(@CGUID+65, 187863, 2444, 13644, 13716, '0', 0, 0, 0, -1, 0, 0, 2624.81, 744.618, 382.425, 2.15392, 7200, 0, 0, 100, 0, NULL, NULL, NULL, NULL, '', NULL, 59466),
(@CGUID+66, 191796, 2444, 13644, 13716, '0', 0, 0, 0, -1, 0, 0, 2658.66, 799.592, 329.915, 5.62845, 7200, 0, 0, 100, 0, NULL, NULL, NULL, NULL, '', NULL, 59466),
(@CGUID+67, 191798, 2444, 13644, 13716, '0', 0, 0, 0, -1, 0, 0, 2679.35, 921.181, 291.488, 2.55278, 7200, 0, 0, 100, 0, NULL, NULL, NULL, NULL, '', NULL, 59466);

-- creature addon
DELETE FROM `creature_addon` WHERE `guid` BETWEEN @CGUID+1 AND @CGUID+67;
INSERT INTO `creature_addon` (`guid`, `PathId`, `mount`, `MountCreatureID`, `StandState`, `AnimTier`, `VisFlags`, `SheathState`, `PvPFlags`, `emote`, `aiAnimKit`, `movementAnimKit`, `meleeAnimKit`, `visibilityDistanceType`, `auras`) VALUES 
(@CGUID+1, 0, 0, 0, 0, 0, 0, 1, 0, 0, 0, 0, 0, 0, ''),
(@CGUID+2, 0, 0, 0, 0, 3, 0, 1, 0, 0, 0, 0, 0, 0, ''),
(@CGUID+3, 0, 0, 0, 0, 0, 0, 1, 0, 0, 0, 0, 0, 0, ''),
(@CGUID+4, 0, 0, 0, 0, 0, 0, 1, 0, 0, 0, 0, 0, 0, ''),
(@CGUID+5, 0, 0, 0, 0, 0, 0, 1, 0, 0, 0, 0, 0, 0, ''),
(@CGUID+6, 0, 0, 0, 0, 0, 0, 1, 0, 0, 0, 0, 0, 0, ''),
(@CGUID+7, 0, 0, 0, 0, 0, 0, 1, 0, 0, 0, 0, 0, 0, ''),
(@CGUID+8, 0, 0, 0, 0, 0, 0, 1, 0, 0, 0, 0, 0, 0, ''),
(@CGUID+9, 0, 0, 0, 0, 0, 0, 1, 0, 0, 0, 0, 0, 0, ''),
(@CGUID+10, 0, 0, 0, 0, 0, 0, 1, 0, 0, 0, 0, 0, 0, ''),
(@CGUID+11, 0, 0, 0, 0, 0, 0, 1, 0, 0, 0, 0, 0, 0, ''),
(@CGUID+12, 0, 0, 0, 0, 0, 0, 1, 0, 0, 0, 0, 0, 0, ''),
(@CGUID+13, 0, 0, 0, 0, 0, 0, 1, 0, 0, 0, 0, 0, 0, ''),
(@CGUID+14, 0, 0, 0, 0, 0, 0, 1, 0, 0, 0, 0, 0, 0, ''),
(@CGUID+15, 0, 0, 0, 0, 0, 0, 1, 0, 0, 0, 0, 0, 0, ''),
(@CGUID+16, 0, 0, 0, 0, 0, 0, 1, 0, 0, 0, 0, 0, 0, ''),
(@CGUID+17, 0, 0, 0, 0, 0, 0, 1, 0, 0, 0, 0, 0, 0, ''),
(@CGUID+18, 0, 0, 0, 0, 3, 0, 1, 0, 0, 0, 0, 0, 0, ''),
(@CGUID+19, 0, 0, 0, 0, 0, 0, 1, 0, 0, 0, 0, 0, 0, ''),
(@CGUID+20, 0, 0, 0, 0, 0, 0, 1, 0, 0, 0, 0, 0, 0, ''),
(@CGUID+21, 0, 0, 0, 0, 0, 0, 1, 0, 0, 0, 0, 0, 0, ''),
(@CGUID+22, 0, 0, 0, 0, 0, 0, 1, 0, 0, 0, 0, 0, 0, ''),
(@CGUID+23, 0, 0, 0, 0, 0, 0, 1, 0, 0, 0, 0, 0, 0, ''),
(@CGUID+24, 0, 0, 0, 0, 0, 0, 1, 0, 0, 0, 0, 0, 0, ''),
(@CGUID+25, 0, 0, 0, 0, 0, 0, 1, 0, 0, 0, 0, 0, 0, ''),
(@CGUID+26, 0, 0, 0, 0, 0, 0, 1, 0, 0, 0, 0, 0, 0, ''),
(@CGUID+27, 0, 0, 0, 0, 3, 0, 1, 0, 0, 0, 0, 0, 0, ''),
(@CGUID+28, 0, 0, 0, 0, 0, 0, 1, 0, 0, 0, 0, 0, 0, ''),
(@CGUID+29, 0, 0, 0, 0, 0, 0, 1, 0, 0, 0, 0, 0, 0, ''),
(@CGUID+30, 0, 0, 0, 0, 0, 0, 1, 0, 0, 0, 0, 0, 0, ''),
(@CGUID+31, 0, 0, 0, 0, 0, 0, 1, 0, 0, 0, 0, 0, 0, ''),
(@CGUID+32, 0, 0, 0, 0, 0, 0, 1, 0, 0, 0, 0, 0, 0, ''),
(@CGUID+33, 0, 0, 0, 0, 0, 0, 1, 0, 0, 0, 0, 0, 0, ''),
(@CGUID+34, 0, 0, 0, 0, 0, 0, 1, 0, 0, 0, 0, 0, 0, ''),
(@CGUID+35, 0, 0, 0, 0, 0, 0, 1, 0, 0, 0, 0, 0, 0, ''),
(@CGUID+36, 0, 0, 0, 0, 0, 0, 1, 0, 0, 0, 0, 0, 0, ''),
(@CGUID+37, 0, 0, 0, 0, 0, 0, 1, 0, 0, 0, 0, 0, 0, ''),
(@CGUID+38, 0, 0, 0, 0, 0, 0, 1, 0, 0, 0, 0, 0, 0, ''),
(@CGUID+39, 0, 0, 0, 0, 0, 0, 1, 0, 0, 0, 0, 0, 0, ''),
(@CGUID+40, 0, 0, 0, 0, 0, 0, 1, 0, 0, 0, 0, 0, 0, ''),
(@CGUID+41, 0, 0, 0, 0, 0, 0, 1, 0, 0, 0, 0, 0, 0, ''),
(@CGUID+42, 0, 0, 0, 0, 0, 0, 1, 0, 0, 0, 0, 0, 0, ''),
(@CGUID+43, 0, 0, 0, 0, 3, 0, 1, 0, 0, 0, 0, 0, 0, ''),
(@CGUID+44, 0, 0, 0, 0, 0, 0, 1, 0, 0, 0, 0, 0, 0, ''),
(@CGUID+45, 0, 0, 0, 0, 0, 0, 1, 0, 0, 0, 0, 0, 0, ''),
(@CGUID+46, 0, 0, 0, 0, 0, 0, 1, 0, 0, 0, 0, 0, 0, ''),
(@CGUID+47, 0, 0, 0, 0, 0, 0, 1, 0, 0, 0, 0, 0, 0, ''),
(@CGUID+48, 0, 0, 0, 0, 0, 0, 1, 0, 0, 0, 0, 0, 0, ''),
(@CGUID+49, 0, 0, 0, 0, 0, 0, 1, 0, 0, 0, 0, 0, 0, ''),
(@CGUID+50, 0, 0, 0, 0, 3, 0, 1, 0, 0, 0, 0, 0, 0, ''),
(@CGUID+51, 0, 0, 0, 0, 0, 0, 1, 0, 0, 0, 0, 0, 0, ''),
(@CGUID+52, 0, 0, 0, 0, 0, 0, 1, 0, 0, 0, 0, 0, 0, ''),
(@CGUID+53, 0, 0, 0, 0, 0, 0, 1, 0, 0, 0, 0, 0, 0, ''),
(@CGUID+54, 0, 0, 0, 0, 0, 0, 1, 0, 0, 0, 0, 0, 0, ''),
(@CGUID+55, 0, 0, 0, 0, 0, 0, 1, 0, 0, 0, 0, 0, 0, ''),
(@CGUID+56, 0, 0, 0, 0, 0, 0, 1, 0, 0, 0, 0, 0, 0, ''),
(@CGUID+57, 0, 0, 0, 3, 0, 0, 1, 0, 0, 0, 0, 0, 0, ''),
(@CGUID+58, 0, 0, 0, 3, 0, 0, 1, 0, 0, 0, 0, 0, 0, ''),
(@CGUID+59, 0, 0, 0, 0, 0, 0, 1, 0, 0, 0, 0, 0, 0, ''),
(@CGUID+60, 0, 0, 0, 0, 0, 0, 1, 0, 0, 0, 0, 0, 0, ''),
(@CGUID+61, 0, 0, 0, 3, 0, 0, 1, 0, 0, 0, 0, 0, 0, ''),
(@CGUID+62, 0, 0, 0, 0, 0, 0, 1, 0, 0, 0, 0, 0, 0, ''),
(@CGUID+63, 0, 0, 0, 0, 0, 0, 1, 0, 0, 0, 0, 0, 0, ''),
(@CGUID+64, 0, 0, 0, 0, 0, 0, 1, 0, 0, 0, 0, 0, 0, ''),
(@CGUID+65, 0, 0, 0, 0, 0, 0, 1, 0, 0, 0, 0, 0, 0, ''),
(@CGUID+66, 0, 0, 0, 0, 0, 0, 1, 0, 0, 0, 0, 0, 0, ''),
(@CGUID+67, 0, 0, 0, 0, 0, 0, 1, 0, 0, 0, 0, 0, 0, '');

-- creature template addon
DELETE FROM `creature_template_addon` WHERE `entry` IN(187442,187683,187863,190363,191796,191798,192456,192457,192462,192463,198100);
INSERT INTO `creature_template_addon` (`entry`, `PathId`, `mount`, `MountCreatureID`, `StandState`, `AnimTier`, `VisFlags`, `SheathState`, `PvPFlags`, `emote`, `aiAnimKit`, `movementAnimKit`, `meleeAnimKit`, `visibilityDistanceType`, `auras`) VALUES 
(187442, 0, 0, 0, 0, 0, 0, 1, 0, 0, 0, 0, 0, 0, ''),
(187683, 0, 0, 0, 0, 0, 0, 1, 0, 0, 0, 0, 0, 0, ''),
(187863, 0, 0, 0, 0, 0, 0, 1, 0, 0, 0, 0, 0, 0, ''),
(190363, 0, 0, 0, 0, 0, 0, 1, 0, 0, 0, 0, 0, 0, '59562'),
(191796, 0, 0, 0, 0, 0, 0, 1, 0, 0, 0, 0, 0, 0, ''),
(191798, 0, 0, 0, 0, 0, 0, 1, 0, 0, 0, 0, 0, 0, ''),
(192456, 0, 0, 0, 0, 0, 0, 1, 0, 0, 0, 0, 0, 0, '363761'),
(192457, 0, 0, 0, 0, 0, 0, 1, 0, 0, 0, 0, 0, 0, '366306 367419'),
(192462, 0, 0, 0, 0, 0, 0, 1, 0, 0, 0, 0, 0, 0, ''),
(192463, 0, 0, 0, 0, 0, 0, 1, 0, 0, 0, 0, 0, 0, ''),
(198100, 0, 0, 0, 0, 3, 0, 1, 0, 0, 0, 0, 0, 0, '');

-- creature template
UPDATE `creature_template` SET `faction` = 2136, `npcflag` = 0, `unit_flags` = 0, `unit_flags2` = 2048, `unit_flags3` = 67108864, `VehicleId` = 0 WHERE `entry` = 187442;
UPDATE `creature_template` SET `faction` = 2136, `npcflag` = 0, `unit_flags` = 0, `unit_flags2` = 2048, `unit_flags3` = 67108864, `VehicleId` = 0 WHERE `entry` = 187683;
UPDATE `creature_template` SET `faction` = 188, `npcflag` = 0, `unit_flags` = 0, `unit_flags2` = 2048, `unit_flags3` = 0, `VehicleId` = 0 WHERE `entry` = 187863;
UPDATE `creature_template` SET `faction` = 35, `npcflag` = 0, `unit_flags` = 33555200, `unit_flags2` = 67110912, `unit_flags3` = 1073741825, `VehicleId` = 0 WHERE `entry` = 190363;
UPDATE `creature_template` SET `faction` = 188, `npcflag` = 0, `unit_flags` = 0, `unit_flags2` = 2048, `unit_flags3` = 0, `VehicleId` = 0 WHERE `entry` = 191796;
UPDATE `creature_template` SET `faction` = 188, `npcflag` = 0, `unit_flags` = 0, `unit_flags2` = 2048, `unit_flags3` = 0, `VehicleId` = 0 WHERE `entry` = 191798;
UPDATE `creature_template` SET `faction` = 3320, `npcflag` = 0, `unit_flags` = 0, `unit_flags2` = 2048, `unit_flags3` = 0, `VehicleId` = 0 WHERE `entry` = 192456;
UPDATE `creature_template` SET `faction` = 3308, `npcflag` = 0, `unit_flags` = 64, `unit_flags2` = 2048, `unit_flags3` = 0, `VehicleId` = 0 WHERE `entry` = 192457;
UPDATE `creature_template` SET `faction` = 3308, `npcflag` = 0, `unit_flags` = 64, `unit_flags2` = 2048, `unit_flags3` = 0, `VehicleId` = 0 WHERE `entry` = 192462;
UPDATE `creature_template` SET `faction` = 3308, `npcflag` = 0, `unit_flags` = 0, `unit_flags2` = 2048, `unit_flags3` = 0, `VehicleId` = 0 WHERE `entry` = 192463;
UPDATE `creature_template` SET `faction` = 35, `npcflag` = 0, `unit_flags` = 768, `unit_flags2` = 67110912, `unit_flags3` = 16777216, `VehicleId` = 0 WHERE `entry` = 198100;

-- creature template difficulty
UPDATE `creature_template_difficulty` SET `ContentTuningID` = 2151, `StaticFlags1` = 268435456, `StaticFlags2` = 0, `StaticFlags3` = 0 WHERE `Entry` = 187442;
UPDATE `creature_template_difficulty` SET `ContentTuningID` = 2151, `StaticFlags1` = 268435456, `StaticFlags2` = 0, `StaticFlags3` = 0 WHERE `Entry` = 187683;
UPDATE `creature_template_difficulty` SET `ContentTuningID` = 81, `StaticFlags1` = 268435456, `StaticFlags2` = 0, `StaticFlags3` = 0 WHERE `Entry` = 187863;
UPDATE `creature_template_difficulty` SET `ContentTuningID` = 2078, `StaticFlags1` = 536871168, `StaticFlags2` = 0, `StaticFlags3` = 0 WHERE `Entry` = 190363;
UPDATE `creature_template_difficulty` SET `ContentTuningID` = 81, `StaticFlags1` = 268435456, `StaticFlags2` = 0, `StaticFlags3` = 0 WHERE `Entry` = 191796;
UPDATE `creature_template_difficulty` SET `ContentTuningID` = 81, `StaticFlags1` = 268435456, `StaticFlags2` = 0, `StaticFlags3` = 0 WHERE `Entry` = 191798;
UPDATE `creature_template_difficulty` SET `ContentTuningID` = 2302, `StaticFlags1` = 268435456, `StaticFlags2` = 0, `StaticFlags3` = 0 WHERE `Entry` = 192456;
UPDATE `creature_template_difficulty` SET `ContentTuningID` = 2302, `StaticFlags1` = 268435456, `StaticFlags2` = 0, `StaticFlags3` = 0 WHERE `Entry` = 192457;
UPDATE `creature_template_difficulty` SET `ContentTuningID` = 2302, `StaticFlags1` = 268435456, `StaticFlags2` = 0, `StaticFlags3` = 0 WHERE `Entry` = 192462;
UPDATE `creature_template_difficulty` SET `ContentTuningID` = 2302, `StaticFlags1` = 268435456, `StaticFlags2` = 0, `StaticFlags3` = 0 WHERE `Entry` = 192463;
UPDATE `creature_template_difficulty` SET `ContentTuningID` = 2151, `StaticFlags1` = 536870912, `StaticFlags2` = 0, `StaticFlags3` = 0 WHERE `Entry` = 198100;
